n_estimators,max_depth,mse
1,1,0.0011560932776361321
2,1,0.0020020110062131517
3,1,0.0014605144448978286
4,1,0.0019329534005840174
5,1,0.0016810298628493886
6,1,0.0015632072686268634
7,1,0.0014642304981508283
8,1,0.0015859427426833735
9,1,0.0014338757469926251
10,1,0.0013148024724869622
11,1,0.0012931595753689694
12,1,0.0012182629338139445
13,1,0.0011696552068308156
14,1,0.001140815442821307
15,1,0.0013070349866010187
16,1,0.001289960658983826
17,1,0.0012361300142204133
18,1,0.0011985739976917355
19,1,0.00113808886724386
20,1,0.001123944297855909
21,1,0.0011056313694595935
22,1,0.00109136764826364
23,1,0.0010870607039830864
24,1,0.0012126751703511003
25,1,0.0011846706586158752
26,1,0.001160383630141105
27,1,0.0011486750078812992
28,1,0.0011255795646578817
29,1,0.0011088090114341111
30,1,0.0010935587217618117
31,1,0.0010719848153535488
32,1,0.0010564389131614172
33,1,0.0010487256464220684
34,1,0.0010350834174016803
35,1,0.001089761979926284
36,1,0.0011159270914675435
37,1,0.0011185042366686371
38,1,0.0010953270901574632
39,1,0.0010747387606405122
40,1,0.001064167049881297
41,1,0.001056986553738265
42,1,0.0011147075173517113
43,1,0.0011057604442603886
44,1,0.0010904754624369844
45,1,0.001138278425349309
46,1,0.0011232940328936643
47,1,0.001120452298762236
48,1,0.001108364608591884
49,1,0.0010995361772779594
50,1,0.0010886624175941776
51,1,0.0010860422745378531
52,1,0.001067587779642181
53,1,0.0010604157750565193
54,1,0.0010509476267619269
55,1,0.0010393493434126243
56,1,0.0010336352429306634
57,1,0.0010337944665988919
58,1,0.0010330790354189322
59,1,0.0010311303010869164
60,1,0.0010356078766944213
61,1,0.0010296027566421779
62,1,0.001025809558939918
63,1,0.0010576408041915158
64,1,0.001047248865591565
65,1,0.0010372050763139539
66,1,0.0010292469768345069
67,1,0.001022840619016246
68,1,0.0010182142163074346
69,1,0.0010110290248872573
70,1,0.0010407666755001157
71,1,0.0010348720616905546
72,1,0.0010638626333597705
73,1,0.0010567322749393995
74,1,0.0010759146733562348
75,1,0.0010645256993960658
76,1,0.001057714151779959
77,1,0.0010536781755501724
78,1,0.0010544541031617294
79,1,0.0010494133096956813
80,1,0.0010406195336386153
81,1,0.0010349445488360201
82,1,0.001023121413991409
83,1,0.0010203426536467973
84,1,0.0010178103992329287
85,1,0.0010306665174796192
86,1,0.0010325037417059986
87,1,0.0010327478975526122
88,1,0.0010599323438447987
89,1,0.0010629108109734093
90,1,0.001087985007348751
91,1,0.0010867110646881914
92,1,0.0011028623299474357
93,1,0.001098627972772352
94,1,0.0010909014359444722
95,1,0.001087764545260122
96,1,0.0010804989233393722
97,1,0.0010910880432820384
98,1,0.0010822732766811133
99,1,0.0010975132211402604
100,1,0.001096460587311968
1,2,0.0010648250284376916
2,2,0.0008366657407529715
3,2,0.0007069667793683505
4,2,0.0011660899879269095
5,2,0.0011105924947698
6,2,0.0011151357119058836
7,2,0.0010092321385560049
8,2,0.0009661141323909441
9,2,0.0009438549685135194
10,2,0.001133284266242545
11,2,0.0010503252675857636
12,2,0.0009017116364060832
13,2,0.0008435082158408802
14,2,0.0008444659002689149
15,2,0.0010130818383374451
16,2,0.0009802313301187433
17,2,0.0008950114647205888
18,2,0.000875184178641225
19,2,0.0008146835941489544
20,2,0.0008051921660724891
21,2,0.0007884580721169452
22,2,0.0007674758903443309
23,2,0.0007592408836075131
24,2,0.0009539117388221433
25,2,0.0009295451388817412
26,2,0.0009001342050469534
27,2,0.0008861083034259681
28,2,0.0008693955309741894
29,2,0.0008526345019672919
30,2,0.0008275526002692647
31,2,0.000817702373770175
32,2,0.0008023984990902361
33,2,0.0007909398460209946
34,2,0.0007851355349986592
35,2,0.0008256410028862893
36,2,0.0008146518156264581
37,2,0.0008094492668395146
38,2,0.0007948555662560678
39,2,0.0007839481495258518
40,2,0.0007739306748482345
41,2,0.0007681903082143961
42,2,0.0008182477121711941
43,2,0.0008149574337738278
44,2,0.0008082292299396993
45,2,0.0008524983659881473
46,2,0.000839048039747381
47,2,0.000844190430958698
48,2,0.0008331044717981189
49,2,0.0008225550604885599
50,2,0.000815056367461461
51,2,0.0008139518510742664
52,2,0.0008074437731930254
53,2,0.0007946486386243572
54,2,0.0007813668065923971
55,2,0.0007760590056374837
56,2,0.0007730790575836968
57,2,0.0007730821948712024
58,2,0.0007741594235150836
59,2,0.0007687380279353236
60,2,0.0007714973580359944
61,2,0.0007666836411409759
62,2,0.0007614634281546735
63,2,0.0007907302511752782
64,2,0.0007835689469477122
65,2,0.0007767945262722563
66,2,0.0007715858148787424
67,2,0.0007687830713887008
68,2,0.0007608323767254354
69,2,0.0007560903335878379
70,2,0.0007806870778562406
71,2,0.0007799764615862033
72,2,0.0008081113713947149
73,2,0.0007987508989213641
74,2,0.0007927062226198866
75,2,0.0007820471054994874
76,2,0.0007748419580715829
77,2,0.0007749142717713006
78,2,0.0007738995709206388
79,2,0.0007685930009130571
80,2,0.0007595568105074976
81,2,0.0007541415107434826
82,2,0.0007460626195092935
83,2,0.0007429382638819041
84,2,0.0007394349289394011
85,2,0.0007629707544850622
86,2,0.0007640669363582294
87,2,0.0007617234265226509
88,2,0.0007863018537789522
89,2,0.0008023160469257104
90,2,0.0008268227699036066
91,2,0.0008255887109987812
92,2,0.0008215061959377322
93,2,0.0008170873693747747
94,2,0.0008155735008829495
95,2,0.0008081901800244861
96,2,0.0008049073086877155
97,2,0.0008015450590177856
98,2,0.0007964788546944617
99,2,0.000794139751511189
100,2,0.0007963034104747768
1,3,0.0015208748479457544
2,3,0.0010086946823806813
3,3,0.0008818019986953424
4,3,0.0011289473900365343
5,3,0.0010970642912074484
6,3,0.001172868483217015
7,3,0.0011217995428194308
8,3,0.0010403514902758229
9,3,0.0009915593308388241
10,3,0.0011873374254669855
11,3,0.0011326856271779385
12,3,0.000949619383518067
13,3,0.0009107690662604019
14,3,0.0008769623600887145
15,3,0.0010416901086886903
16,3,0.0010038873008934388
17,3,0.0009175880913915072
18,3,0.0008808990614519023
19,3,0.0008258902012970902
20,3,0.0007685773542121671
21,3,0.0007607080685410855
22,3,0.0007353436726918969
23,3,0.0007290965130053323
24,3,0.0008373814356636721
25,3,0.0007982474608920948
26,3,0.000766494368624818
27,3,0.0007480837164765452
28,3,0.0007324021661953673
29,3,0.0007114631483927245
30,3,0.0006968778950155382
31,3,0.000679368050999616
32,3,0.0006716277075870975
33,3,0.0006574774114361338
34,3,0.0006509647383689201
35,3,0.0007076079204167397
36,3,0.000698809743260612
37,3,0.0006911800891201162
38,3,0.0006911486706128064
39,3,0.0006882961766335748
40,3,0.0006834393847689991
41,3,0.0006756093743701977
42,3,0.0007339328437837262
43,3,0.0007278969204828871
44,3,0.0007228424257483414
45,3,0.0007745404996251322
46,3,0.0007611217971221079
47,3,0.0007618737017697553
48,3,0.0007536799568300447
49,3,0.0007386329658989401
50,3,0.0007343003876741814
51,3,0.0007276103540732341
52,3,0.0007213566818865105
53,3,0.000709821549669208
54,3,0.000696118958758402
55,3,0.0006903923802923505
56,3,0.0006903056514108206
57,3,0.0006862096400281105
58,3,0.0006929709829503812
59,3,0.000691170967296454
60,3,0.0006932378111395974
61,3,0.0006908303300359197
62,3,0.0006886832969045376
63,3,0.0007132273136740034
64,3,0.0007017256743795788
65,3,0.0006969578172627256
66,3,0.000691595855872118
67,3,0.0006891047636856346
68,3,0.0006829471000093758
69,3,0.0006777098474574546
70,3,0.0007007436031429934
71,3,0.0006987853181970759
72,3,0.0007238935693973293
73,3,0.0007192102681402957
74,3,0.0007121751958793727
75,3,0.0006996401791057408
76,3,0.0006968314458896233
77,3,0.0006918649169777706
78,3,0.0006904070596843349
79,3,0.0006875580404518567
80,3,0.0006795325670604799
81,3,0.0006759598140454851
82,3,0.0006676933621617386
83,3,0.0006652696759827528
84,3,0.0006608116891060776
85,3,0.0006854335986565891
86,3,0.0006840934326872076
87,3,0.0006831522603484291
88,3,0.0007072540801457188
89,3,0.00071021096060906
90,3,0.0007308630934404499
91,3,0.0007310843790638883
92,3,0.0007233358745061273
93,3,0.0007202256671430133
94,3,0.0007225070895830023
95,3,0.0007170533094573835
96,3,0.0007140369144034991
97,3,0.0007089870873005918
98,3,0.000704505401242939
99,3,0.0007036496176710823
100,3,0.0007054281555855977
1,4,0.001275005103783122
2,4,0.0010214348239913787
3,4,0.0009770360496293038
4,4,0.001136284185829082
5,4,0.001097290847399089
6,4,0.0012074751475147593
7,4,0.001298622512519043
8,4,0.0011894958113700868
9,4,0.0010949896366513356
10,4,0.0013067638704914767
11,4,0.0012137054511927397
12,4,0.0010198308236332436
13,4,0.0009916437093617511
14,4,0.0009197827989252704
15,4,0.001076111415948488
16,4,0.0010536338069224768
17,4,0.000955798614575842
18,4,0.0009297170031445989
19,4,0.0008932246980207146
20,4,0.0008555987392016122
21,4,0.0008362353817933806
22,4,0.0007896791200385938
23,4,0.0007758854431257865
24,4,0.0008892455969103532
25,4,0.0008582512556116886
26,4,0.0008277420327986849
27,4,0.0008123270339349152
28,4,0.000801102767547851
29,4,0.0007822335757766492
30,4,0.0007574795141747304
31,4,0.0007390053608744993
32,4,0.0007328288453528322
33,4,0.0007156060065073655
34,4,0.0006907895422498505
35,4,0.0007593319004651315
36,4,0.0007566103519709731
37,4,0.000744693936576234
38,4,0.0007473906349038588
39,4,0.0007343875901923213
40,4,0.0007293528601135793
41,4,0.000722402461672419
42,4,0.0007772364748151924
43,4,0.000768146292911155
44,4,0.0007597734555960585
45,4,0.0008131959272177117
46,4,0.00080010633200407
47,4,0.0008029977159735882
48,4,0.0007948282662239276
49,4,0.0007800578663457255
50,4,0.0007735471377280045
51,4,0.0007632329038067117
52,4,0.0007474143080383239
53,4,0.0007386383098769272
54,4,0.0007271857020342418
55,4,0.0007196353267792391
56,4,0.0007190006264159697
57,4,0.0007206036237381033
58,4,0.0007187159221186662
59,4,0.0007143492443297237
60,4,0.0007196859930214206
61,4,0.0007162163645320517
62,4,0.0007123441864720987
63,4,0.0007404480414603141
64,4,0.0007226979258253119
65,4,0.0007213101157387689
66,4,0.000710723254690403
67,4,0.0007065141522454476
68,4,0.0007018528241227158
69,4,0.0006926223068355885
70,4,0.0007141964834251701
71,4,0.000708969263937145
72,4,0.0007369880647906942
73,4,0.0007319335297837296
74,4,0.0007209978756645497
75,4,0.0007046034723907336
76,4,0.0007035047088580929
77,4,0.00069639499217335
78,4,0.0006936421048673613
79,4,0.0006865355264899134
80,4,0.0006795017799056949
81,4,0.0006768919104276251
82,4,0.0006711822491591788
83,4,0.0006684231169228683
84,4,0.0006633150701155542
85,4,0.0006859327686984631
86,4,0.0006850281795346267
87,4,0.000683292427797463
88,4,0.0007065859883823234
89,4,0.0007060594655158442
90,4,0.0007308993518158404
91,4,0.0007312939404554072
92,4,0.0007266500898023781
93,4,0.0007253153013851574
94,4,0.0007243973856423124
95,4,0.0007182674868311858
96,4,0.0007125812915256477
97,4,0.0007079282171287257
98,4,0.0007010730474213468
99,4,0.0006998590897056539
100,4,0.0007025341317822903
1,5,0.0013566984789036556
2,5,0.0010152482716949767
3,5,0.0009572827300752169
4,5,0.0012713232137793351
5,5,0.001122298031329142
6,5,0.001284851720041999
7,5,0.0013484033827015427
8,5,0.0012427751171484364
9,5,0.0011989264443613052
10,5,0.0014327774873923913
11,5,0.001321799265639354
12,5,0.0011076148679050753
13,5,0.001066971575024689
14,5,0.0009707474359910824
15,5,0.001109323190908355
16,5,0.0010660254966594804
17,5,0.0009649551600356684
18,5,0.0008884380128418747
19,5,0.0008625159966022869
20,5,0.0008205178040308689
21,5,0.0008019541318705512
22,5,0.0007422604403940319
23,5,0.0007304509952109406
24,5,0.0009960614148471487
25,5,0.0009582206632419347
26,5,0.0009238774589488795
27,5,0.0008839357427527319
28,5,0.0008726597270542162
29,5,0.0008451607702082716
30,5,0.0008317434780379045
31,5,0.0008078305759996993
32,5,0.0007885846564992416
33,5,0.0007640640711425494
34,5,0.0007318200934245194
35,5,0.0007984349681629132
36,5,0.0007882557264358917
37,5,0.0007779561246597353
38,5,0.0007700672004610397
39,5,0.0007533710542667381
40,5,0.0007510134558411768
41,5,0.0007432421330778151
42,5,0.0007951003980293731
43,5,0.0007851875541208573
44,5,0.0007774144240919314
45,5,0.0008275550489842834
46,5,0.0008036222650853674
47,5,0.0008105461736820809
48,5,0.0008008626977016855
49,5,0.0007939955175353669
50,5,0.0007826860846782232
51,5,0.000769255017224985
52,5,0.0007558447951443069
53,5,0.0007492888948353622
54,5,0.0007444294504047449
55,5,0.0007350060368833763
56,5,0.0007302490551978233
57,5,0.0007297453514131742
58,5,0.0007207710559177683
59,5,0.0007166488106739395
60,5,0.0007173975357558557
61,5,0.0007115055519196087
62,5,0.000709059473499881
63,5,0.000736320408172776
64,5,0.000716989941427359
65,5,0.0007160869961617948
66,5,0.000707158112539319
67,5,0.0006976884432200105
68,5,0.00069390973744859
69,5,0.0006846881774773433
70,5,0.000706991909222501
71,5,0.0007012551414745476
72,5,0.0007307240523796618
73,5,0.0007251712617089651
74,5,0.0007170359115597037
75,5,0.0006978562124940626
76,5,0.0006960869468538347
77,5,0.0006840035186635348
78,5,0.0006806018434151502
79,5,0.0006736144507476475
80,5,0.0006625687863405961
81,5,0.0006600346784395803
82,5,0.0006560456944311923
83,5,0.0006544096521130176
84,5,0.0006503578115563842
85,5,0.0006743349951796253
86,5,0.0006740691891644047
87,5,0.0006723983184140657
88,5,0.0006982511569192168
89,5,0.000696236014457288
90,5,0.0007220581792342529
91,5,0.000719055693140365
92,5,0.0007148282244407229
93,5,0.000711814258927165
94,5,0.0007126603092483322
95,5,0.0007063046391366238
96,5,0.0007013386525412062
97,5,0.0006967228170344301
98,5,0.0006881974491008382
99,5,0.0006877285460281371
100,5,0.0006883519822876529
1,6,0.0015197520810955976
2,6,0.0008928152225250892
3,6,0.0009385575724271627
4,6,0.001155147620972829
5,6,0.0009212402187876776
6,6,0.001030602507733382
7,6,0.0011674284522615998
8,6,0.0010502945740553358
9,6,0.0010101347214346885
10,6,0.0012638443379534934
11,6,0.0011721720910481297
12,6,0.0009725574559630032
13,6,0.0009467415288890092
14,6,0.0008621262389538048
15,6,0.0010126567167474774
16,6,0.0009704686901725428
17,6,0.0008798677340181478
18,6,0.0008198326799779597
19,6,0.0008037474639545451
20,6,0.0007736788478174421
21,6,0.0007383814063708531
22,6,0.0006796015545347867
23,6,0.0006646082263274907
24,6,0.0007762235179874818
25,6,0.0007378784304879264
26,6,0.0007047325933920032
27,6,0.000681969907921546
28,6,0.0006762439474736058
29,6,0.0006564234175059298
30,6,0.0006563882871134047
31,6,0.0006475522093886467
32,6,0.0006442861943650669
33,6,0.0006288821050813082
34,6,0.0006055911526439721
35,6,0.0006677588184796001
36,6,0.0006616874312752008
37,6,0.0006642394984240075
38,6,0.0006645787648613241
39,6,0.0006586473689388606
40,6,0.0006570097606073667
41,6,0.0006496300471000537
42,6,0.0007055982841826278
43,6,0.0006981224931876063
44,6,0.0006871125384635505
45,6,0.0007379482884027373
46,6,0.0007084485619738558
47,6,0.0007183643792343201
48,6,0.0007120917053954407
49,6,0.0006983847890257767
50,6,0.0006909602952287408
51,6,0.0006806013580576396
52,6,0.0006670441134166124
53,6,0.000661351502568631
54,6,0.0006656622742421069
55,6,0.0006572061669960164
56,6,0.000654218034179331
57,6,0.000654397105974788
58,6,0.0006489691065774929
59,6,0.0006456292340502453
60,6,0.0006498823985372565
61,6,0.0006499492236619047
62,6,0.0006526190226762181
63,6,0.0006818602305134289
64,6,0.0006655395628694575
65,6,0.0006614855441634014
66,6,0.0006541420825755155
67,6,0.000645158152986836
68,6,0.0006391689442364649
69,6,0.0006300665672989364
70,6,0.0006516407401427394
71,6,0.0006441727963585053
72,6,0.0006748851925903355
73,6,0.0006704382306599729
74,6,0.000662518230547738
75,6,0.0006506895451640452
76,6,0.0006492769236029833
77,6,0.0006391463231999064
78,6,0.0006358686310076251
79,6,0.0006302507340280356
80,6,0.0006247450781423187
81,6,0.0006237768461744233
82,6,0.0006189117574834191
83,6,0.0006172791925778611
84,6,0.000612106860710018
85,6,0.0006343955224596313
86,6,0.0006329920281377421
87,6,0.000631933848574447
88,6,0.0006550793137584973
89,6,0.000653859138227297
90,6,0.000682068341082665
91,6,0.0006787723112342005
92,6,0.0006764737903930224
93,6,0.0006776160583891533
94,6,0.0006802935661677363
95,6,0.0006741976174896697
96,6,0.0006721255050309549
97,6,0.0006694383738282635
98,6,0.0006630867109331352
99,6,0.000664972421765128
100,6,0.0006676744111902911
1,7,0.0013453128654970774
2,7,0.000623917089909384
3,7,0.0007482879460651218
4,7,0.0011628411427751894
5,7,0.0009211794650246849
6,7,0.0009851638558781787
7,7,0.0011573354253431375
8,7,0.0010289528889328014
9,7,0.0009810470277448362
10,7,0.0012642043318476749
11,7,0.001180303607109833
12,7,0.0009648664382984036
13,7,0.000947567405498596
14,7,0.0008716033037005803
15,7,0.001026197910915369
16,7,0.0009906215495594042
17,7,0.0008827347304106121
18,7,0.0008136230461630706
19,7,0.0007912114212282359
20,7,0.0007542480831419303
21,7,0.000726079031953908
22,7,0.0006721795560449766
23,7,0.0006569026619084181
24,7,0.0007926870518807881
25,7,0.0007474372923604603
26,7,0.0007167001438212387
27,7,0.0006972884467044268
28,7,0.0006984896926362513
29,7,0.0006834357444655911
30,7,0.0006791232216436393
31,7,0.000669766673096073
32,7,0.0006667319327496087
33,7,0.000666509219585325
34,7,0.0006365926738111682
35,7,0.0006942371606030927
36,7,0.0006839447779356865
37,7,0.0006821466064711084
38,7,0.0006774315102719128
39,7,0.0006701656903034988
40,7,0.0006674577651814574
41,7,0.0006601471583212855
42,7,0.0007123738648045511
43,7,0.0007037392219033753
44,7,0.0006963273859161301
45,7,0.0007460432128420067
46,7,0.0007323819865189393
47,7,0.0007376696599205273
48,7,0.0007310143427361823
49,7,0.0007116277481198852
50,7,0.0007049811889625876
51,7,0.0006917306681788562
52,7,0.0006799025950266687
53,7,0.0006735060596722002
54,7,0.0006799426052880804
55,7,0.0006675477861779908
56,7,0.0006625150179655468
57,7,0.000661551357035305
58,7,0.0006560670191329353
59,7,0.0006548666901852313
60,7,0.0006554214462336751
61,7,0.0006477527460081993
62,7,0.0006472770870417727
63,7,0.0006764068555290612
64,7,0.0006596864037567733
65,7,0.0006594324374662561
66,7,0.0006485686253551769
67,7,0.0006393008822793053
68,7,0.0006321235920064527
69,7,0.0006219679042271239
70,7,0.0006434297795832765
71,7,0.0006362666478757067
72,7,0.0006642705628291968
73,7,0.0006602065456162595
74,7,0.0006515522215701722
75,7,0.000637735977228122
76,7,0.0006360839551975324
77,7,0.000623091327660082
78,7,0.0006165988373417967
79,7,0.000611417651067627
80,7,0.0006053647335109653
81,7,0.000603702254185785
82,7,0.0005975349588308868
83,7,0.0005943074968445242
84,7,0.0005896971423941804
85,7,0.0006100367586342197
86,7,0.0006060868940631993
87,7,0.0006067747492054635
88,7,0.0006310626014250168
89,7,0.0006293801021533486
90,7,0.0006530492152803921
91,7,0.0006521519914293193
92,7,0.0006507189192470455
93,7,0.0006499163369546524
94,7,0.0006522302703553211
95,7,0.0006481382848195135
96,7,0.0006460053702149953
97,7,0.0006446961750971801
98,7,0.0006386513977264577
99,7,0.0006399393432063986
100,7,0.0006384624251699065
1,8,0.0014618170351473933
2,8,0.000616900150301349
3,8,0.0006820661069008503
4,8,0.0011971147581841376
5,8,0.0009340259997009286
6,8,0.0010009903285319146
7,8,0.0011672291279972
8,8,0.0010449527197030745
9,8,0.0009928105222727689
10,8,0.0012242356251070613
11,8,0.0011854247138005558
12,8,0.0009937529406300553
13,8,0.0009530731106690348
14,8,0.0008888963331326028
15,8,0.0010217298050616038
16,8,0.000997410335358924
17,8,0.0008978933400384347
18,8,0.0008286797765004699
19,8,0.0008107660014063178
20,8,0.000762132149172659
21,8,0.0007414911407059285
22,8,0.0006848752362761559
23,8,0.0006764676846053339
24,8,0.0007966782688032961
25,8,0.0007575253827932837
26,8,0.0007247385844806172
27,8,0.0007054552910701147
28,8,0.0007083317056763703
29,8,0.0006958651040162001
30,8,0.0006758977924104827
31,8,0.000668914803837001
32,8,0.0006649321891315764
33,8,0.0006519882220592065
34,8,0.0006254651243721728
35,8,0.0006845679025457843
36,8,0.0006807240813595827
37,8,0.0006807651556229827
38,8,0.0006863479648282098
39,8,0.0006776602012843336
40,8,0.0006673325841574499
41,8,0.0006595917604826382
42,8,0.0007076341023081704
43,8,0.0006960907262521912
44,8,0.0006911873061538141
45,8,0.0007344264819222912
46,8,0.0007205854994758197
47,8,0.0007245451174797011
48,8,0.0007192626504879542
49,8,0.0006992264085546809
50,8,0.0006923149840782533
51,8,0.000684505988362469
52,8,0.0006712755326316371
53,8,0.0006617512574594115
54,8,0.0006651668798156145
55,8,0.0006488345410758167
56,8,0.0006460134568763004
57,8,0.0006460127196849143
58,8,0.0006396457021701749
59,8,0.0006386094043692108
60,8,0.0006372547856545593
61,8,0.0006365766969189466
62,8,0.0006360447808066637
63,8,0.0006654645369566061
64,8,0.0006503199314860972
65,8,0.0006472073628506686
66,8,0.0006381343277402148
67,8,0.0006281075421648165
68,8,0.0006226469845024279
69,8,0.0006137282982883665
70,8,0.0006340770930147658
71,8,0.0006268145331478634
72,8,0.0006535625363700736
73,8,0.000652225201425177
74,8,0.0006445073005756492
75,8,0.0006350448357319242
76,8,0.0006340192349252196
77,8,0.0006215580202798385
78,8,0.0006169855928236454
79,8,0.0006115627853827615
80,8,0.0006053326623767337
81,8,0.0006055050627268571
82,8,0.0006008277529796688
83,8,0.000599569437956483
84,8,0.0005962954654425619
85,8,0.0006165343584865606
86,8,0.0006142618394027806
87,8,0.0006156160649958761
88,8,0.0006387814694234375
89,8,0.0006366259592716855
90,8,0.0006638690104536719
91,8,0.0006623222770672096
92,8,0.0006621343702313211
93,8,0.0006625847637381983
94,8,0.0006648860932013207
95,8,0.0006584026675135906
96,8,0.0006554464769698648
97,8,0.000654625846578245
98,8,0.0006490139721066489
99,8,0.0006508337990316935
100,8,0.0006484292670223351
1,9,0.0014768088580054684
2,9,0.0007582993426238713
3,9,0.000815345532865499
4,9,0.0011652372698711282
5,9,0.0008981925274813544
6,9,0.0009948290228436723
7,9,0.0011647733996013397
8,9,0.0010464495398527518
9,9,0.000994318871704444
10,9,0.0012841840482440772
11,9,0.0012351847478884823
12,9,0.00101014070337367
13,9,0.0009690735424537588
14,9,0.0008910200442382551
15,9,0.0010171312999878558
16,9,0.0009824170284479907
17,9,0.0008789876397048272
18,9,0.000813665540972431
19,9,0.0007872772649832856
20,9,0.0007471766559622818
21,9,0.0007303780277021322
22,9,0.0006744598590179784
23,9,0.000667602174828936
24,9,0.0007786475169449191
25,9,0.0007403571712163538
26,9,0.0007114221081881626
27,9,0.0006897966275277032
28,9,0.0006902360595748736
29,9,0.0006784808243733639
30,9,0.0006693435061359106
31,9,0.0006642436959341666
32,9,0.0006552164525272233
33,9,0.0006406947427639897
34,9,0.000617222997478291
35,9,0.0006749670867426373
36,9,0.0006671411956975693
37,9,0.0006665484579949336
38,9,0.0006639413702406857
39,9,0.0006559731495207754
40,9,0.0006479422344104135
41,9,0.000640459111743354
42,9,0.0006930406122273363
43,9,0.0006856013131818631
44,9,0.0006812913954108541
45,9,0.0007293618781341648
46,9,0.0007138369368703581
47,9,0.0007167862109720342
48,9,0.0007165636346438756
49,9,0.0006968303302002649
50,9,0.0006901186152916938
51,9,0.0006795131245625077
52,9,0.0006661641437682617
53,9,0.0006615420675458508
54,9,0.0006679523926120231
55,9,0.0006491043298218376
56,9,0.0006468755011201189
57,9,0.0006459654771016105
58,9,0.0006401070389035871
59,9,0.0006393843485987819
60,9,0.0006377337689381889
61,9,0.0006293577556051675
62,9,0.0006289694099860518
63,9,0.0006581893456465039
64,9,0.0006434628469445207
65,9,0.0006431044207007137
66,9,0.0006338303667839624
67,9,0.0006224361298708873
68,9,0.0006166244988572564
69,9,0.0006077249968161684
70,9,0.0006291546213580127
71,9,0.0006220808810154542
72,9,0.0006499493819662648
73,9,0.0006483550217722594
74,9,0.0006412186516019857
75,9,0.0006318407032759529
76,9,0.0006310672463184482
77,9,0.0006179116313578651
78,9,0.0006150576555239184
79,9,0.0006087710329681538
80,9,0.0006026701564045718
81,9,0.0006027690547939615
82,9,0.0005971649775284808
83,9,0.0005963497675860268
84,9,0.0005936842209263569
85,9,0.0006151711518664908
86,9,0.000612365849825498
87,9,0.0006132499740421806
88,9,0.0006381467461547221
89,9,0.0006359768308692333
90,9,0.0006634065879774554
91,9,0.0006621381211749086
92,9,0.0006611474598584308
93,9,0.0006613070536018568
94,9,0.0006631083678642554
95,9,0.0006569506328681538
96,9,0.000654358884995005
97,9,0.000651966205291311
98,9,0.0006464576025229401
99,9,0.0006473741198490295
100,9,0.0006450611338098405
1,10,0.0012942601369495164
2,10,0.0006472276452365416
3,10,0.0007585302998178788
4,10,0.0011033779537289563
5,10,0.0008561613074606857
6,10,0.0009325748668743249
7,10,0.0011005435843239513
8,10,0.0009616137019162994
9,10,0.0009270972809463326
10,10,0.001177154058303947
11,10,0.0011421449232839058
12,10,0.0009436693283004342
13,10,0.0009045687382047922
14,10,0.0008326385269612582
15,10,0.0009592556223937009
16,10,0.0009315000679402382
17,10,0.0008436357966220319
18,10,0.000793513708245223
19,10,0.0007717797808598107
20,10,0.0007253134580298246
21,10,0.0007025042417110654
22,10,0.0006431740689930633
23,10,0.0006416660270572824
24,10,0.0008483623104533496
25,10,0.0008061182299018005
26,10,0.0007739436596595824
27,10,0.0007472523513922384
28,10,0.0007424295229188037
29,10,0.0007252086437944323
30,10,0.0007253852635721195
31,10,0.0007180299319134234
32,10,0.0007065863109083975
33,10,0.0007067017377440369
34,10,0.0006793004291668176
35,10,0.0007453682086466201
36,10,0.0007349746936200032
37,10,0.0007324346308892172
38,10,0.0007262762961573719
39,10,0.0007148015732445648
40,10,0.000703797243843593
41,10,0.0006891418692185168
42,10,0.0007465663527420611
43,10,0.0007366479540670019
44,10,0.0007300329213465985
45,10,0.000778722741676305
46,10,0.0007481919371963363
47,10,0.0007482607474847731
48,10,0.0007470234952338347
49,10,0.0007258144709626714
50,10,0.0007170376518570467
51,10,0.0007040166512924379
52,10,0.0006892535172004099
53,10,0.0006832723296726986
54,10,0.000689984729883655
55,10,0.0006706778845155563
56,10,0.0006688372893716492
57,10,0.0006662448205243041
58,10,0.0006600021301839129
59,10,0.0006584902401461449
60,10,0.0006562181383009925
61,10,0.0006543270515471234
62,10,0.0006538203500345259
63,10,0.0006854197367675033
64,10,0.0006696738950012313
65,10,0.0006664755069425059
66,10,0.000655966975618693
67,10,0.0006443369372885277
68,10,0.0006378087117262665
69,10,0.0006288841891667085
70,10,0.0006525009106191172
71,10,0.0006461309539305296
72,10,0.0006755481661724166
73,10,0.0006730298140959507
74,10,0.0006651268192912047
75,10,0.0006543598651424897
76,10,0.0006526315650518686
77,10,0.000638342014671018
78,10,0.0006338571464428883
79,10,0.0006271319563168235
80,10,0.0006205374990312865
81,10,0.0006206376220728163
82,10,0.0006147697077964456
83,10,0.0006126373726654263
84,10,0.000609380465520094
85,10,0.0006323517292316141
86,10,0.000628760358691621
87,10,0.0006295625878541797
88,10,0.0006561171550500555
89,10,0.0006536023631294612
90,10,0.000682129594781235
91,10,0.0006801175763703622
92,10,0.0006787021579234307
93,10,0.0006789716510836379
94,10,0.0006815685300897512
95,10,0.0006751027585266895
96,10,0.0006722388770566905
97,10,0.0006701022270279506
98,10,0.0006638747380240442
99,10,0.0006637216836552861
100,10,0.0006609989588131381
1,11,0.0013059710380116962
2,11,0.0006361277571160041
3,11,0.0007578207371272094
4,11,0.0011062949345924196
5,11,0.0008571938439305501
6,11,0.0009575728858695565
7,11,0.001124637486023109
8,11,0.0009775986123887609
9,11,0.000939543178923786
10,11,0.0012018275384605513
11,11,0.0011617266409905188
12,11,0.0009555162867910423
13,11,0.0009161185166100125
14,11,0.000860487935104839
15,11,0.0009869592385419953
16,11,0.0009569643431852082
17,11,0.0008636886609077681
18,11,0.0008089800761955583
19,11,0.0007856855343381659
20,11,0.0007404960365089525
21,11,0.0007237890283992208
22,11,0.0006624701441999282
23,11,0.0006560799991512928
24,11,0.0008604444742062197
25,11,0.0008152831497817105
26,11,0.0007819963451417495
27,11,0.000754452036096318
28,11,0.0007489842142724086
29,11,0.000730851801386236
30,11,0.0007314936671421558
31,11,0.000724173572549874
32,11,0.0007113521848073076
33,11,0.0006930361036224658
34,11,0.0006658759439433363
35,11,0.0007301120868309592
36,11,0.0007210428349096457
37,11,0.0007196022012845197
38,11,0.0007185186888686217
39,11,0.0007071904254813525
40,11,0.0006966243298810404
41,11,0.000683623138821853
42,11,0.0007386643708279277
43,11,0.0007288556461201581
44,11,0.0007204607307524187
45,11,0.0007709948912509567
46,11,0.0007406117545417701
47,11,0.0007415975642554238
48,11,0.00073836108108279
49,11,0.0007170242469495321
50,11,0.0007083294997185311
51,11,0.0006946983498233853
52,11,0.0006816256899580245
53,11,0.0006730261609998587
54,11,0.0006763281886214196
55,11,0.0006574433028865963
56,11,0.0006556350864643528
57,11,0.0006536108398792793
58,11,0.000647168664297525
59,11,0.0006459219093339904
60,11,0.0006458643105348665
61,11,0.0006443038333241467
62,11,0.0006441554242315492
63,11,0.0006751772256583462
64,11,0.00065980595893439
65,11,0.0006566023450664107
66,11,0.0006474419157923106
67,11,0.0006366834654875829
68,11,0.000631109675863066
69,11,0.0006224503371985022
70,11,0.0006451454534655007
71,11,0.0006379675885339691
72,11,0.0006664268404214012
73,11,0.0006641216042669154
74,11,0.0006561523316988804
75,11,0.0006448755525337571
76,11,0.0006431983251815307
77,11,0.0006294698720129196
78,11,0.0006244102040082281
79,11,0.0006182785429172942
80,11,0.0006117712595434442
81,11,0.0006118211386605725
82,11,0.0006036265155812062
83,11,0.0006012204419135729
84,11,0.0005982400220417041
85,11,0.0006204795673152074
86,11,0.0006183161090484668
87,11,0.0006193120641698804
88,11,0.0006453253791857302
89,11,0.0006431532878107922
90,11,0.0006711263753965501
91,11,0.0006697612821228815
92,11,0.0006679430820454496
93,11,0.0006668300461477528
94,11,0.0006689917522229341
95,11,0.0006623867637542354
96,11,0.0006599278860164844
97,11,0.0006567255998679806
98,11,0.0006510116559432001
99,11,0.0006505950220454268
100,11,0.0006482395601006035
1,12,0.0012544075292397663
2,12,0.0006331306372329632
3,12,0.000758533323222076
4,12,0.0011396604024286772
5,12,0.0008850354626440009
6,12,0.000984248262737653
7,12,0.0011490676948785817
8,12,0.0009976533503404117
9,12,0.0009578156933300255
10,12,0.001198834084653414
11,12,0.0011640991485630707
12,12,0.0009647695010560369
13,12,0.0009253493809326964
14,12,0.0008713321757507935
15,12,0.0009947395456793278
16,12,0.0009677815646887133
17,12,0.0008779883949761466
18,12,0.0008249722339015765
19,12,0.0007996965668566957
20,12,0.0007516792872165745
21,12,0.0007351411970650452
22,12,0.0006715899817393859
23,12,0.000662418179394405
24,12,0.0008645548633536864
25,12,0.0008192503911996637
26,12,0.0007852983362954301
27,12,0.0007568348487071843
28,12,0.0007503842279767438
29,12,0.0007296519499881603
30,12,0.0007322975546951178
31,12,0.0007251743083999106
32,12,0.000712196311139419
33,12,0.0006932811275797727
34,12,0.0006659403184856175
35,12,0.0007303673344494205
36,12,0.0007209223000747062
37,12,0.0007192539157692583
38,12,0.0007180087147386806
39,12,0.0007068028074858758
40,12,0.0006960944877943493
41,12,0.0006819253731768605
42,12,0.0007390152654522447
43,12,0.0007288412490794232
44,12,0.0007199313292699485
45,12,0.0007705096937446837
46,12,0.0007398350089540326
47,12,0.0007400328841146997
48,12,0.0007365943182481039
49,12,0.0007153471716705298
50,12,0.0007069354917442196
51,12,0.0006928994779117315
52,12,0.0006794593619491868
53,12,0.0006727944625415768
54,12,0.0006778163104450765
55,12,0.0006590128834138451
56,12,0.0006569852641035584
57,12,0.0006552168623147224
58,12,0.0006487044491546906
59,12,0.0006474105323655937
60,12,0.0006473436716236907
61,12,0.000642303965048936
62,12,0.0006422132935856244
63,12,0.0006735747174892689
64,12,0.0006580369940900457
65,12,0.0006548865679244748
66,12,0.0006452393063319286
67,12,0.0006342811423618766
68,12,0.0006283376189009756
69,12,0.0006201064264992482
70,12,0.0006431367758905325
71,12,0.0006358506362601018
72,12,0.0006644454348427023
73,12,0.0006618618362875906
74,12,0.0006540946282328406
75,12,0.0006435759813222464
76,12,0.0006416497690203083
77,12,0.0006278221391965217
78,12,0.000623537125370913
79,12,0.0006177777579193584
80,12,0.0006112747676549956
81,12,0.0006113010680197345
82,12,0.0006031085476096433
83,12,0.0006013197837137285
84,12,0.0005982336467994555
85,12,0.0006205123785432518
86,12,0.0006172026765743891
87,12,0.0006174902120436882
88,12,0.0006435092174338913
89,12,0.0006413334009338027
90,12,0.0006693252942459151
91,12,0.0006676430316598857
92,12,0.00066559825042622
93,12,0.0006641950416486632
94,12,0.0006663551027097304
95,12,0.0006597023543411777
96,12,0.0006572330650553435
97,12,0.0006550672175665301
98,12,0.0006492788753999355
99,12,0.0006490936846664857
100,12,0.0006465263615058286
1,13,0.001226249634502924
2,13,0.0006176043214434896
3,13,0.0007497906331635964
4,13,0.0011323577708497298
5,13,0.0008784986205387376
6,13,0.0009795041106908694
7,13,0.0011446906809151015
8,13,0.0009933276924456746
9,13,0.000953661264046941
10,13,0.0011952116285130633
11,13,0.0011607234779816584
12,13,0.000973466625812372
13,13,0.0009354911851473749
14,13,0.0008805587690196797
15,13,0.0010037610271608091
16,13,0.0009759579284496781
17,13,0.0008847953214619108
18,13,0.0008307656332951219
19,13,0.0008054789417690458
20,13,0.00075754090689076
21,13,0.0007321955776309725
22,13,0.0006698684348452909
23,13,0.0006628895306313026
24,13,0.0008640626805395463
25,13,0.000819056318993507
26,13,0.0007849381208292118
27,13,0.0007571300572999621
28,13,0.0007512502651527721
29,13,0.0007311115664845834
30,13,0.0007326940648183608
31,13,0.0007254584842886171
32,13,0.0007124361463685804
33,13,0.0006938825436971777
34,13,0.0006668656068765562
35,13,0.0007310262689665089
36,13,0.0007216552327508991
37,13,0.0007195565142765869
38,13,0.0007183959686859735
39,13,0.0007073277806440451
40,13,0.0006967706566309043
41,13,0.000682903541713545
42,13,0.0007400011801010505
43,13,0.0007302846429405269
44,13,0.0007218299184138091
45,13,0.0007724217745009432
46,13,0.0007419778133291464
47,13,0.0007419803710405235
48,13,0.0007387976526826842
49,13,0.0007175494193058318
50,13,0.000708950703004743
51,13,0.0006953118267696241
52,13,0.0006821824758845166
53,13,0.000673717055364299
54,13,0.0006773935468771071
55,13,0.0006585048139450363
56,13,0.0006566260394338524
57,13,0.0006546802068445235
58,13,0.0006480617060152963
59,13,0.0006468052883013619
60,13,0.0006471151367236287
61,13,0.000641822963613307
62,13,0.0006416781964577574
63,13,0.0006728604628867448
64,13,0.000657724753386695
65,13,0.0006545099074386752
66,13,0.0006450754498182565
67,13,0.0006342962415765823
68,13,0.0006284896194525011
69,13,0.000620281909491658
70,13,0.0006432676693671929
71,13,0.0006361518508446842
72,13,0.0006645943417190904
73,13,0.0006622529518912134
74,13,0.0006544944481421969
75,13,0.0006433136864542458
76,13,0.0006415752532015161
77,13,0.0006278982856072575
78,13,0.0006237282598813751
79,13,0.0006178308295835773
80,13,0.0006113524983419863
81,13,0.0006115488043901909
82,13,0.0006034861773742314
83,13,0.0006018833244663329
84,13,0.000598947837877218
85,13,0.0006212022728865953
86,13,0.0006179901891177923
87,13,0.0006185160939187493
88,13,0.0006444948819325028
89,13,0.0006423137930405117
90,13,0.0006702399033968855
91,13,0.0006686940793516768
92,13,0.0006667193252778167
93,13,0.0006654828994041781
94,13,0.0006675659486082167
95,13,0.0006609117209967596
96,13,0.0006583297381255364
97,13,0.0006560389696475893
98,13,0.0006503451942105362
99,13,0.0006500074308835188
100,13,0.0006474791218924416
1,14,0.001226249634502924
2,14,0.0006176043214434896
3,14,0.0007497906331635964
4,14,0.0011323577708497298
5,14,0.0008784986205387376
6,14,0.0009795041106908694
7,14,0.0011446906809151015
8,14,0.0009933276924456746
9,14,0.000953661264046941
10,14,0.0011952116285130633
11,14,0.0011607234779816584
12,14,0.000972075178443951
13,14,0.0009341859842753725
14,14,0.0008793463630046422
15,14,0.0010026185710204584
16,14,0.0009748872047654677
17,14,0.0008837944108809604
18,14,0.0008298153408974612
19,14,0.000804565689108308
20,14,0.0007566716963644443
21,14,0.0007313631393925192
22,14,0.0006690747201867437
23,14,0.0006613421224132149
24,14,0.0008628406410658623
25,14,0.0008181173716250862
26,14,0.0007840857383938335
27,14,0.0007562879520368043
28,14,0.0007504131276661987
29,14,0.0007302807260064558
30,14,0.0007318740648183608
31,14,0.0007246488561600231
32,14,0.0007117878630626595
33,14,0.0006932340008524628
34,14,0.0006662193220468346
35,14,0.000730383691093254
36,14,0.0007209827262531733
37,14,0.0007188923414266388
38,14,0.0007177369148880436
39,14,0.0007067746196350135
40,14,0.0006962212553151147
41,14,0.0006823553780265167
42,14,0.0007394554318017306
43,14,0.0007298260081165822
44,14,0.0007213582921632653
45,14,0.0007719507075743672
46,14,0.0007415086361328476
47,14,0.0007415839354063952
48,14,0.0007383742174670409
49,14,0.000717126409156552
50,14,0.0007085293703731641
51,14,0.0006948905454810509
52,14,0.0006817624295593846
53,14,0.0006733232403711379
54,14,0.0006770001763623428
55,14,0.0006581126382164588
56,14,0.0006562357282764948
57,14,0.0006542909000132718
58,14,0.0006476467035120107
59,14,0.0006463652559452634
60,14,0.0006467433645501397
61,14,0.0006414527926537937
62,14,0.0006413501657605673
63,14,0.000672520613483696
64,14,0.0006574238515654919
65,14,0.0006542095663196054
66,14,0.0006447751999108898
67,14,0.000633996455549921
68,14,0.0006281898689137411
69,14,0.0006200016622710018
70,14,0.0006429884010177483
71,14,0.0006358870828196824
72,14,0.0006643362207463266
73,14,0.0006620239225012629
74,14,0.0006542932532493773
75,14,0.000643110940990587
76,14,0.0006413980551640056
77,14,0.0006277029706839227
78,14,0.0006235990158856008
79,14,0.0006177089227625079
80,14,0.0006112340039154331
81,14,0.0006114068437433953
82,14,0.0006033257230268643
83,14,0.0006016872452431455
84,14,0.0005987349096817127
85,14,0.0006209946676736855
86,14,0.0006177721290549642
87,14,0.0006181598309529121
88,14,0.0006441623662097702
89,14,0.0006419977287031184
90,14,0.0006699363662512499
91,14,0.0006683738088950193
92,14,0.0006663940485637667
93,14,0.0006651349380270045
94,14,0.0006672294566325066
95,14,0.0006605708113600127
96,14,0.0006580127675635018
97,14,0.0006557337235694902
98,14,0.0006500225674178189
99,14,0.0006496685464877561
100,14,0.0006471327655066809
1,15,0.001226249634502924
2,15,0.0006176043214434896
3,15,0.0007497906331635964
4,15,0.0011323577708497298
5,15,0.0008784986205387376
6,15,0.0009795041106908694
7,15,0.0011446906809151015
8,15,0.0009933276924456746
9,15,0.000953661264046941
10,15,0.0011952116285130633
11,15,0.0011607234779816584
12,15,0.000972075178443951
13,15,0.0009341859842753725
14,15,0.0008793463630046422
15,15,0.0010026185710204584
16,15,0.0009748872047654677
17,15,0.0008837944108809604
18,15,0.0008298153408974612
19,15,0.000804565689108308
20,15,0.0007566716963644443
21,15,0.0007313631393925192
22,15,0.0006690747201867437
23,15,0.0006613421224132149
24,15,0.0008628406410658623
25,15,0.0008181173716250862
26,15,0.0007840857383938335
27,15,0.0007562879520368043
28,15,0.0007504131276661987
29,15,0.0007302807260064558
30,15,0.0007318740648183608
31,15,0.0007246488561600231
32,15,0.0007117878630626595
33,15,0.0006932340008524628
34,15,0.0006662193220468346
35,15,0.000730383691093254
36,15,0.0007209827262531733
37,15,0.0007188923414266388
38,15,0.0007177369148880436
39,15,0.0007067746196350135
40,15,0.0006962212553151147
41,15,0.0006823553780265167
42,15,0.0007394554318017306
43,15,0.0007298260081165822
44,15,0.0007213582921632653
45,15,0.0007719507075743672
46,15,0.0007415086361328476
47,15,0.0007415839354063952
48,15,0.0007383742174670409
49,15,0.000717126409156552
50,15,0.0007085293703731641
51,15,0.0006948905454810509
52,15,0.0006817624295593846
53,15,0.0006733232403711379
54,15,0.0006770001763623428
55,15,0.0006581126382164588
56,15,0.0006562357282764948
57,15,0.0006542909000132718
58,15,0.0006476467035120107
59,15,0.0006463652559452634
60,15,0.0006467433645501397
61,15,0.0006414527926537937
62,15,0.0006413501657605673
63,15,0.000672520613483696
64,15,0.0006574238515654919
65,15,0.0006542095663196054
66,15,0.0006447751999108898
67,15,0.000633996455549921
68,15,0.0006281898689137411
69,15,0.0006200016622710018
70,15,0.0006429884010177483
71,15,0.0006358870828196824
72,15,0.0006643362207463266
73,15,0.0006620239225012629
74,15,0.0006542932532493773
75,15,0.000643110940990587
76,15,0.0006413980551640056
77,15,0.0006277029706839227
78,15,0.0006235990158856008
79,15,0.0006177089227625079
80,15,0.0006112340039154331
81,15,0.0006114068437433953
82,15,0.0006033257230268643
83,15,0.0006016872452431455
84,15,0.0005987349096817127
85,15,0.0006209946676736855
86,15,0.0006177721290549642
87,15,0.0006181598309529121
88,15,0.0006441623662097702
89,15,0.0006419977287031184
90,15,0.0006699363662512499
91,15,0.0006683738088950193
92,15,0.0006663940485637667
93,15,0.0006651349380270045
94,15,0.0006672294566325066
95,15,0.0006605708113600127
96,15,0.0006580127675635018
97,15,0.0006557337235694902
98,15,0.0006500225674178189
99,15,0.0006496685464877561
100,15,0.0006471327655066809
1,16,0.001226249634502924
2,16,0.0006176043214434896
3,16,0.0007497906331635964
4,16,0.0011323577708497298
5,16,0.0008784986205387376
6,16,0.0009795041106908694
7,16,0.0011446906809151015
8,16,0.0009933276924456746
9,16,0.000953661264046941
10,16,0.0011952116285130633
11,16,0.0011607234779816584
12,16,0.000972075178443951
13,16,0.0009341859842753725
14,16,0.0008793463630046422
15,16,0.0010026185710204584
16,16,0.0009748872047654677
17,16,0.0008837944108809604
18,16,0.0008298153408974612
19,16,0.000804565689108308
20,16,0.0007566716963644443
21,16,0.0007313631393925192
22,16,0.0006690747201867437
23,16,0.0006613421224132149
24,16,0.0008628406410658623
25,16,0.0008181173716250862
26,16,0.0007840857383938335
27,16,0.0007562879520368043
28,16,0.0007504131276661987
29,16,0.0007302807260064558
30,16,0.0007318740648183608
31,16,0.0007246488561600231
32,16,0.0007117878630626595
33,16,0.0006932340008524628
34,16,0.0006662193220468346
35,16,0.000730383691093254
36,16,0.0007209827262531733
37,16,0.0007188923414266388
38,16,0.0007177369148880436
39,16,0.0007067746196350135
40,16,0.0006962212553151147
41,16,0.0006823553780265167
42,16,0.0007394554318017306
43,16,0.0007298260081165822
44,16,0.0007213582921632653
45,16,0.0007719507075743672
46,16,0.0007415086361328476
47,16,0.0007415839354063952
48,16,0.0007383742174670409
49,16,0.000717126409156552
50,16,0.0007085293703731641
51,16,0.0006948905454810509
52,16,0.0006817624295593846
53,16,0.0006733232403711379
54,16,0.0006770001763623428
55,16,0.0006581126382164588
56,16,0.0006562357282764948
57,16,0.0006542909000132718
58,16,0.0006476467035120107
59,16,0.0006463652559452634
60,16,0.0006467433645501397
61,16,0.0006414527926537937
62,16,0.0006413501657605673
63,16,0.000672520613483696
64,16,0.0006574238515654919
65,16,0.0006542095663196054
66,16,0.0006447751999108898
67,16,0.000633996455549921
68,16,0.0006281898689137411
69,16,0.0006200016622710018
70,16,0.0006429884010177483
71,16,0.0006358870828196824
72,16,0.0006643362207463266
73,16,0.0006620239225012629
74,16,0.0006542932532493773
75,16,0.000643110940990587
76,16,0.0006413980551640056
77,16,0.0006277029706839227
78,16,0.0006235990158856008
79,16,0.0006177089227625079
80,16,0.0006112340039154331
81,16,0.0006114068437433953
82,16,0.0006033257230268643
83,16,0.0006016872452431455
84,16,0.0005987349096817127
85,16,0.0006209946676736855
86,16,0.0006177721290549642
87,16,0.0006181598309529121
88,16,0.0006441623662097702
89,16,0.0006419977287031184
90,16,0.0006699363662512499
91,16,0.0006683738088950193
92,16,0.0006663940485637667
93,16,0.0006651349380270045
94,16,0.0006672294566325066
95,16,0.0006605708113600127
96,16,0.0006580127675635018
97,16,0.0006557337235694902
98,16,0.0006500225674178189
99,16,0.0006496685464877561
100,16,0.0006471327655066809
1,17,0.001226249634502924
2,17,0.0006176043214434896
3,17,0.0007497906331635964
4,17,0.0011323577708497298
5,17,0.0008784986205387376
6,17,0.0009795041106908694
7,17,0.0011446906809151015
8,17,0.0009933276924456746
9,17,0.000953661264046941
10,17,0.0011952116285130633
11,17,0.0011607234779816584
12,17,0.000972075178443951
13,17,0.0009341859842753725
14,17,0.0008793463630046422
15,17,0.0010026185710204584
16,17,0.0009748872047654677
17,17,0.0008837944108809604
18,17,0.0008298153408974612
19,17,0.000804565689108308
20,17,0.0007566716963644443
21,17,0.0007313631393925192
22,17,0.0006690747201867437
23,17,0.0006613421224132149
24,17,0.0008628406410658623
25,17,0.0008181173716250862
26,17,0.0007840857383938335
27,17,0.0007562879520368043
28,17,0.0007504131276661987
29,17,0.0007302807260064558
30,17,0.0007318740648183608
31,17,0.0007246488561600231
32,17,0.0007117878630626595
33,17,0.0006932340008524628
34,17,0.0006662193220468346
35,17,0.000730383691093254
36,17,0.0007209827262531733
37,17,0.0007188923414266388
38,17,0.0007177369148880436
39,17,0.0007067746196350135
40,17,0.0006962212553151147
41,17,0.0006823553780265167
42,17,0.0007394554318017306
43,17,0.0007298260081165822
44,17,0.0007213582921632653
45,17,0.0007719507075743672
46,17,0.0007415086361328476
47,17,0.0007415839354063952
48,17,0.0007383742174670409
49,17,0.000717126409156552
50,17,0.0007085293703731641
51,17,0.0006948905454810509
52,17,0.0006817624295593846
53,17,0.0006733232403711379
54,17,0.0006770001763623428
55,17,0.0006581126382164588
56,17,0.0006562357282764948
57,17,0.0006542909000132718
58,17,0.0006476467035120107
59,17,0.0006463652559452634
60,17,0.0006467433645501397
61,17,0.0006414527926537937
62,17,0.0006413501657605673
63,17,0.000672520613483696
64,17,0.0006574238515654919
65,17,0.0006542095663196054
66,17,0.0006447751999108898
67,17,0.000633996455549921
68,17,0.0006281898689137411
69,17,0.0006200016622710018
70,17,0.0006429884010177483
71,17,0.0006358870828196824
72,17,0.0006643362207463266
73,17,0.0006620239225012629
74,17,0.0006542932532493773
75,17,0.000643110940990587
76,17,0.0006413980551640056
77,17,0.0006277029706839227
78,17,0.0006235990158856008
79,17,0.0006177089227625079
80,17,0.0006112340039154331
81,17,0.0006114068437433953
82,17,0.0006033257230268643
83,17,0.0006016872452431455
84,17,0.0005987349096817127
85,17,0.0006209946676736855
86,17,0.0006177721290549642
87,17,0.0006181598309529121
88,17,0.0006441623662097702
89,17,0.0006419977287031184
90,17,0.0006699363662512499
91,17,0.0006683738088950193
92,17,0.0006663940485637667
93,17,0.0006651349380270045
94,17,0.0006672294566325066
95,17,0.0006605708113600127
96,17,0.0006580127675635018
97,17,0.0006557337235694902
98,17,0.0006500225674178189
99,17,0.0006496685464877561
100,17,0.0006471327655066809
1,18,0.001226249634502924
2,18,0.0006176043214434896
3,18,0.0007497906331635964
4,18,0.0011323577708497298
5,18,0.0008784986205387376
6,18,0.0009795041106908694
7,18,0.0011446906809151015
8,18,0.0009933276924456746
9,18,0.000953661264046941
10,18,0.0011952116285130633
11,18,0.0011607234779816584
12,18,0.000972075178443951
13,18,0.0009341859842753725
14,18,0.0008793463630046422
15,18,0.0010026185710204584
16,18,0.0009748872047654677
17,18,0.0008837944108809604
18,18,0.0008298153408974612
19,18,0.000804565689108308
20,18,0.0007566716963644443
21,18,0.0007313631393925192
22,18,0.0006690747201867437
23,18,0.0006613421224132149
24,18,0.0008628406410658623
25,18,0.0008181173716250862
26,18,0.0007840857383938335
27,18,0.0007562879520368043
28,18,0.0007504131276661987
29,18,0.0007302807260064558
30,18,0.0007318740648183608
31,18,0.0007246488561600231
32,18,0.0007117878630626595
33,18,0.0006932340008524628
34,18,0.0006662193220468346
35,18,0.000730383691093254
36,18,0.0007209827262531733
37,18,0.0007188923414266388
38,18,0.0007177369148880436
39,18,0.0007067746196350135
40,18,0.0006962212553151147
41,18,0.0006823553780265167
42,18,0.0007394554318017306
43,18,0.0007298260081165822
44,18,0.0007213582921632653
45,18,0.0007719507075743672
46,18,0.0007415086361328476
47,18,0.0007415839354063952
48,18,0.0007383742174670409
49,18,0.000717126409156552
50,18,0.0007085293703731641
51,18,0.0006948905454810509
52,18,0.0006817624295593846
53,18,0.0006733232403711379
54,18,0.0006770001763623428
55,18,0.0006581126382164588
56,18,0.0006562357282764948
57,18,0.0006542909000132718
58,18,0.0006476467035120107
59,18,0.0006463652559452634
60,18,0.0006467433645501397
61,18,0.0006414527926537937
62,18,0.0006413501657605673
63,18,0.000672520613483696
64,18,0.0006574238515654919
65,18,0.0006542095663196054
66,18,0.0006447751999108898
67,18,0.000633996455549921
68,18,0.0006281898689137411
69,18,0.0006200016622710018
70,18,0.0006429884010177483
71,18,0.0006358870828196824
72,18,0.0006643362207463266
73,18,0.0006620239225012629
74,18,0.0006542932532493773
75,18,0.000643110940990587
76,18,0.0006413980551640056
77,18,0.0006277029706839227
78,18,0.0006235990158856008
79,18,0.0006177089227625079
80,18,0.0006112340039154331
81,18,0.0006114068437433953
82,18,0.0006033257230268643
83,18,0.0006016872452431455
84,18,0.0005987349096817127
85,18,0.0006209946676736855
86,18,0.0006177721290549642
87,18,0.0006181598309529121
88,18,0.0006441623662097702
89,18,0.0006419977287031184
90,18,0.0006699363662512499
91,18,0.0006683738088950193
92,18,0.0006663940485637667
93,18,0.0006651349380270045
94,18,0.0006672294566325066
95,18,0.0006605708113600127
96,18,0.0006580127675635018
97,18,0.0006557337235694902
98,18,0.0006500225674178189
99,18,0.0006496685464877561
100,18,0.0006471327655066809
1,19,0.001226249634502924
2,19,0.0006176043214434896
3,19,0.0007497906331635964
4,19,0.0011323577708497298
5,19,0.0008784986205387376
6,19,0.0009795041106908694
7,19,0.0011446906809151015
8,19,0.0009933276924456746
9,19,0.000953661264046941
10,19,0.0011952116285130633
11,19,0.0011607234779816584
12,19,0.000972075178443951
13,19,0.0009341859842753725
14,19,0.0008793463630046422
15,19,0.0010026185710204584
16,19,0.0009748872047654677
17,19,0.0008837944108809604
18,19,0.0008298153408974612
19,19,0.000804565689108308
20,19,0.0007566716963644443
21,19,0.0007313631393925192
22,19,0.0006690747201867437
23,19,0.0006613421224132149
24,19,0.0008628406410658623
25,19,0.0008181173716250862
26,19,0.0007840857383938335
27,19,0.0007562879520368043
28,19,0.0007504131276661987
29,19,0.0007302807260064558
30,19,0.0007318740648183608
31,19,0.0007246488561600231
32,19,0.0007117878630626595
33,19,0.0006932340008524628
34,19,0.0006662193220468346
35,19,0.000730383691093254
36,19,0.0007209827262531733
37,19,0.0007188923414266388
38,19,0.0007177369148880436
39,19,0.0007067746196350135
40,19,0.0006962212553151147
41,19,0.0006823553780265167
42,19,0.0007394554318017306
43,19,0.0007298260081165822
44,19,0.0007213582921632653
45,19,0.0007719507075743672
46,19,0.0007415086361328476
47,19,0.0007415839354063952
48,19,0.0007383742174670409
49,19,0.000717126409156552
50,19,0.0007085293703731641
51,19,0.0006948905454810509
52,19,0.0006817624295593846
53,19,0.0006733232403711379
54,19,0.0006770001763623428
55,19,0.0006581126382164588
56,19,0.0006562357282764948
57,19,0.0006542909000132718
58,19,0.0006476467035120107
59,19,0.0006463652559452634
60,19,0.0006467433645501397
61,19,0.0006414527926537937
62,19,0.0006413501657605673
63,19,0.000672520613483696
64,19,0.0006574238515654919
65,19,0.0006542095663196054
66,19,0.0006447751999108898
67,19,0.000633996455549921
68,19,0.0006281898689137411
69,19,0.0006200016622710018
70,19,0.0006429884010177483
71,19,0.0006358870828196824
72,19,0.0006643362207463266
73,19,0.0006620239225012629
74,19,0.0006542932532493773
75,19,0.000643110940990587
76,19,0.0006413980551640056
77,19,0.0006277029706839227
78,19,0.0006235990158856008
79,19,0.0006177089227625079
80,19,0.0006112340039154331
81,19,0.0006114068437433953
82,19,0.0006033257230268643
83,19,0.0006016872452431455
84,19,0.0005987349096817127
85,19,0.0006209946676736855
86,19,0.0006177721290549642
87,19,0.0006181598309529121
88,19,0.0006441623662097702
89,19,0.0006419977287031184
90,19,0.0006699363662512499
91,19,0.0006683738088950193
92,19,0.0006663940485637667
93,19,0.0006651349380270045
94,19,0.0006672294566325066
95,19,0.0006605708113600127
96,19,0.0006580127675635018
97,19,0.0006557337235694902
98,19,0.0006500225674178189
99,19,0.0006496685464877561
100,19,0.0006471327655066809
1,20,0.001226249634502924
2,20,0.0006176043214434896
3,20,0.0007497906331635964
4,20,0.0011323577708497298
5,20,0.0008784986205387376
6,20,0.0009795041106908694
7,20,0.0011446906809151015
8,20,0.0009933276924456746
9,20,0.000953661264046941
10,20,0.0011952116285130633
11,20,0.0011607234779816584
12,20,0.000972075178443951
13,20,0.0009341859842753725
14,20,0.0008793463630046422
15,20,0.0010026185710204584
16,20,0.0009748872047654677
17,20,0.0008837944108809604
18,20,0.0008298153408974612
19,20,0.000804565689108308
20,20,0.0007566716963644443
21,20,0.0007313631393925192
22,20,0.0006690747201867437
23,20,0.0006613421224132149
24,20,0.0008628406410658623
25,20,0.0008181173716250862
26,20,0.0007840857383938335
27,20,0.0007562879520368043
28,20,0.0007504131276661987
29,20,0.0007302807260064558
30,20,0.0007318740648183608
31,20,0.0007246488561600231
32,20,0.0007117878630626595
33,20,0.0006932340008524628
34,20,0.0006662193220468346
35,20,0.000730383691093254
36,20,0.0007209827262531733
37,20,0.0007188923414266388
38,20,0.0007177369148880436
39,20,0.0007067746196350135
40,20,0.0006962212553151147
41,20,0.0006823553780265167
42,20,0.0007394554318017306
43,20,0.0007298260081165822
44,20,0.0007213582921632653
45,20,0.0007719507075743672
46,20,0.0007415086361328476
47,20,0.0007415839354063952
48,20,0.0007383742174670409
49,20,0.000717126409156552
50,20,0.0007085293703731641
51,20,0.0006948905454810509
52,20,0.0006817624295593846
53,20,0.0006733232403711379
54,20,0.0006770001763623428
55,20,0.0006581126382164588
56,20,0.0006562357282764948
57,20,0.0006542909000132718
58,20,0.0006476467035120107
59,20,0.0006463652559452634
60,20,0.0006467433645501397
61,20,0.0006414527926537937
62,20,0.0006413501657605673
63,20,0.000672520613483696
64,20,0.0006574238515654919
65,20,0.0006542095663196054
66,20,0.0006447751999108898
67,20,0.000633996455549921
68,20,0.0006281898689137411
69,20,0.0006200016622710018
70,20,0.0006429884010177483
71,20,0.0006358870828196824
72,20,0.0006643362207463266
73,20,0.0006620239225012629
74,20,0.0006542932532493773
75,20,0.000643110940990587
76,20,0.0006413980551640056
77,20,0.0006277029706839227
78,20,0.0006235990158856008
79,20,0.0006177089227625079
80,20,0.0006112340039154331
81,20,0.0006114068437433953
82,20,0.0006033257230268643
83,20,0.0006016872452431455
84,20,0.0005987349096817127
85,20,0.0006209946676736855
86,20,0.0006177721290549642
87,20,0.0006181598309529121
88,20,0.0006441623662097702
89,20,0.0006419977287031184
90,20,0.0006699363662512499
91,20,0.0006683738088950193
92,20,0.0006663940485637667
93,20,0.0006651349380270045
94,20,0.0006672294566325066
95,20,0.0006605708113600127
96,20,0.0006580127675635018
97,20,0.0006557337235694902
98,20,0.0006500225674178189
99,20,0.0006496685464877561
100,20,0.0006471327655066809
