Max_spout,Spliters,Counters,Throughput+,Latency-
1.0,1,1,4255.3,2.5621
1.0,1,3,4160.1,2.6057
1.0,1,6,4089.5,2.55
1.0,1,9,4156.9,2.5688
1.0,1,12,4013.8,2.5474
1.0,1,15,4194.1,2.5676
1.0,1,18,3964.2,2.5503
1.0,2,1,4294.7,4.7793
1.0,2,3,4343.6,2.381
1.0,2,6,4423.6,2.3538
1.0,2,9,4369.6,2.4306
1.0,2,12,4288.1,2.3965
1.0,2,15,4291.2,2.4462
1.0,2,18,4236.2,2.4647
1.0,3,1,4980.3,2.1598
1.0,3,3,5058.6,3.5506
1.0,3,6,4836.7,2.1283
1.0,3,9,4786.9,2.1468
1.0,3,12,4528.8,3.0358
1.0,3,15,4767.6,2.2173
1.0,3,18,4949.1,2.1277
1.0,6,1,4904.2,2.1626
1.0,6,3,5151.0,2.0815
1.0,6,6,4847.1,2.1376
1.0,6,9,4891.9,2.1503
1.0,6,12,4871.0,2.2277
1.0,6,15,4645.8,2.1468
1.0,6,18,4688.1,2.2277
10.0,1,1,8226.1,13.733
10.0,1,3,12697.0,9.2121
10.0,1,6,14870.0,8.1247
10.0,1,9,14807.0,7.5491
10.0,1,12,15374.0,7.1335
10.0,1,15,16019.0,7.3717
10.0,1,18,15103.0,7.3965
10.0,2,1,7006.2,15.859
10.0,2,3,14169.0,8.1471
10.0,2,6,18462.0,6.481
10.0,2,9,18652.0,6.2867
10.0,2,12,20233.0,5.7734
10.0,2,15,19505.0,5.6023
10.0,2,18,19335.0,5.641
10.0,3,1,8219.4,13.865
10.0,3,3,14591.0,7.6695
10.0,3,6,15736.0,7.2908
10.0,3,9,17161.0,6.5827
10.0,3,12,17130.0,6.2694
10.0,3,15,17209.0,6.2798
10.0,3,18,16140.0,7.2948
10.0,6,1,7524.2,13.959
10.0,6,3,16238.0,7.0838
10.0,6,6,20089.0,5.2988
10.0,6,9,20066.0,5.0202
10.0,6,12,19528.0,4.9185
10.0,6,15,19157.0,5.0006
10.0,6,18,18380.0,5.0711
100.0,1,1,8511.2,135.2
100.0,1,3,15515.0,75.825
100.0,1,6,18264.0,61.409
100.0,1,9,18652.0,62.08
100.0,1,12,20872.0,55.886
100.0,1,15,19875.0,53.539
100.0,1,18,20121.0,56.687
100.0,2,1,8746.0,117.57
100.0,2,3,18568.0,65.437
100.0,2,6,20814.0,53.103
100.0,2,9,24962.0,43.247
100.0,2,12,26373.0,40.169
100.0,2,15,25948.0,46.001
100.0,2,18,25565.0,39.447
100.0,3,1,8465.1,132.78
100.0,3,3,16941.0,65.185
100.0,3,6,20045.0,58.0
100.0,3,9,21448.0,54.396
100.0,3,12,20821.0,56.731
100.0,3,15,23240.0,51.463
100.0,3,18,21234.0,53.927
100.0,6,1,9214.4,116.13
100.0,6,3,20359.0,55.501
100.0,6,6,21587.0,48.702
100.0,6,9,23142.0,37.915
100.0,6,12,24892.0,41.478
100.0,6,15,23675.0,32.286
100.0,6,18,22884.0,33.092
1000.0,1,1,10038.0,1063.6
1000.0,1,3,20050.0,553.74
1000.0,1,6,22015.0,511.62
1000.0,1,9,24910.0,467.36
1000.0,1,12,21808.0,470.82
1000.0,1,15,23497.0,439.35
1000.0,1,18,24392.0,419.91
1000.0,2,1,8666.8,1239.5
1000.0,2,3,22289.0,518.71
1000.0,2,6,25805.0,463.33
1000.0,2,9,28129.0,398.1
1000.0,2,12,32399.0,332.68
1000.0,2,15,33549.0,321.53
1000.0,2,18,32815.0,341.28
1000.0,3,1,9973.9,1105.8
1000.0,3,3,19036.0,595.91
1000.0,3,6,19858.0,549.73
1000.0,3,9,22911.0,521.23
1000.0,3,12,22122.0,501.11
1000.0,3,15,22132.0,468.71
1000.0,3,18,21701.0,482.7
1000.0,6,1,11583.0,1038.1
1000.0,6,3,22423.0,465.98
1000.0,6,6,25492.0,310.14
1000.0,6,9,25870.0,330.79
1000.0,6,12,26596.0,273.88
1000.0,6,15,25833.0,251.19
1000.0,6,18,24255.0,336.78
10000.0,1,1,9689.1,11175.0
10000.0,1,3,20072.0,4961.1
10000.0,1,6,29612.0,4304.9
10000.0,1,9,20060.0,3340.5
10000.0,1,12,20300.0,5131.3
10000.0,1,15,20936.0,4748.4
10000.0,1,18,20440.0,4563.6
10000.0,2,1,7431.5,13541.0
10000.0,2,3,22333.0,5447.8
10000.0,2,6,29437.0,3740.0
10000.0,2,9,30161.0,3483.2
10000.0,2,12,35418.0,3138.8
10000.0,2,15,33155.0,2972.0
10000.0,2,18,31933.0,3296.5
10000.0,3,1,8683.1,8988.0
10000.0,3,3,17617.0,1981.7
10000.0,3,6,18757.0,1658.8
10000.0,3,9,18710.0,1802.8
10000.0,3,12,19488.0,1691.8
10000.0,3,15,21523.0,1524.7
10000.0,3,18,21380.0,1384.5
10000.0,6,1,21157.0,1439.6
10000.0,6,3,20442.0,1956.1
10000.0,6,6,26660.0,815.83
10000.0,6,9,25202.0,1145.3
10000.0,6,12,25977.0,1047.6
10000.0,6,15,25530.0,1007.9
10000.0,6,18,26558.0,1099.8
100000.0,1,1,7473.9,53025.0
100000.0,1,3,18689.0,51009.0
100000.0,1,6,27212.0,25993.0
100000.0,1,9,36900.0,17797.0
100000.0,1,12,19390.0,41428.0
100000.0,1,15,20828.0,41317.0
100000.0,1,18,21145.0,41498.0
100000.0,2,1,7217.6,79248.0
100000.0,2,3,21514.0,38738.0
100000.0,2,6,28808.0,35249.0
100000.0,2,9,30669.0,27780.0
100000.0,2,12,31491.0,29871.0
100000.0,2,15,32561.0,27907.0
100000.0,2,18,31825.0,28692.0
100000.0,3,1,16832.0,24535.0
100000.0,3,3,17911.0,1806.9
100000.0,3,6,18216.0,1821.7
100000.0,3,9,17859.0,2033.3
100000.0,3,12,19842.0,1535.9
100000.0,3,15,20932.0,1579.7
100000.0,3,18,21527.0,1635.1
100000.0,6,1,31179.0,6540.8
100000.0,6,3,21251.0,1891.2
100000.0,6,6,26583.0,1151.3
100000.0,6,9,24757.0,1024.0
100000.0,6,12,26315.0,928.18
100000.0,6,15,25927.0,834.61
100000.0,6,18,28650.0,776.38
1000000.0,1,1,43406.0,83233.0
1000000.0,1,3,51949.0,53632.0
1000000.0,1,6,41953.0,36772.0
1000000.0,1,9,41829.0,24516.0
1000000.0,1,12,54656.0,73740.0
1000000.0,1,15,44024.0,74403.0
1000000.0,1,18,50783.0,65193.0
1000000.0,2,1,38992.0,72496.0
1000000.0,2,3,44107.0,94541.0
1000000.0,2,6,45856.0,105000.0
1000000.0,2,9,47756.0,70551.0
1000000.0,2,12,53037.0,77350.0
1000000.0,2,15,51455.0,87048.0
1000000.0,2,18,65823.0,46988.0
1000000.0,3,1,26988.0,32624.0
1000000.0,3,3,19133.0,1814.2
1000000.0,3,6,19405.0,1592.6
1000000.0,3,9,19266.0,1713.3
1000000.0,3,12,20081.0,1764.9
1000000.0,3,15,19319.0,1711.5
1000000.0,3,18,20307.0,1817.5
1000000.0,6,1,30522.0,961.88
1000000.0,6,3,20812.0,2143.0
1000000.0,6,6,25226.0,856.82
1000000.0,6,9,26987.0,1218.0
1000000.0,6,12,26474.0,976.39
1000000.0,6,15,25167.0,974.89
1000000.0,6,18,26933.0,979.55
1.0,1,1,5434.7,1.8632
1.0,1,2,5552.9,1.8259
1.0,1,3,5529.9,1.8618
1.0,1,4,5646.8,1.8299
1.0,1,5,5534.5,1.8374
1.0,1,6,5420.2,1.8391
1.0,1,7,5377.6,1.8759
1.0,1,8,5377.4,1.8902
1.0,1,9,5220.9,1.8724
1.0,1,10,5481.0,1.9006
1.0,1,11,5300.4,1.9305
1.0,1,12,5258.8,1.9272
1.0,1,13,5201.2,1.9178
1.0,1,14,5042.6,1.9422
1.0,1,15,5257.5,1.9272
1.0,1,16,5283.2,1.9688
1.0,1,17,5190.9,1.9543
1.0,1,18,5137.8,1.9503
1.0,2,1,5698.4,1.8184
1.0,2,2,5801.6,1.7259
1.0,2,3,5791.9,1.7557
1.0,2,4,5775.6,1.7408
1.0,2,5,5846.6,1.8195
1.0,2,6,5546.3,1.8161
1.0,2,7,5594.7,1.8287
1.0,2,8,5534.4,1.8247
1.0,2,9,5406.0,1.8264
1.0,2,10,5370.8,1.8457
1.0,2,11,5378.1,1.8613
1.0,2,12,5577.5,1.8543
1.0,2,13,5602.6,1.852
1.0,2,14,5464.8,1.9197
1.0,2,15,5381.5,1.8954
1.0,2,16,5424.0,1.8711
1.0,2,17,5381.0,1.9208
1.0,2,18,5351.2,1.8451
1.0,3,1,6927.3,1.4724
1.0,3,2,7468.3,1.3264
1.0,3,3,7094.5,1.4339
1.0,3,4,7463.5,1.3638
1.0,3,5,7130.9,1.4207
1.0,3,6,7136.5,1.4391
1.0,3,7,7266.3,1.4241
1.0,3,8,6900.3,1.4368
1.0,3,9,6753.5,1.5161
1.0,3,10,6839.8,1.5172
1.0,3,11,6678.2,1.5247
1.0,3,12,6589.5,1.5266
1.0,3,13,7017.7,1.5023
1.0,3,14,6560.3,1.5364
1.0,3,15,6513.8,1.5659
1.0,3,16,6634.0,1.5347
1.0,3,17,6265.2,1.6202
1.0,3,18,6296.5,1.6335
1.0,4,1,6764.7,1.477
1.0,4,2,7928.6,1.3264
1.0,4,3,7331.2,1.3902
1.0,4,4,6916.1,1.4471
1.0,4,5,6869.1,1.4805
1.0,4,6,7207.0,1.4109
1.0,4,7,6763.1,1.5126
1.0,4,8,6386.8,1.531
1.0,4,9,6256.8,1.6328
1.0,4,10,6328.6,1.6178
1.0,4,11,6509.0,1.6195
1.0,4,12,6686.6,1.5439
1.0,4,13,6370.2,1.563
1.0,4,14,6071.9,1.6306
1.0,4,15,6276.2,1.6329
1.0,4,16,6251.3,1.6295
1.0,4,17,6151.7,1.6312
1.0,4,18,6241.1,1.6
1.0,5,1,7990.6,1.2994
1.0,5,2,7467.6,1.4
1.0,5,3,7040.8,1.446
1.0,5,4,6534.9,1.5195
1.0,5,5,7114.6,1.4161
1.0,5,6,7000.6,1.446
1.0,5,7,6855.4,1.4534
1.0,5,8,7004.2,1.4586
1.0,5,9,6683.8,1.5397
1.0,5,10,6437.4,1.5584
1.0,5,11,6673.1,1.5382
1.0,5,12,6573.8,1.5572
1.0,5,13,6373.1,1.5647
1.0,5,14,6400.4,1.5555
1.0,5,15,6345.6,1.5636
1.0,5,16,6304.4,1.5942
1.0,5,17,6394.5,1.6168
1.0,5,18,6293.2,1.6017
1.0,6,1,7226.1,1.404
1.0,6,2,7496.3,1.3678
1.0,6,3,7680.7,1.3299
1.0,6,4,7690.8,1.3
1.0,6,5,7532.7,1.3448
1.0,6,6,7767.2,1.3184
1.0,6,7,7767.6,1.331
1.0,6,8,7104.5,1.3724
1.0,6,9,7381.6,1.3855
1.0,6,10,7591.0,1.3139
1.0,6,11,7037.9,1.4329
1.0,6,12,7165.7,1.4295
1.0,6,13,7197.3,1.415
1.0,6,14,6914.1,1.4566
1.0,6,15,7042.3,1.4358
1.0,6,16,7150.8,1.4092
1.0,6,17,6858.3,1.4572
1.0,6,18,6857.8,1.4954
10.0,1,1,28203.0,3.4546
10.0,1,2,30487.0,3.2351
10.0,1,3,28894.0,3.4678
10.0,1,4,28996.0,3.4218
10.0,1,5,28189.0,3.5178
10.0,1,6,28862.0,3.5443
10.0,1,7,29503.0,3.4534
10.0,1,8,28536.0,3.5172
10.0,1,9,28657.0,3.4184
10.0,1,10,28244.0,3.4636
10.0,1,11,27273.0,3.5566
10.0,1,12,28007.0,3.5948
10.0,1,13,27695.0,3.5988
10.0,1,14,27587.0,3.6289
10.0,1,15,27492.0,3.6191
10.0,1,16,27584.0,3.6382
10.0,1,17,27657.0,3.6694
10.0,1,18,27734.0,3.6682
10.0,2,1,28180.0,3.5385
10.0,2,2,32999.0,3.0305
10.0,2,3,34032.0,2.9425
10.0,2,4,31513.0,3.1552
10.0,2,5,32465.0,3.0701
10.0,2,6,32716.0,3.0902
10.0,2,7,31642.0,3.2213
10.0,2,8,31045.0,3.2466
10.0,2,9,30945.0,3.2195
10.0,2,10,31649.0,3.1989
10.0,2,11,30705.0,3.2506
10.0,2,12,30864.0,3.2659
10.0,2,13,30675.0,3.2491
10.0,2,14,29973.0,3.3283
10.0,2,15,31084.0,3.2191
10.0,2,16,30324.0,3.2671
10.0,2,17,29708.0,3.3809
10.0,2,18,30311.0,3.3197
10.0,3,1,29324.0,3.3776
10.0,3,2,32680.0,3.058
10.0,3,3,31820.0,3.173
10.0,3,4,32064.0,3.1989
10.0,3,5,30710.0,3.2454
10.0,3,6,30616.0,3.3052
10.0,3,7,30044.0,3.3138
10.0,3,8,30063.0,3.3333
10.0,3,9,30268.0,3.358
10.0,3,10,30507.0,3.2954
10.0,3,11,30027.0,3.3538
10.0,3,12,29980.0,3.326
10.0,3,13,29956.0,3.3254
10.0,3,14,29954.0,3.3561
10.0,3,15,30182.0,3.3306
10.0,3,16,29242.0,3.4624
10.0,3,17,29452.0,3.4393
10.0,3,18,29004.0,3.4422
10.0,4,1,28420.0,3.4374
10.0,4,2,29418.0,3.5282
10.0,4,3,30954.0,3.258
10.0,4,4,30830.0,3.2615
10.0,4,5,30406.0,3.3592
10.0,4,6,30674.0,3.274
10.0,4,7,30177.0,3.3191
10.0,4,8,29361.0,3.4324
10.0,4,9,30121.0,3.3636
10.0,4,10,29304.0,3.4023
10.0,4,11,29849.0,3.3491
10.0,4,12,30191.0,3.3699
10.0,4,13,29871.0,3.3572
10.0,4,14,30010.0,3.389
10.0,4,15,29159.0,3.4936
10.0,4,16,28586.0,3.4746
10.0,4,17,28135.0,3.5179
10.0,4,18,28001.0,3.4593
10.0,5,1,29790.0,3.3747
10.0,5,2,31548.0,3.1333
10.0,5,3,28968.0,3.4356
10.0,5,4,30228.0,3.3734
10.0,5,5,31592.0,3.2717
10.0,5,6,30234.0,3.341
10.0,5,7,29903.0,3.374
10.0,5,8,30839.0,3.3064
10.0,5,9,30321.0,3.4058
10.0,5,10,30269.0,3.3514
10.0,5,11,28365.0,3.4786
10.0,5,12,28589.0,3.5364
10.0,5,13,28871.0,3.541
10.0,5,14,28961.0,3.4509
10.0,5,15,28524.0,3.5358
10.0,5,16,29568.0,3.4202
10.0,5,17,28762.0,3.4509
10.0,5,18,28791.0,3.511
10.0,6,1,30328.0,3.3034
10.0,6,2,34466.0,2.9167
10.0,6,3,33660.0,2.9644
10.0,6,4,32233.0,3.1626
10.0,6,5,32256.0,3.1328
10.0,6,6,31394.0,3.2462
10.0,6,7,31102.0,3.1728
10.0,6,8,31859.0,3.204
10.0,6,9,31656.0,3.1751
10.0,6,10,31625.0,3.1312
10.0,6,11,30909.0,3.222
10.0,6,12,31526.0,3.1931
10.0,6,13,30842.0,3.226
10.0,6,14,30848.0,3.2613
10.0,6,15,30885.0,3.2422
10.0,6,16,30727.0,3.2578
10.0,6,17,29777.0,3.3335
10.0,6,18,30611.0,3.2763
100.0,1,1,45494.0,22.179
100.0,1,2,46286.0,22.103
100.0,1,3,49918.0,20.812
100.0,1,4,46717.0,22.151
100.0,1,5,47456.0,21.389
100.0,1,6,51659.0,20.06
100.0,1,7,52115.0,19.205
100.0,1,8,51198.0,20.136
100.0,1,9,55090.0,18.567
100.0,1,10,53349.0,18.9
100.0,1,11,55611.0,17.024
100.0,1,12,53898.0,17.537
100.0,1,13,54443.0,17.328
100.0,1,14,53658.0,17.361
100.0,1,15,54676.0,16.838
100.0,1,16,55413.0,17.56
100.0,1,17,53428.0,17.798
100.0,1,18,54025.0,17.415
100.0,2,1,39997.0,25.032
100.0,2,2,46785.0,21.854
100.0,2,3,48120.0,21.603
100.0,2,4,45332.0,21.875
100.0,2,5,47051.0,22.11
100.0,2,6,47652.0,21.37
100.0,2,7,51649.0,19.832
100.0,2,8,47480.0,21.423
100.0,2,9,52608.0,19.265
100.0,2,10,54155.0,18.162
100.0,2,11,57860.0,16.393
100.0,2,12,54774.0,17.333
100.0,2,13,57293.0,15.94
100.0,2,14,55727.0,18.091
100.0,2,15,55625.0,16.808
100.0,2,16,57972.0,16.279
100.0,2,17,55616.0,17.036
100.0,2,18,55966.0,16.927
100.0,3,1,46137.0,22.012
100.0,3,2,51763.0,19.574
100.0,3,3,45752.0,21.69
100.0,3,4,45557.0,23.217
100.0,3,5,48057.0,20.875
100.0,3,6,52614.0,19.297
100.0,3,7,49943.0,20.323
100.0,3,8,53673.0,18.819
100.0,3,9,53573.0,18.501
100.0,3,10,54352.0,18.575
100.0,3,11,54634.0,18.193
100.0,3,12,55048.0,18.84
100.0,3,13,55170.0,18.374
100.0,3,14,55033.0,18.287
100.0,3,15,54598.0,18.623
100.0,3,16,54903.0,18.29
100.0,3,17,53660.0,18.863
100.0,3,18,54581.0,18.323
100.0,4,1,46605.0,22.206
100.0,4,2,33592.0,30.38
100.0,4,3,39276.0,26.5
100.0,4,4,42733.0,24.039
100.0,4,5,46977.0,21.811
100.0,4,6,49121.0,20.616
100.0,4,7,54730.0,18.332
100.0,4,8,49490.0,20.154
100.0,4,9,49746.0,19.719
100.0,4,10,50731.0,20.16
100.0,4,11,54203.0,20.194
100.0,4,12,50747.0,19.686
100.0,4,13,52643.0,19.134
100.0,4,14,50767.0,19.888
100.0,4,15,52719.0,19.139
100.0,4,16,52702.0,18.764
100.0,4,17,53212.0,19.881
100.0,4,18,50439.0,19.912
100.0,5,1,30879.0,32.695
100.0,5,2,36286.0,27.571
100.0,5,3,40247.0,25.347
100.0,5,4,39310.0,26.083
100.0,5,5,45951.0,22.136
100.0,5,6,44432.0,22.501
100.0,5,7,48844.0,20.129
100.0,5,8,52163.0,18.834
100.0,5,9,52754.0,19.392
100.0,5,10,52505.0,19.357
100.0,5,11,53875.0,18.737
100.0,5,12,52862.0,18.754
100.0,5,13,50365.0,19.829
100.0,5,14,50797.0,19.589
100.0,5,15,52117.0,19.199
100.0,5,16,49782.0,20.192
100.0,5,17,53022.0,18.921
100.0,5,18,51769.0,19.344
100.0,6,1,46071.0,21.241
100.0,6,2,51600.0,19.351
100.0,6,3,44198.0,22.409
100.0,6,4,43909.0,22.236
100.0,6,5,46010.0,21.097
100.0,6,6,46332.0,21.147
100.0,6,7,40728.0,24.383
100.0,6,8,47814.0,19.547
100.0,6,9,45665.0,20.214
100.0,6,10,45027.0,21.197
100.0,6,11,46910.0,19.079
100.0,6,12,47366.0,20.042
100.0,6,13,46496.0,18.653
100.0,6,14,48914.0,19.031
100.0,6,15,46076.0,19.476
100.0,6,16,46773.0,19.903
100.0,6,17,42239.0,21.375
100.0,6,18,45666.0,19.374
1000.0,1,1,50502.0,197.06
1000.0,1,2,53086.0,191.22
1000.0,1,3,53398.0,197.34
1000.0,1,4,52119.0,194.73
1000.0,1,5,54852.0,184.6
1000.0,1,6,55423.0,176.69
1000.0,1,7,58797.0,173.93
1000.0,1,8,53505.0,174.83
1000.0,1,9,63205.0,143.47
1000.0,1,10,58738.0,157.47
1000.0,1,11,64284.0,143.66
1000.0,1,12,66743.0,140.29
1000.0,1,13,67571.0,146.65
1000.0,1,14,67553.0,140.5
1000.0,1,15,65559.0,146.59
1000.0,1,16,70644.0,142.51
1000.0,1,17,64267.0,155.39
1000.0,1,18,67460.0,145.24
1000.0,2,1,41689.0,239.02
1000.0,2,2,47925.0,212.72
1000.0,2,3,51798.0,195.36
1000.0,2,4,48976.0,203.12
1000.0,2,5,50993.0,205.93
1000.0,2,6,53012.0,197.96
1000.0,2,7,56569.0,168.79
1000.0,2,8,49891.0,206.25
1000.0,2,9,57605.0,168.94
1000.0,2,10,56649.0,177.42
1000.0,2,11,61353.0,156.71
1000.0,2,12,62880.0,143.2
1000.0,2,13,66556.0,117.56
1000.0,2,14,63127.0,141.81
1000.0,2,15,66965.0,136.33
1000.0,2,16,63510.0,116.06
1000.0,2,17,69097.0,127.68
1000.0,2,18,65133.0,143.95
1000.0,3,1,53563.0,187.28
1000.0,3,2,60799.0,166.47
1000.0,3,3,45915.0,222.66
1000.0,3,4,49313.0,200.43
1000.0,3,5,50915.0,198.33
1000.0,3,6,56000.0,192.73
1000.0,3,7,48022.0,213.83
1000.0,3,8,58304.0,174.86
1000.0,3,9,57754.0,175.03
1000.0,3,10,55308.0,184.64
1000.0,3,11,58614.0,169.62
1000.0,3,12,60301.0,165.5
1000.0,3,13,59795.0,172.82
1000.0,3,14,60581.0,167.99
1000.0,3,15,57738.0,170.5
1000.0,3,16,59858.0,172.84
1000.0,3,17,59539.0,175.9
1000.0,3,18,60789.0,167.77
1000.0,4,1,52846.0,187.36
1000.0,4,2,34221.0,299.39
1000.0,4,3,38038.0,276.55
1000.0,4,4,43890.0,231.82
1000.0,4,5,48125.0,216.95
1000.0,4,6,51426.0,203.82
1000.0,4,7,59354.0,172.53
1000.0,4,8,53299.0,191.88
1000.0,4,9,55281.0,186.28
1000.0,4,10,55124.0,184.06
1000.0,4,11,57962.0,176.22
1000.0,4,12,54865.0,184.36
1000.0,4,13,58388.0,171.97
1000.0,4,14,55946.0,181.57
1000.0,4,15,57265.0,182.23
1000.0,4,16,60322.0,170.17
1000.0,4,17,61043.0,172.11
1000.0,4,18,56956.0,181.4
1000.0,5,1,30328.0,339.94
1000.0,5,2,38185.0,266.02
1000.0,5,3,41825.0,252.3
1000.0,5,4,39442.0,261.79
1000.0,5,5,49159.0,205.99
1000.0,5,6,49558.0,199.02
1000.0,5,7,54866.0,194.78
1000.0,5,8,55600.0,183.07
1000.0,5,9,57228.0,182.22
1000.0,5,10,54189.0,184.45
1000.0,5,11,56833.0,182.63
1000.0,5,12,55750.0,182.82
1000.0,5,13,59666.0,171.3
1000.0,5,14,56967.0,179.53
1000.0,5,15,59100.0,172.62
1000.0,5,16,53494.0,190.48
1000.0,5,17,59520.0,172.09
1000.0,5,18,59279.0,171.49
1000.0,6,1,51216.0,176.28
1000.0,6,2,54774.0,146.53
1000.0,6,3,43097.0,217.53
1000.0,6,4,45218.0,192.37
1000.0,6,5,44651.0,200.39
1000.0,6,6,44860.0,196.18
1000.0,6,7,40440.0,224.07
1000.0,6,8,49745.0,161.93
1000.0,6,9,47213.0,181.57
1000.0,6,10,45031.0,177.52
1000.0,6,11,48956.0,174.12
1000.0,6,12,48093.0,174.74
1000.0,6,13,48802.0,169.2
1000.0,6,14,51732.0,161.42
1000.0,6,15,49308.0,170.22
1000.0,6,16,45229.0,193.45
1000.0,6,17,44658.0,195.48
1000.0,6,18,47309.0,173.16
10000.0,1,1,50789.0,2008.5
10000.0,1,2,58503.0,1682.6
10000.0,1,3,56933.0,1808.1
10000.0,1,4,64087.0,1529.5
10000.0,1,5,63080.0,1516.0
10000.0,1,6,63667.0,1499.3
10000.0,1,7,59942.0,1727.8
10000.0,1,8,62588.0,1376.4
10000.0,1,9,64300.0,1468.8
10000.0,1,10,64422.0,1472.5
10000.0,1,11,65911.0,1394.4
10000.0,1,12,62552.0,1539.4
10000.0,1,13,64277.0,1595.8
10000.0,1,14,63240.0,1544.4
10000.0,1,15,65670.0,1544.7
10000.0,1,16,65010.0,1635.0
10000.0,1,17,61870.0,1643.0
10000.0,1,18,64152.0,1565.8
10000.0,2,1,37052.0,2735.3
10000.0,2,2,48986.0,2043.7
10000.0,2,3,61616.0,1588.4
10000.0,2,4,52942.0,1857.9
10000.0,2,5,56752.0,1746.6
10000.0,2,6,64663.0,1539.0
10000.0,2,7,66185.0,1301.6
10000.0,2,8,57685.0,1722.0
10000.0,2,9,66839.0,1407.6
10000.0,2,10,67768.0,1463.6
10000.0,2,11,73286.0,1183.4
10000.0,2,12,74141.0,1169.3
10000.0,2,13,71459.0,387.57
10000.0,2,14,75596.0,1100.8
10000.0,2,15,79489.0,1165.2
10000.0,2,16,72028.0,364.41
10000.0,2,17,78121.0,1279.5
10000.0,2,18,77751.0,1186.4
10000.0,3,1,51479.0,1811.1
10000.0,3,2,63569.0,818.08
10000.0,3,3,40776.0,833.19
10000.0,3,4,53813.0,1140.1
10000.0,3,5,52020.0,816.86
10000.0,3,6,53857.0,766.41
10000.0,3,7,49894.0,777.49
10000.0,3,8,58858.0,748.62
10000.0,3,9,57998.0,731.92
10000.0,3,10,54797.0,816.4
10000.0,3,11,58125.0,823.45
10000.0,3,12,58415.0,783.82
10000.0,3,13,58653.0,736.47
10000.0,3,14,57828.0,792.73
10000.0,3,15,58308.0,754.76
10000.0,3,16,57894.0,753.81
10000.0,3,17,55429.0,816.52
10000.0,3,18,57586.0,792.96
10000.0,4,1,55902.0,1726.8
10000.0,4,2,32762.0,1123.6
10000.0,4,3,36455.0,1007.8
10000.0,4,4,39796.0,891.95
10000.0,4,5,44606.0,876.83
10000.0,4,6,47779.0,775.03
10000.0,4,7,58163.0,722.58
10000.0,4,8,46546.0,851.16
10000.0,4,9,53002.0,914.21
10000.0,4,10,52129.0,812.86
10000.0,4,11,54605.0,791.7
10000.0,4,12,53132.0,783.54
10000.0,4,13,58281.0,784.23
10000.0,4,14,54537.0,828.62
10000.0,4,15,55474.0,803.04
10000.0,4,16,58658.0,799.13
10000.0,4,17,56387.0,877.9
10000.0,4,18,53160.0,836.73
10000.0,5,1,26744.0,1486.5
10000.0,5,2,34867.0,1029.5
10000.0,5,3,36517.0,981.23
10000.0,5,4,36179.0,999.54
10000.0,5,5,46750.0,815.89
10000.0,5,6,49070.0,855.65
10000.0,5,7,51277.0,825.5
10000.0,5,8,53575.0,770.37
10000.0,5,9,54385.0,760.35
10000.0,5,10,56353.0,805.67
10000.0,5,11,56989.0,830.78
10000.0,5,12,56196.0,775.45
10000.0,5,13,55044.0,791.56
10000.0,5,14,56405.0,820.87
10000.0,5,15,54627.0,810.04
10000.0,5,16,52794.0,827.04
10000.0,5,17,56302.0,789.22
10000.0,5,18,55113.0,791.62
10000.0,6,1,56278.0,1267.7
10000.0,6,2,53858.0,425.77
10000.0,6,3,42753.0,904.03
10000.0,6,4,43014.0,743.21
10000.0,6,5,43547.0,681.48
10000.0,6,6,44504.0,552.38
10000.0,6,7,40972.0,835.76
10000.0,6,8,48377.0,453.5
10000.0,6,9,45982.0,489.29
10000.0,6,10,45921.0,468.44
10000.0,6,11,46686.0,513.58
10000.0,6,12,44764.0,541.08
10000.0,6,13,46248.0,522.78
10000.0,6,14,47003.0,494.8
10000.0,6,15,48354.0,478.39
10000.0,6,16,48431.0,503.7
10000.0,6,17,45751.0,524.66
10000.0,6,18,46995.0,591.56
100000.0,1,1,45189.0,20990.0
100000.0,1,2,56635.0,16829.0
100000.0,1,3,59297.0,15169.0
100000.0,1,4,60895.0,15073.0
100000.0,1,5,60465.0,14235.0
100000.0,1,6,64450.0,15049.0
100000.0,1,7,61873.0,16088.0
100000.0,1,8,62165.0,14336.0
100000.0,1,9,67355.0,14309.0
100000.0,1,10,65424.0,13340.0
100000.0,1,11,67729.0,12569.0
100000.0,1,12,65922.0,13977.0
100000.0,1,13,65445.0,14273.0
100000.0,1,14,65736.0,15405.0
100000.0,1,15,64561.0,15257.0
100000.0,1,16,63390.0,14063.0
100000.0,1,17,61329.0,15927.0
100000.0,1,18,66943.0,14608.0
100000.0,2,1,36915.0,25965.0
100000.0,2,2,47481.0,17940.0
100000.0,2,3,58901.0,15448.0
100000.0,2,4,51258.0,18328.0
100000.0,2,5,61746.0,14625.0
100000.0,2,6,62921.0,14513.0
100000.0,2,7,65050.0,11657.0
100000.0,2,8,61056.0,14804.0
100000.0,2,9,70997.0,11549.0
100000.0,2,10,64860.0,14685.0
100000.0,2,11,76492.0,11936.0
100000.0,2,12,79475.0,10377.0
100000.0,2,13,76190.0,789.55
100000.0,2,14,75299.0,10531.0
100000.0,2,15,81320.0,10245.0
100000.0,2,16,70660.0,503.57
100000.0,2,17,83057.0,10676.0
100000.0,2,18,78561.0,11850.0
100000.0,3,1,49647.0,15033.0
100000.0,3,2,64186.0,709.56
100000.0,3,3,43551.0,806.48
100000.0,3,4,53934.0,1229.4
100000.0,3,5,50951.0,825.53
100000.0,3,6,54630.0,831.75
100000.0,3,7,43754.0,820.29
100000.0,3,8,57748.0,737.65
100000.0,3,9,57433.0,925.43
100000.0,3,10,55855.0,791.55
100000.0,3,11,58079.0,773.62
100000.0,3,12,56804.0,806.52
100000.0,3,13,57626.0,886.67
100000.0,3,14,59394.0,791.86
100000.0,3,15,57327.0,756.68
100000.0,3,16,59252.0,868.23
100000.0,3,17,54411.0,883.79
100000.0,3,18,58816.0,812.4
100000.0,4,1,47322.0,16401.0
100000.0,4,2,33020.0,1152.0
100000.0,4,3,36917.0,1175.7
100000.0,4,4,40355.0,897.75
100000.0,4,5,44360.0,820.19
100000.0,4,6,48289.0,852.67
100000.0,4,7,55388.0,796.09
100000.0,4,8,51106.0,910.94
100000.0,4,9,52139.0,816.63
100000.0,4,10,54938.0,759.54
100000.0,4,11,55317.0,784.34
100000.0,4,12,54068.0,830.79
100000.0,4,13,55815.0,876.54
100000.0,4,14,55063.0,918.63
100000.0,4,15,55649.0,878.43
100000.0,4,16,57492.0,860.13
100000.0,4,17,58359.0,895.5
100000.0,4,18,52242.0,883.67
100000.0,5,1,28325.0,1347.7
100000.0,5,2,34813.0,1027.4
100000.0,5,3,36113.0,923.03
100000.0,5,4,33910.0,1023.2
100000.0,5,5,44880.0,841.33
100000.0,5,6,45710.0,848.9
100000.0,5,7,50286.0,848.09
100000.0,5,8,53160.0,868.4
100000.0,5,9,55332.0,800.45
100000.0,5,10,55095.0,853.41
100000.0,5,11,54720.0,827.53
100000.0,5,12,58277.0,825.91
100000.0,5,13,53807.0,840.33
100000.0,5,14,52484.0,891.42
100000.0,5,15,55162.0,1249.1
100000.0,5,16,54569.0,931.08
100000.0,5,17,57302.0,843.75
100000.0,5,18,55594.0,813.39
100000.0,6,1,51230.0,11450.0
100000.0,6,2,55380.0,440.37
100000.0,6,3,43781.0,877.35
100000.0,6,4,43977.0,662.96
100000.0,6,5,42988.0,756.13
100000.0,6,6,43286.0,570.68
100000.0,6,7,38731.0,827.65
100000.0,6,8,47573.0,476.85
100000.0,6,9,45395.0,528.03
100000.0,6,10,44348.0,551.68
100000.0,6,11,48833.0,528.02
100000.0,6,12,44941.0,539.73
100000.0,6,13,46049.0,552.56
100000.0,6,14,45790.0,487.01
100000.0,6,15,47606.0,525.63
100000.0,6,16,47476.0,535.45
100000.0,6,17,44254.0,652.28
100000.0,6,18,47520.0,601.95
1000000.0,1,1,66418.0,91578.0
1000000.0,1,2,56541.0,85691.0
1000000.0,1,3,63021.0,82187.0
1000000.0,1,4,62740.0,83689.0
1000000.0,1,5,69014.0,48267.0
1000000.0,1,6,67297.0,53340.0
1000000.0,1,7,65052.0,71448.0
1000000.0,1,8,73308.0,37269.0
1000000.0,1,9,82905.0,33086.0
1000000.0,1,10,73506.0,40071.0
1000000.0,1,11,93548.0,40881.0
1000000.0,1,12,85232.0,40805.0
1000000.0,1,13,81950.0,55477.0
1000000.0,1,14,95094.0,36603.0
1000000.0,1,15,85140.0,40213.0
1000000.0,1,16,70303.0,60552.0
1000000.0,1,17,78498.0,55374.0
1000000.0,1,18,82514.0,44566.0
1000000.0,2,1,36750.0,94553.0
1000000.0,2,2,57085.0,85782.0
1000000.0,2,3,61824.0,83512.0
1000000.0,2,4,55321.0,63627.0
1000000.0,2,5,63131.0,81802.0
1000000.0,2,6,68913.0,56665.0
1000000.0,2,7,71997.0,27969.0
1000000.0,2,8,80544.0,30348.0
1000000.0,2,9,80590.0,23656.0
1000000.0,2,10,90483.0,40896.0
1000000.0,2,11,78731.0,24278.0
1000000.0,2,12,79508.0,17401.0
1000000.0,2,13,72768.0,390.52
1000000.0,2,14,87119.0,26320.0
1000000.0,2,15,77306.0,17328.0
1000000.0,2,16,69749.0,309.65
1000000.0,2,17,91538.0,37087.0
1000000.0,2,18,81840.0,11246.0
1000000.0,3,1,72271.0,30521.0
1000000.0,3,2,64297.0,720.35
1000000.0,3,3,43923.0,834.66
1000000.0,3,4,52085.0,1052.8
1000000.0,3,5,50224.0,838.11
1000000.0,3,6,55815.0,784.2
1000000.0,3,7,50375.0,808.05
1000000.0,3,8,58117.0,812.82
1000000.0,3,9,58277.0,775.45
1000000.0,3,10,56862.0,827.55
1000000.0,3,11,57489.0,707.08
1000000.0,3,12,58792.0,853.42
1000000.0,3,13,58196.0,753.06
1000000.0,3,14,59461.0,810.27
1000000.0,3,15,59941.0,860.92
1000000.0,3,16,54812.0,796.91
1000000.0,3,17,56236.0,853.96
1000000.0,3,18,57632.0,871.26
1000000.0,4,1,73975.0,27361.0
1000000.0,4,2,31507.0,1210.1
1000000.0,4,3,37308.0,963.54
1000000.0,4,4,41062.0,897.43
1000000.0,4,5,41780.0,911.8
1000000.0,4,6,46966.0,853.63
1000000.0,4,7,55725.0,803.82
1000000.0,4,8,49519.0,860.01
1000000.0,4,9,51861.0,857.03
1000000.0,4,10,54489.0,824.36
1000000.0,4,11,54485.0,799.59
1000000.0,4,12,53634.0,920.88
1000000.0,4,13,54540.0,792.39
1000000.0,4,14,55471.0,842.9
1000000.0,4,15,56222.0,821.53
1000000.0,4,16,56789.0,873.29
1000000.0,4,17,55664.0,1011.6
1000000.0,4,18,55566.0,952.86
1000000.0,5,1,28155.0,1546.7
1000000.0,5,2,36078.0,1020.6
1000000.0,5,3,36871.0,973.83
1000000.0,5,4,34482.0,992.83
1000000.0,5,5,48852.0,821.36
1000000.0,5,6,42877.0,863.05
1000000.0,5,7,49609.0,887.94
1000000.0,5,8,53027.0,895.41
1000000.0,5,9,55087.0,865.8
1000000.0,5,10,54691.0,808.49
1000000.0,5,11,53942.0,888.87
1000000.0,5,12,54673.0,838.89
1000000.0,5,13,54479.0,824.38
1000000.0,5,14,50915.0,811.7
1000000.0,5,15,54619.0,965.73
1000000.0,5,16,52914.0,835.93
1000000.0,5,17,56517.0,846.58
1000000.0,5,18,54890.0,829.28
1000000.0,6,1,55673.0,6031.5
1000000.0,6,2,53945.0,447.48
1000000.0,6,3,43784.0,874.17
1000000.0,6,4,45085.0,653.92
1000000.0,6,5,42758.0,696.02
1000000.0,6,6,43657.0,618.01
1000000.0,6,7,39864.0,904.82
1000000.0,6,8,46245.0,552.01
1000000.0,6,9,45737.0,488.02
1000000.0,6,10,45823.0,549.69
1000000.0,6,11,45294.0,505.23
1000000.0,6,12,45814.0,514.16
1000000.0,6,13,47157.0,529.31
1000000.0,6,14,48325.0,518.26
1000000.0,6,15,50244.0,522.62
1000000.0,6,16,47353.0,514.45
1000000.0,6,17,45327.0,520.84
1000000.0,6,18,47878.0,531.32
1.0,1,1,4602.9,2.25
1.0,1,3,4508.5,2.2534
1.0,1,6,4504.4,2.2747
1.0,1,9,4404.4,2.3335
1.0,1,12,4275.4,2.3254
1.0,1,15,4422.9,2.3844
1.0,1,18,4382.4,2.3919
1.0,2,1,4508.5,2.4379
1.0,2,3,4747.2,2.1477
1.0,2,6,4794.6,2.289
1.0,2,9,4752.9,2.2133
1.0,2,12,4686.7,2.2306
1.0,2,15,4643.2,2.2503
1.0,2,18,4606.4,2.2191
1.0,3,1,5384.6,1.9707
1.0,3,3,5591.7,1.9243
1.0,3,6,5372.8,1.9353
1.0,3,9,5258.3,2.0457
1.0,3,12,5131.6,2.0329
1.0,3,15,5143.0,2.0329
1.0,3,18,5160.4,2.0543
1.0,6,1,5318.7,1.9595
1.0,6,3,5361.1,1.9647
1.0,6,6,5202.6,1.941
1.0,6,9,5160.1,2.0405
1.0,6,12,5120.9,1.9902
1.0,6,15,4999.7,2.0329
1.0,6,18,4957.8,2.043
10.0,1,1,9276.1,12.039
10.0,1,3,14647.0,7.5798
10.0,1,6,15094.0,7.4457
10.0,1,9,15355.0,7.2769
10.0,1,12,15001.0,6.9301
10.0,1,15,15229.0,7.2642
10.0,1,18,15212.0,7.1578
10.0,2,1,8494.1,12.961
10.0,2,3,19208.0,5.7214
10.0,2,6,21618.0,4.8312
10.0,2,9,22005.0,4.774
10.0,2,12,21765.0,4.8266
10.0,2,15,22447.0,4.7671
10.0,2,18,22140.0,4.9532
10.0,3,1,8400.0,12.509
10.0,3,3,16797.0,6.415
10.0,3,6,17061.0,6.2092
10.0,3,9,17217.0,5.9988
10.0,3,12,17287.0,6.1786
10.0,3,15,16905.0,6.2653
10.0,3,18,15905.0,6.7601
10.0,6,1,8667.5,12.546
10.0,6,3,17814.0,5.4526
10.0,6,6,19636.0,4.711
10.0,6,9,19413.0,5.2046
10.0,6,12,20995.0,4.3988
10.0,6,15,19637.0,4.6353
10.0,6,18,19340.0,4.6347
100.0,1,1,10747.0,111.5
100.0,1,3,21959.0,53.857
100.0,1,6,21745.0,50.779
100.0,1,9,23144.0,48.175
100.0,1,12,22410.0,48.032
100.0,1,15,22591.0,49.335
100.0,1,18,23184.0,47.306
100.0,2,1,9506.6,109.87
100.0,2,3,24998.0,49.584
100.0,2,6,28972.0,44.161
100.0,2,9,30659.0,36.679
100.0,2,12,33320.0,34.184
100.0,2,15,31867.0,33.133
100.0,2,18,33784.0,32.883
100.0,3,1,9885.2,117.19
100.0,3,3,18806.0,58.44
100.0,3,6,21693.0,52.732
100.0,3,9,23160.0,45.546
100.0,3,12,21451.0,50.043
100.0,3,15,22544.0,47.847
100.0,3,18,21195.0,49.925
100.0,6,1,10467.0,102.54
100.0,6,3,22524.0,47.047
100.0,6,6,24578.0,38.387
100.0,6,9,23012.0,37.855
100.0,6,12,25459.0,33.369
100.0,6,15,24599.0,30.51
100.0,6,18,25682.0,29.727
1000.0,1,1,9573.1,1132.4
1000.0,1,3,22456.0,495.85
1000.0,1,6,23770.0,478.53
1000.0,1,9,23344.0,475.26
1000.0,1,12,25936.0,446.51
1000.0,1,15,25778.0,412.5
1000.0,1,18,25595.0,446.03
1000.0,2,1,9034.6,1217.3
1000.0,2,3,26177.0,440.59
1000.0,2,6,31480.0,342.65
1000.0,2,9,35368.0,314.87
1000.0,2,12,38846.0,299.2
1000.0,2,15,38350.0,294.81
1000.0,2,18,37037.0,312.07
1000.0,3,1,10065.0,1100.4
1000.0,3,3,22331.0,505.4
1000.0,3,6,21866.0,471.82
1000.0,3,9,22074.0,480.99
1000.0,3,12,25959.0,435.89
1000.0,3,15,23466.0,447.55
1000.0,3,18,23344.0,433.98
1000.0,6,1,9328.2,1175.0
1000.0,6,3,22884.0,424.46
1000.0,6,6,27448.0,277.18
1000.0,6,9,26511.0,307.33
1000.0,6,12,27644.0,254.64
1000.0,6,15,27234.0,277.65
1000.0,6,18,27640.0,300.68
10000.0,1,1,9549.7,10420.0
10000.0,1,3,18950.0,5687.4
10000.0,1,6,20267.0,5414.6
10000.0,1,9,21076.0,5170.7
10000.0,1,12,21385.0,4985.3
10000.0,1,15,20039.0,5536.3
10000.0,1,18,20923.0,5250.0
10000.0,2,1,8922.4,11828.0
10000.0,2,3,25630.0,4190.6
10000.0,2,6,33463.0,3441.6
10000.0,2,9,34739.0,3308.0
10000.0,2,12,33345.0,3375.2
10000.0,2,15,34157.0,3154.6
10000.0,2,18,31974.0,3259.4
10000.0,3,1,9504.8,11114.0
10000.0,3,3,19143.0,1658.2
10000.0,3,6,21413.0,1751.1
10000.0,3,9,21810.0,1437.6
10000.0,3,12,20768.0,1526.2
10000.0,3,15,22331.0,1447.1
10000.0,3,18,21871.0,1573.4
10000.0,6,1,11814.0,8104.6
10000.0,6,3,22006.0,1871.2
10000.0,6,6,25263.0,1057.2
10000.0,6,9,27814.0,655.03
10000.0,6,12,27995.0,832.75
10000.0,6,15,27720.0,745.04
10000.0,6,18,29288.0,898.52
100000.0,1,1,9136.9,82037.0
100000.0,1,3,18463.0,48084.0
100000.0,1,6,19583.0,46923.0
100000.0,1,9,20241.0,48535.0
100000.0,1,12,22344.0,43826.0
100000.0,1,15,21114.0,46172.0
100000.0,1,18,21202.0,45261.0
100000.0,2,1,7977.6,78965.0
100000.0,2,3,26935.0,35250.0
100000.0,2,6,30621.0,30120.0
100000.0,2,9,32491.0,31515.0
100000.0,2,12,35034.0,28760.0
100000.0,2,15,34852.0,27668.0
100000.0,2,18,34687.0,28743.0
100000.0,3,1,10023.0,70985.0
100000.0,3,3,18567.0,1733.9
100000.0,3,6,21296.0,1548.2
100000.0,3,9,20921.0,1589.0
100000.0,3,12,20378.0,1540.1
100000.0,3,15,21716.0,1473.6
100000.0,3,18,21210.0,1826.1
100000.0,6,1,10376.0,64210.0
100000.0,6,3,21885.0,1960.1
100000.0,6,6,25775.0,1066.2
100000.0,6,9,27096.0,843.62
100000.0,6,12,29156.0,697.91
100000.0,6,15,27609.0,931.89
100000.0,6,18,28055.0,874.78
1000000.0,1,1,57603.0,99722.0
1000000.0,1,3,58279.0,88542.0
1000000.0,1,6,54006.0,89234.0
1000000.0,1,9,55495.0,82624.0
1000000.0,1,12,55320.0,91290.0
1000000.0,1,15,58616.0,84497.0
1000000.0,1,18,58326.0,86354.0
1000000.0,2,1,38501.0,72876.0
1000000.0,2,3,42537.0,85607.0
1000000.0,2,6,56964.0,72319.0
1000000.0,2,9,72394.0,58477.0
1000000.0,2,12,64455.0,65922.0
1000000.0,2,15,58581.0,59230.0
1000000.0,2,18,53112.0,69276.0
1000000.0,3,1,51244.0,80453.0
1000000.0,3,3,19409.0,1785.0
1000000.0,3,6,18902.0,1623.2
1000000.0,3,9,21188.0,1713.5
1000000.0,3,12,21921.0,1464.6
1000000.0,3,15,21614.0,1450.2
1000000.0,3,18,20184.0,1516.5
1000000.0,6,1,52828.0,73243.0
1000000.0,6,3,22139.0,1764.9
1000000.0,6,6,28016.0,890.11
1000000.0,6,9,28562.0,638.08
1000000.0,6,12,28919.0,741.02
1000000.0,6,15,26632.0,824.51
1000000.0,6,18,28388.0,887.67
1.0,1,1,4123.9,2.5786
1.0,1,3,4098.6,2.5385
1.0,1,6,4176.9,2.5477
1.0,1,9,4059.4,2.5699
1.0,1,12,4032.0,2.6341
1.0,1,15,3983.3,2.585
1.0,1,18,4100.2,2.6116
1.0,2,1,4097.1,2.6345
1.0,2,3,4213.6,2.4483
1.0,2,6,4123.2,2.4584
1.0,2,9,4212.6,2.4867
1.0,2,12,4224.6,2.4514
1.0,2,15,4192.9,2.5676
1.0,2,18,4229.9,2.4561
1.0,3,1,4869.9,2.2345
1.0,3,3,4742.8,2.2434
1.0,3,6,4745.9,2.274
1.0,3,9,4646.2,2.2873
1.0,3,12,4589.6,2.2376
1.0,3,15,4684.3,2.263
1.0,3,18,4593.9,2.2561
1.0,6,1,4849.6,2.3172
1.0,6,3,4850.4,2.1844
1.0,6,6,4716.8,2.1994
1.0,6,9,4568.4,2.2659
1.0,6,12,4638.4,2.2965
1.0,6,15,4642.1,2.2694
1.0,6,18,4702.3,2.2763
10.0,1,1,7494.8,15.267
10.0,1,3,12690.0,9.0425
10.0,1,6,13341.0,8.4104
10.0,1,9,12787.0,8.5116
10.0,1,12,13208.0,8.4711
10.0,1,15,13048.0,8.2902
10.0,1,18,13618.0,8.6734
10.0,2,1,6876.2,16.932
10.0,2,3,13898.0,7.9557
10.0,2,6,17445.0,6.2931
10.0,2,9,18656.0,5.6942
10.0,2,12,19215.0,5.9139
10.0,2,15,18564.0,5.822
10.0,2,18,18872.0,5.704
10.0,3,1,7221.4,19.849
10.0,3,3,14028.0,8.641
10.0,3,6,16094.0,6.7821
10.0,3,9,16038.0,6.8006
10.0,3,12,15038.0,7.0763
10.0,3,15,15777.0,6.9694
10.0,3,18,16158.0,6.515
10.0,6,1,7599.1,13.874
10.0,6,3,16448.0,6.6913
10.0,6,6,17588.0,5.4324
10.0,6,9,18337.0,5.274
10.0,6,12,17812.0,5.8555
10.0,6,15,18604.0,5.2717
10.0,6,18,17697.0,5.2977
100.0,1,1,8600.1,142.45
100.0,1,3,17561.0,66.278
100.0,1,6,17933.0,62.246
100.0,1,9,19721.0,62.512
100.0,1,12,20382.0,57.635
100.0,1,15,17886.0,62.345
100.0,1,18,21201.0,51.009
100.0,2,1,7677.3,137.63
100.0,2,3,18789.0,60.38
100.0,2,6,21809.0,52.464
100.0,2,9,24019.0,46.646
100.0,2,12,26077.0,39.596
100.0,2,15,28395.0,36.861
100.0,2,18,28405.0,38.097
100.0,3,1,7864.7,131.92
100.0,3,3,17860.0,61.224
100.0,3,6,20076.0,55.609
100.0,3,9,21596.0,51.502
100.0,3,12,20701.0,58.286
100.0,3,15,20075.0,57.099
100.0,3,18,19610.0,59.478
100.0,6,1,8636.8,123.03
100.0,6,3,19318.0,47.348
100.0,6,6,21305.0,46.838
100.0,6,9,22039.0,41.581
100.0,6,12,23470.0,35.825
100.0,6,15,21993.0,42.093
100.0,6,18,23940.0,35.91
1000.0,1,1,9036.2,1310.1
1000.0,1,3,20665.0,547.77
1000.0,1,6,22127.0,540.98
1000.0,1,9,20011.0,551.17
1000.0,1,12,22722.0,494.29
1000.0,1,15,20768.0,560.98
1000.0,1,18,23878.0,465.92
1000.0,2,1,7755.1,1269.1
1000.0,2,3,22093.0,522.18
1000.0,2,6,28725.0,399.13
1000.0,2,9,29274.0,357.24
1000.0,2,12,33903.0,348.49
1000.0,2,15,35508.0,330.13
1000.0,2,18,34045.0,334.44
1000.0,3,1,8044.5,1305.9
1000.0,3,3,18655.0,579.29
1000.0,3,6,20312.0,555.68
1000.0,3,9,20589.0,537.34
1000.0,3,12,20562.0,523.63
1000.0,3,15,19776.0,602.72
1000.0,3,18,21098.0,501.84
1000.0,6,1,9131.9,1299.1
1000.0,6,3,21467.0,512.14
1000.0,6,6,25035.0,343.85
1000.0,6,9,24362.0,345.38
1000.0,6,12,23951.0,419.31
1000.0,6,15,24693.0,277.74
1000.0,6,18,23876.0,372.5
10000.0,1,1,8808.6,12596.0
10000.0,1,3,16015.0,6876.6
10000.0,1,6,18745.0,5990.6
10000.0,1,9,18112.0,6255.3
10000.0,1,12,19184.0,5861.8
10000.0,1,15,19210.0,6260.9
10000.0,1,18,19317.0,5709.0
10000.0,2,1,6913.8,14710.0
10000.0,2,3,23990.0,4735.0
10000.0,2,6,27670.0,3923.0
10000.0,2,9,30740.0,3751.1
10000.0,2,12,31890.0,3379.6
10000.0,2,15,27830.0,3523.8
10000.0,2,18,30901.0,3380.6
10000.0,3,1,8160.0,13166.0
10000.0,3,3,18253.0,1943.9
10000.0,3,6,16018.0,2153.4
10000.0,3,9,19366.0,1781.6
10000.0,3,12,18735.0,1760.2
10000.0,3,15,18857.0,1717.1
10000.0,3,18,19010.0,1792.1
10000.0,6,1,8058.1,11121.0
10000.0,6,3,19316.0,2194.6
10000.0,6,6,26972.0,1266.6
10000.0,6,9,25614.0,1220.9
10000.0,6,12,26973.0,856.94
10000.0,6,15,25023.0,809.05
10000.0,6,18,25694.0,828.89
100000.0,1,1,7445.7,74603.0
100000.0,1,3,17260.0,57080.0
100000.0,1,6,18566.0,51016.0
100000.0,1,9,18336.0,49528.0
100000.0,1,12,17814.0,49666.0
100000.0,1,15,21013.0,45807.0
100000.0,1,18,20186.0,46405.0
100000.0,2,1,6209.4,83712.0
100000.0,2,3,23864.0,37378.0
100000.0,2,6,26935.0,36587.0
100000.0,2,9,29027.0,34206.0
100000.0,2,12,29893.0,34751.0
100000.0,2,15,29311.0,33300.0
100000.0,2,18,32366.0,28518.0
100000.0,3,1,9988.9,64176.0
100000.0,3,3,18159.0,1781.5
100000.0,3,6,17406.0,2010.2
100000.0,3,9,21496.0,1595.8
100000.0,3,12,19027.0,1568.1
100000.0,3,15,19488.0,1556.2
100000.0,3,18,17900.0,1829.9
100000.0,6,1,7625.9,61107.0
100000.0,6,3,19790.0,2276.2
100000.0,6,6,24924.0,869.0
100000.0,6,9,25620.0,1057.5
100000.0,6,12,25490.0,953.19
100000.0,6,15,26714.0,985.57
100000.0,6,18,27324.0,865.83
1000000.0,1,1,48918.0,93904.0
1000000.0,1,3,43144.0,77076.0
1000000.0,1,6,32533.0,79764.0
1000000.0,1,9,35978.0,85576.0
1000000.0,1,12,38675.0,84330.0
1000000.0,1,15,39811.0,83368.0
1000000.0,1,18,46272.0,83169.0
1000000.0,2,1,35943.0,70293.0
1000000.0,2,3,41319.0,90593.0
1000000.0,2,6,52611.0,82576.0
1000000.0,2,9,61403.0,52488.0
1000000.0,2,12,60713.0,73693.0
1000000.0,2,15,63734.0,71418.0
1000000.0,2,18,63113.0,76115.0
1000000.0,3,1,46742.0,78749.0
1000000.0,3,3,17810.0,2023.7
1000000.0,3,6,18378.0,1747.9
1000000.0,3,9,19653.0,1953.2
1000000.0,3,12,19028.0,1818.2
1000000.0,3,15,20226.0,1784.3
1000000.0,3,18,20100.0,1692.8
1000000.0,6,1,36125.0,46551.0
1000000.0,6,3,20157.0,1979.7
1000000.0,6,6,24009.0,1028.0
1000000.0,6,9,25312.0,911.97
1000000.0,6,12,26336.0,855.8
1000000.0,6,15,25389.0,812.2
1000000.0,6,18,26278.0,1019.7
