Spout_wait,Spliters,Counters,Throughput+,Latency-
1,1,1,8006.2,419.16
1,1,2,10818.0,316.58
1,1,3,11601.0,286.42
1,1,4,11537.0,292.69
1,1,5,12999.0,237.04
1,1,6,12285.0,288.02
1,1,7,12032.0,275.01
1,1,8,13630.0,228.6
1,1,9,12168.0,268.84
1,1,10,13055.0,247.74
1,1,11,14500.0,229.24
1,1,12,12239.0,263.31
1,1,13,12596.0,260.77
1,1,14,15891.0,198.18
1,1,15,13164.0,244.6
1,1,16,12781.0,250.88
1,1,17,16487.0,191.92
1,1,18,12962.0,253.55
1,2,1,8587.7,377.76
1,2,2,11514.0,283.68
1,2,3,12493.0,261.6
1,2,4,14253.0,247.47
1,2,5,14658.0,247.88
1,2,6,14244.0,240.76
1,2,7,15192.0,214.55
1,2,8,16267.0,241.35
1,2,9,15377.0,217.16
1,2,10,16738.0,221.13
1,2,11,16819.0,213.84
1,2,12,15830.0,208.02
1,2,13,16286.0,186.2
1,2,14,17417.0,206.11
1,2,15,16529.0,206.59
1,2,16,18331.0,198.49
1,2,17,18839.0,193.46
1,2,18,15819.0,197.37
1,3,1,7905.6,416.37
1,3,2,11995.0,284.51
1,3,3,13484.0,246.75
1,3,4,14334.0,248.43
1,3,5,14845.0,232.94
1,3,6,14644.0,240.27
1,3,7,16029.0,254.05
1,3,8,16550.0,225.83
1,3,9,17202.0,205.13
1,3,10,17784.0,189.72
1,3,11,17484.0,196.27
1,3,12,18268.0,200.34
1,3,13,18222.0,199.7
1,3,14,17396.0,220.63
1,3,15,19206.0,177.95
1,3,16,18801.0,194.37
1,3,17,19818.0,185.14
1,3,18,18647.0,209.34
1,4,1,8297.3,386.33
1,4,2,11975.0,282.78
1,4,3,13958.0,241.05
1,4,4,14204.0,250.52
1,4,5,15173.0,254.59
1,4,6,15596.0,221.13
1,4,7,15648.0,228.73
1,4,8,16533.0,212.25
1,4,9,15607.0,205.96
1,4,10,17669.0,197.21
1,4,11,17728.0,204.74
1,4,12,18493.0,194.98
1,4,13,18710.0,179.83
1,4,14,17538.0,188.25
1,4,15,18404.0,192.67
1,4,16,17685.0,211.49
1,4,17,19895.0,181.35
1,4,18,18807.0,189.21
1,5,1,8381.5,402.22
1,5,2,11395.0,285.58
1,5,3,13665.0,247.65
1,5,4,14629.0,253.32
1,5,5,14958.0,230.14
1,5,6,15394.0,224.92
1,5,7,15979.0,201.95
1,5,8,15568.0,227.4
1,5,9,17086.0,205.78
1,5,10,18338.0,207.11
1,5,11,17640.0,200.79
1,5,12,18590.0,193.02
1,5,13,18384.0,230.66
1,5,14,17701.0,193.79
1,5,15,19350.0,217.33
1,5,16,19524.0,195.03
1,5,17,20391.0,176.12
1,5,18,19409.0,194.12
1,6,1,8439.5,391.66
1,6,2,11370.0,282.9
1,6,3,13978.0,239.83
1,6,4,14036.0,236.23
1,6,5,14816.0,248.53
1,6,6,15571.0,221.22
1,6,7,14952.0,211.67
1,6,8,16616.0,217.77
1,6,9,17646.0,210.41
1,6,10,18354.0,189.74
1,6,11,18004.0,219.26
1,6,12,18961.0,176.39
1,6,13,17982.0,185.49
1,6,14,18238.0,206.1
1,6,15,19629.0,189.2
1,6,16,19256.0,200.02
1,6,17,20024.0,176.57
1,6,18,19152.0,183.64
2,1,1,8337.3,394.28
2,1,2,11726.0,287.88
2,1,3,12804.0,250.71
2,1,4,12507.0,260.97
2,1,5,13998.0,218.03
2,1,6,12043.0,254.55
2,1,7,12766.0,255.09
2,1,8,14679.0,221.0
2,1,9,13015.0,254.37
2,1,10,13940.0,226.85
2,1,11,16112.0,198.53
2,1,12,13566.0,240.13
2,1,13,13554.0,237.44
2,1,14,16567.0,199.75
2,1,15,13883.0,240.04
2,1,16,14072.0,225.86
2,1,17,16256.0,194.45
2,1,18,13858.0,243.6
2,2,1,9093.2,355.89
2,2,2,11914.0,274.71
2,2,3,12954.0,255.64
2,2,4,14545.0,220.19
2,2,5,14916.0,228.45
2,2,6,14743.0,241.03
2,2,7,15682.0,216.74
2,2,8,16853.0,241.67
2,2,9,15583.0,232.8
2,2,10,17373.0,194.83
2,2,11,17310.0,205.18
2,2,12,16945.0,217.96
2,2,13,17908.0,207.82
2,2,14,18040.0,193.07
2,2,15,16557.0,202.01
2,2,16,18510.0,181.3
2,2,17,19269.0,193.05
2,2,18,17493.0,186.91
2,3,1,8506.4,352.62
2,3,2,12453.0,274.3
2,3,3,14913.0,221.1
2,3,4,14668.0,243.64
2,3,5,15768.0,229.09
2,3,6,15960.0,224.49
2,3,7,15743.0,201.25
2,3,8,16592.0,205.46
2,3,9,17332.0,196.91
2,3,10,18007.0,204.66
2,3,11,17883.0,193.69
2,3,12,18862.0,190.63
2,3,13,18608.0,221.8
2,3,14,18380.0,191.8
2,3,15,19434.0,180.54
2,3,16,19199.0,184.12
2,3,17,19203.0,190.63
2,3,18,19432.0,180.34
2,4,1,8602.2,397.62
2,4,2,12513.0,267.68
2,4,3,14814.0,214.45
2,4,4,13608.0,233.05
2,4,5,14505.0,227.55
2,4,6,16542.0,208.06
2,4,7,16129.0,209.67
2,4,8,17221.0,203.77
2,4,9,17995.0,217.53
2,4,10,18969.0,194.84
2,4,11,17455.0,199.5
2,4,12,19018.0,196.45
2,4,13,19090.0,179.29
2,4,14,18913.0,184.11
2,4,15,20094.0,167.28
2,4,16,19321.0,188.85
2,4,17,19333.0,176.63
2,4,18,19208.0,175.4
2,5,1,8853.8,354.76
2,5,2,12244.0,251.8
2,5,3,14911.0,216.68
2,5,4,15386.0,225.32
2,5,5,15624.0,219.74
2,5,6,15345.0,231.34
2,5,7,16456.0,201.11
2,5,8,16596.0,206.31
2,5,9,17453.0,193.94
2,5,10,17943.0,189.89
2,5,11,18073.0,172.4
2,5,12,17881.0,182.27
2,5,13,18751.0,193.39
2,5,14,18567.0,192.2
2,5,15,19421.0,191.47
2,5,16,18652.0,184.15
2,5,17,20209.0,185.56
2,5,18,19959.0,183.08
2,6,1,8800.9,360.35
2,6,2,12617.0,252.95
2,6,3,14421.0,224.68
2,6,4,14834.0,221.29
2,6,5,15850.0,234.81
2,6,6,16530.0,204.54
2,6,7,16515.0,201.3
2,6,8,17343.0,202.27
2,6,9,18191.0,198.56
2,6,10,19480.0,188.78
2,6,11,18076.0,195.47
2,6,12,19354.0,201.68
2,6,13,19893.0,192.96
2,6,14,18865.0,199.41
2,6,15,20164.0,185.57
2,6,16,19422.0,180.35
2,6,17,21842.0,153.76
2,6,18,18139.0,174.71
3,1,1,8220.5,404.54
3,1,2,12297.0,275.28
3,1,3,12566.0,272.99
3,1,4,12158.0,264.35
3,1,5,14633.0,218.59
3,1,6,12046.0,251.15
3,1,7,12308.0,255.93
3,1,8,14672.0,225.94
3,1,9,13297.0,252.01
3,1,10,14066.0,232.12
3,1,11,15143.0,199.7
3,1,12,13273.0,245.45
3,1,13,13984.0,227.01
3,1,14,16371.0,201.8
3,1,15,14704.0,218.17
3,1,16,12693.0,247.98
3,1,17,18214.0,179.54
3,1,18,14088.0,230.73
3,2,1,8807.9,365.54
3,2,2,12331.0,265.24
3,2,3,12472.0,259.6
3,2,4,15170.0,216.28
3,2,5,15828.0,221.2
3,2,6,15182.0,225.96
3,2,7,16035.0,203.96
3,2,8,17097.0,236.21
3,2,9,15911.0,219.19
3,2,10,17240.0,186.49
3,2,11,17616.0,207.75
3,2,12,16383.0,207.91
3,2,13,17653.0,185.06
3,2,14,17518.0,193.89
3,2,15,17707.0,197.79
3,2,16,19593.0,183.14
3,2,17,19555.0,176.29
3,2,18,17926.0,189.41
3,3,1,9017.3,361.64
3,3,2,13119.0,266.57
3,3,3,14959.0,228.82
3,3,4,14548.0,232.12
3,3,5,15029.0,225.43
3,3,6,15827.0,213.03
3,3,7,16580.0,197.74
3,3,8,17085.0,212.64
3,3,9,17656.0,190.21
3,3,10,18421.0,177.34
3,3,11,17772.0,190.27
3,3,12,19040.0,187.35
3,3,13,19845.0,176.05
3,3,14,18144.0,200.7
3,3,15,20971.0,165.65
3,3,16,19103.0,172.01
3,3,17,20360.0,174.83
3,3,18,19775.0,188.06
3,4,1,9137.1,337.37
3,4,2,12591.0,247.43
3,4,3,14792.0,209.99
3,4,4,15613.0,215.8
3,4,5,15856.0,206.58
3,4,6,16214.0,210.27
3,4,7,16355.0,209.23
3,4,8,17333.0,198.12
3,4,9,18002.0,207.85
3,4,10,19287.0,194.14
3,4,11,17715.0,201.36
3,4,12,19536.0,187.32
3,4,13,17653.0,194.27
3,4,14,19116.0,182.39
3,4,15,19353.0,175.48
3,4,16,20035.0,183.51
3,4,17,20636.0,180.59
3,4,18,19784.0,173.4
3,5,1,8928.5,354.78
3,5,2,12773.0,243.79
3,5,3,14910.0,229.53
3,5,4,15312.0,217.38
3,5,5,15810.0,228.3
3,5,6,16402.0,193.27
3,5,7,16846.0,206.99
3,5,8,16913.0,195.85
3,5,9,17888.0,203.63
3,5,10,18636.0,168.4
3,5,11,18177.0,200.89
3,5,12,19548.0,189.32
3,5,13,19162.0,189.93
3,5,14,19311.0,222.4
3,5,15,20593.0,186.5
3,5,16,19967.0,184.23
3,5,17,20674.0,158.35
3,5,18,20683.0,171.45
3,6,1,8326.6,370.78
3,6,2,12603.0,237.77
3,6,3,14618.0,217.07
3,6,4,15466.0,220.31
3,6,5,16059.0,214.64
3,6,6,16526.0,190.44
3,6,7,16084.0,221.76
3,6,8,17687.0,205.63
3,6,9,18400.0,195.01
3,6,10,19187.0,168.97
3,6,11,19227.0,194.02
3,6,12,20070.0,179.05
3,6,13,19814.0,191.11
3,6,14,18948.0,191.5
3,6,15,19391.0,182.76
3,6,16,19563.0,186.97
3,6,17,22060.0,176.14
3,6,18,21262.0,179.24
4,1,1,8823.4,383.41
4,1,2,12185.0,261.68
4,1,3,12938.0,267.28
4,1,4,12029.0,276.04
4,1,5,14879.0,224.85
4,1,6,13797.0,237.17
4,1,7,13781.0,247.06
4,1,8,14252.0,206.88
4,1,9,13562.0,241.96
4,1,10,13889.0,226.81
4,1,11,15581.0,185.58
4,1,12,14072.0,250.76
4,1,13,14385.0,228.0
4,1,14,16755.0,195.36
4,1,15,14354.0,232.15
4,1,16,14891.0,217.78
4,1,17,18081.0,182.57
4,1,18,14346.0,216.52
4,2,1,9228.7,359.3
4,2,2,12491.0,261.6
4,2,3,13479.0,243.11
4,2,4,15091.0,228.56
4,2,5,15360.0,219.72
4,2,6,14720.0,224.19
4,2,7,16783.0,211.13
4,2,8,16881.0,207.97
4,2,9,16004.0,202.22
4,2,10,17799.0,184.34
4,2,11,17917.0,198.19
4,2,12,16121.0,199.59
4,2,13,19047.0,182.28
4,2,14,18417.0,174.34
4,2,15,17926.0,192.56
4,2,16,19167.0,188.14
4,2,17,19510.0,173.89
4,2,18,17820.0,189.06
4,3,1,9356.2,331.87
4,3,2,13013.0,257.58
4,3,3,14984.0,212.78
4,3,4,14536.0,225.14
4,3,5,15654.0,220.2
4,3,6,16283.0,215.49
4,3,7,16810.0,198.19
4,3,8,16950.0,224.92
4,3,9,18216.0,178.78
4,3,10,18983.0,190.41
4,3,11,18561.0,201.79
4,3,12,18441.0,187.9
4,3,13,19103.0,192.35
4,3,14,18268.0,196.77
4,3,15,20030.0,199.68
4,3,16,19030.0,205.3
4,3,17,21605.0,160.5
4,3,18,20182.0,170.91
4,4,1,9527.2,357.96
4,4,2,12203.0,248.93
4,4,3,15042.0,210.11
4,4,4,15290.0,222.45
4,4,5,16262.0,206.77
4,4,6,16210.0,213.07
4,4,7,16742.0,210.53
4,4,8,17659.0,184.96
4,4,9,17973.0,201.85
4,4,10,19050.0,173.08
4,4,11,19209.0,184.26
4,4,12,19112.0,192.52
4,4,13,20134.0,170.21
4,4,14,18605.0,180.45
4,4,15,20582.0,177.56
4,4,16,20060.0,174.71
4,4,17,21687.0,164.28
4,4,18,20710.0,177.62
4,5,1,9560.1,368.29
4,5,2,12668.0,251.24
4,5,3,15110.0,230.85
4,5,4,15404.0,222.95
4,5,5,15577.0,216.81
4,5,6,16918.0,209.14
4,5,7,16961.0,206.56
4,5,8,17204.0,204.36
4,5,9,17479.0,195.46
4,5,10,18873.0,189.94
4,5,11,18227.0,191.82
4,5,12,19633.0,177.95
4,5,13,19578.0,194.42
4,5,14,19639.0,204.91
4,5,15,20916.0,204.49
4,5,16,18676.0,189.39
4,5,17,21488.0,169.08
4,5,18,20166.0,155.54
4,6,1,9039.4,344.91
4,6,2,12779.0,242.99
4,6,3,15333.0,212.5
4,6,4,15648.0,212.93
4,6,5,15741.0,223.32
4,6,6,16253.0,216.46
4,6,7,16851.0,214.25
4,6,8,17559.0,213.37
4,6,9,18203.0,187.03
4,6,10,19479.0,177.6
4,6,11,18891.0,183.68
4,6,12,19705.0,174.85
4,6,13,19942.0,196.24
4,6,14,20253.0,184.74
4,6,15,20591.0,173.86
4,6,16,20451.0,171.79
4,6,17,21629.0,162.25
4,6,18,21759.0,174.67
5,1,1,8785.9,362.94
5,1,2,12419.0,249.4
5,1,3,13658.0,241.24
5,1,4,12359.0,260.07
5,1,5,14485.0,215.06
5,1,6,13256.0,243.86
5,1,7,13024.0,249.22
5,1,8,15183.0,200.64
5,1,9,14224.0,227.65
5,1,10,14443.0,230.79
5,1,11,16926.0,198.63
5,1,12,14978.0,228.83
5,1,13,14360.0,239.35
5,1,14,16427.0,198.4
5,1,15,14763.0,208.71
5,1,16,14622.0,220.23
5,1,17,17414.0,189.04
5,1,18,14336.0,224.22
5,2,1,9314.4,359.04
5,2,2,13222.0,259.18
5,2,3,13744.0,249.61
5,2,4,14860.0,224.41
5,2,5,15612.0,217.24
5,2,6,14275.0,224.04
5,2,7,16747.0,198.78
5,2,8,16081.0,223.09
5,2,9,16802.0,216.0
5,2,10,18282.0,181.31
5,2,11,17492.0,212.48
5,2,12,17249.0,191.29
5,2,13,19214.0,170.21
5,2,14,18624.0,191.35
5,2,15,17585.0,194.87
5,2,16,19702.0,185.05
5,2,17,19847.0,170.76
5,2,18,17639.0,179.81
5,3,1,9461.5,349.23
5,3,2,12760.0,243.76
5,3,3,15168.0,222.38
5,3,4,15676.0,226.06
5,3,5,16101.0,221.88
5,3,6,16482.0,209.67
5,3,7,16631.0,207.19
5,3,8,17673.0,205.44
5,3,9,18218.0,184.29
5,3,10,18616.0,190.96
5,3,11,18113.0,200.19
5,3,12,19289.0,176.63
5,3,13,18910.0,201.25
5,3,14,18353.0,203.26
5,3,15,20419.0,169.51
5,3,16,19893.0,175.26
5,3,17,22391.0,168.34
5,3,18,19428.0,178.11
5,4,1,9285.2,331.36
5,4,2,12743.0,251.42
5,4,3,15186.0,203.89
5,4,4,15607.0,224.25
5,4,5,15775.0,205.4
5,4,6,16490.0,203.5
5,4,7,17128.0,209.43
5,4,8,17993.0,197.27
5,4,9,18056.0,176.21
5,4,10,18996.0,175.97
5,4,11,18231.0,196.1
5,4,12,19001.0,176.54
5,4,13,19623.0,186.37
5,4,14,19247.0,189.93
5,4,15,20414.0,183.81
5,4,16,19379.0,179.67
5,4,17,21595.0,165.35
5,4,18,21155.0,175.06
5,5,1,9270.5,338.59
5,5,2,12719.0,245.87
5,5,3,15595.0,212.96
5,5,4,15676.0,206.94
5,5,5,16032.0,205.54
5,5,6,16195.0,195.66
5,5,7,17570.0,193.77
5,5,8,17449.0,189.07
5,5,9,18204.0,188.49
5,5,10,20077.0,177.23
5,5,11,19349.0,194.77
5,5,12,19529.0,169.53
5,5,13,20216.0,185.46
5,5,14,19144.0,192.49
5,5,15,20974.0,175.37
5,5,16,19334.0,173.59
5,5,17,22298.0,166.1
5,5,18,21489.0,165.71
5,6,1,9361.5,336.16
5,6,2,12995.0,249.77
5,6,3,15180.0,200.2
5,6,4,16099.0,204.13
5,6,5,16610.0,217.29
5,6,6,16554.0,201.82
5,6,7,17031.0,197.09
5,6,8,17760.0,190.93
5,6,9,18926.0,185.28
5,6,10,20159.0,172.33
5,6,11,19565.0,178.14
5,6,12,20435.0,185.76
5,6,13,19954.0,193.66
5,6,14,19500.0,186.76
5,6,15,20572.0,179.37
5,6,16,19756.0,220.6
5,6,17,21412.0,188.77
5,6,18,21822.0,176.48
6,1,1,9179.4,350.32
6,1,2,11633.0,273.81
6,1,3,13805.0,248.23
6,1,4,12759.0,258.19
6,1,5,14072.0,222.17
6,1,6,12687.0,245.38
6,1,7,13847.0,242.95
6,1,8,15459.0,211.54
6,1,9,14161.0,238.75
6,1,10,13771.0,231.09
6,1,11,15407.0,209.92
6,1,12,13749.0,224.36
6,1,13,14391.0,220.76
6,1,14,16840.0,189.32
6,1,15,15014.0,207.14
6,1,16,14237.0,236.34
6,1,17,17818.0,176.92
6,1,18,14273.0,230.71
6,2,1,9114.0,348.7
6,2,2,12414.0,260.98
6,2,3,13566.0,246.83
6,2,4,15164.0,226.93
6,2,5,15739.0,220.35
6,2,6,14991.0,214.92
6,2,7,16818.0,222.3
6,2,8,17107.0,213.73
6,2,9,16277.0,212.64
6,2,10,18559.0,178.78
6,2,11,17694.0,187.47
6,2,12,16895.0,181.01
6,2,13,19408.0,170.62
6,2,14,18113.0,183.38
6,2,15,18242.0,192.63
6,2,16,19615.0,168.46
6,2,17,20425.0,167.99
6,2,18,17707.0,202.68
6,3,1,9943.0,345.64
6,3,2,12609.0,275.32
6,3,3,14404.0,224.17
6,3,4,15492.0,220.87
6,3,5,16033.0,225.89
6,3,6,16480.0,214.24
6,3,7,17164.0,200.03
6,3,8,17696.0,206.15
6,3,9,18325.0,199.12
6,3,10,18746.0,192.25
6,3,11,18655.0,175.34
6,3,12,19373.0,171.58
6,3,13,19780.0,173.96
6,3,14,19247.0,178.88
6,3,15,19994.0,159.31
6,3,16,19435.0,217.76
6,3,17,20371.0,173.53
6,3,18,20402.0,185.48
6,4,1,8935.8,332.06
6,4,2,12985.0,247.85
6,4,3,14833.0,225.02
6,4,4,15740.0,221.27
6,4,5,16512.0,218.93
6,4,6,16674.0,191.74
6,4,7,16280.0,197.91
6,4,8,16981.0,207.94
6,4,9,18031.0,196.48
6,4,10,19286.0,163.71
6,4,11,18674.0,187.41
6,4,12,19414.0,179.52
6,4,13,19498.0,179.64
6,4,14,18883.0,171.99
6,4,15,20326.0,176.34
6,4,16,20350.0,184.46
6,4,17,21302.0,170.52
6,4,18,20106.0,174.8
6,5,1,9999.3,336.43
6,5,2,13709.0,241.27
6,5,3,15659.0,207.25
6,5,4,15472.0,217.54
6,5,5,15831.0,223.23
6,5,6,15530.0,209.63
6,5,7,17520.0,215.87
6,5,8,17245.0,204.39
6,5,9,18479.0,189.62
6,5,10,20095.0,176.3
6,5,11,19788.0,174.54
6,5,12,19148.0,171.1
6,5,13,19531.0,173.48
6,5,14,19236.0,206.19
6,5,15,21082.0,177.91
6,5,16,19668.0,167.11
6,5,17,21433.0,167.49
6,5,18,21684.0,175.82
6,6,1,9523.8,341.67
6,6,2,13653.0,232.69
6,6,3,15529.0,218.6
6,6,4,15688.0,209.71
6,6,5,16197.0,223.22
6,6,6,16882.0,195.61
6,6,7,17261.0,201.94
6,6,8,17602.0,202.18
6,6,9,17727.0,182.72
6,6,10,19108.0,179.76
6,6,11,19495.0,190.78
6,6,12,20038.0,168.69
6,6,13,19892.0,178.59
6,6,14,20259.0,188.99
6,6,15,21412.0,169.27
6,6,16,21221.0,171.2
6,6,17,22255.0,185.37
6,6,18,20909.0,165.71
7,1,1,8941.5,376.93
7,1,2,12715.0,254.45
7,1,3,13816.0,251.82
7,1,4,12233.0,269.46
7,1,5,13982.0,226.03
7,1,6,13429.0,243.7
7,1,7,13422.0,250.23
7,1,8,15818.0,197.06
7,1,9,14009.0,225.28
7,1,10,14214.0,234.25
7,1,11,17033.0,188.47
7,1,12,13775.0,228.97
7,1,13,14269.0,222.82
7,1,14,17703.0,187.12
7,1,15,13955.0,219.31
7,1,16,14295.0,229.42
7,1,17,19227.0,166.98
7,1,18,14198.0,228.45
7,2,1,9294.6,355.02
7,2,2,12429.0,247.83
7,2,3,14373.0,227.96
7,2,4,15370.0,217.43
7,2,5,14956.0,217.23
7,2,6,15781.0,223.04
7,2,7,16165.0,214.51
7,2,8,17097.0,218.23
7,2,9,16159.0,210.41
7,2,10,18753.0,182.53
7,2,11,18081.0,183.8
7,2,12,17471.0,204.21
7,2,13,19275.0,172.32
7,2,14,17959.0,179.07
7,2,15,18042.0,199.53
7,2,16,20669.0,179.62
7,2,17,20673.0,183.41
7,2,18,17662.0,201.49
7,3,1,9545.5,343.65
7,3,2,12993.0,247.2
7,3,3,15295.0,212.99
7,3,4,15222.0,217.56
7,3,5,16290.0,222.01
7,3,6,16835.0,192.88
7,3,7,17098.0,201.15
7,3,8,17395.0,195.07
7,3,9,18581.0,183.62
7,3,10,18560.0,180.7
7,3,11,18362.0,178.51
7,3,12,19484.0,174.59
7,3,13,19717.0,169.4
7,3,14,18691.0,191.71
7,3,15,20757.0,179.77
7,3,16,20476.0,191.77
7,3,17,22119.0,155.28
7,3,18,21044.0,164.44
7,4,1,9806.9,318.21
7,4,2,13336.0,241.62
7,4,3,15573.0,219.55
7,4,4,16347.0,213.1
7,4,5,16245.0,205.76
7,4,6,17112.0,195.79
7,4,7,16671.0,216.34
7,4,8,17128.0,208.42
7,4,9,17595.0,192.87
7,4,10,19459.0,169.25
7,4,11,19619.0,185.54
7,4,12,19658.0,188.02
7,4,13,20307.0,183.41
7,4,14,19196.0,184.24
7,4,15,20288.0,160.6
7,4,16,19656.0,172.61
7,4,17,21406.0,166.54
7,4,18,21293.0,172.79
7,5,1,9911.0,358.43
7,5,2,13210.0,260.7
7,5,3,15416.0,206.68
7,5,4,15851.0,213.26
7,5,5,15925.0,228.68
7,5,6,16743.0,192.05
7,5,7,17619.0,210.39
7,5,8,17780.0,192.18
7,5,9,17917.0,177.54
7,5,10,18518.0,169.09
7,5,11,18934.0,202.99
7,5,12,20426.0,178.93
7,5,13,20090.0,179.74
7,5,14,18602.0,179.39
7,5,15,20839.0,164.74
7,5,16,20395.0,187.93
7,5,17,21396.0,161.71
7,5,18,21285.0,169.17
7,6,1,9488.6,335.92
7,6,2,13776.0,239.88
7,6,3,15411.0,203.24
7,6,4,16247.0,214.49
7,6,5,16080.0,222.37
7,6,6,16851.0,192.84
7,6,7,17468.0,199.58
7,6,8,17943.0,189.84
7,6,9,18573.0,185.3
7,6,10,19514.0,161.74
7,6,11,19409.0,183.12
7,6,12,20069.0,186.99
7,6,13,20802.0,175.36
7,6,14,19884.0,187.56
7,6,15,21385.0,186.39
7,6,16,20405.0,178.17
7,6,17,22171.0,171.01
7,6,18,21098.0,166.01
8,1,1,8724.8,380.16
8,1,2,12467.0,270.93
8,1,3,12887.0,243.89
8,1,4,12864.0,248.52
8,1,5,14983.0,218.91
8,1,6,13287.0,239.06
8,1,7,13003.0,236.51
8,1,8,16179.0,197.99
8,1,9,14181.0,238.17
8,1,10,15131.0,222.82
8,1,11,16861.0,189.71
8,1,12,14735.0,222.12
8,1,13,15152.0,229.64
8,1,14,17062.0,185.28
8,1,15,14442.0,214.87
8,1,16,14363.0,221.96
8,1,17,19303.0,169.5
8,1,18,13997.0,228.11
8,2,1,9215.1,350.13
8,2,2,13030.0,260.79
8,2,3,14062.0,240.61
8,2,4,15248.0,215.14
8,2,5,16060.0,226.78
8,2,6,15545.0,221.02
8,2,7,17067.0,198.14
8,2,8,16770.0,211.03
8,2,9,16869.0,216.81
8,2,10,18706.0,177.54
8,2,11,18609.0,179.77
8,2,12,17870.0,209.21
8,2,13,19200.0,183.1
8,2,14,18744.0,184.53
8,2,15,17962.0,176.82
8,2,16,19953.0,165.94
8,2,17,19245.0,185.93
8,2,18,18001.0,197.89
8,3,1,9996.4,359.59
8,3,2,13259.0,238.38
8,3,3,15210.0,201.94
8,3,4,15661.0,228.41
8,3,5,16742.0,221.21
8,3,6,16310.0,205.86
8,3,7,17044.0,208.85
8,3,8,17876.0,200.75
8,3,9,18424.0,184.65
8,3,10,18431.0,183.2
8,3,11,19251.0,178.05
8,3,12,20028.0,192.44
8,3,13,20017.0,184.2
8,3,14,19424.0,181.75
8,3,15,20591.0,170.97
8,3,16,19473.0,162.89
8,3,17,21004.0,165.18
8,3,18,20694.0,161.8
8,4,1,9611.9,326.17
8,4,2,12539.0,240.6
8,4,3,15841.0,219.31
8,4,4,16226.0,205.96
8,4,5,16945.0,210.6
8,4,6,16367.0,199.33
8,4,7,17134.0,210.88
8,4,8,17532.0,199.11
8,4,9,18960.0,190.85
8,4,10,19286.0,175.81
8,4,11,18754.0,189.01
8,4,12,20574.0,178.1
8,4,13,19675.0,192.49
8,4,14,19128.0,185.12
8,4,15,21201.0,174.55
8,4,16,19698.0,177.73
8,4,17,21847.0,168.13
8,4,18,20500.0,172.16
8,5,1,9101.3,362.29
8,5,2,13363.0,237.3
8,5,3,16116.0,201.93
8,5,4,16335.0,200.46
8,5,5,16135.0,206.76
8,5,6,15912.0,205.28
8,5,7,17365.0,185.84
8,5,8,17647.0,194.17
8,5,9,18941.0,172.92
8,5,10,19032.0,170.73
8,5,11,19579.0,194.19
8,5,12,19777.0,178.55
8,5,13,20863.0,183.9
8,5,14,19344.0,181.95
8,5,15,20649.0,177.56
8,5,16,19439.0,187.92
8,5,17,21828.0,156.42
8,5,18,20587.0,168.9
8,6,1,9805.8,335.85
8,6,2,13460.0,231.53
8,6,3,16004.0,211.99
8,6,4,16268.0,204.98
8,6,5,16973.0,205.63
8,6,6,16913.0,208.07
8,6,7,17306.0,204.47
8,6,8,17809.0,196.96
8,6,9,19047.0,178.17
8,6,10,18971.0,168.22
8,6,11,19933.0,180.42
8,6,12,20300.0,172.5
8,6,13,20710.0,174.7
8,6,14,19744.0,205.88
8,6,15,21615.0,163.52
8,6,16,21178.0,152.89
8,6,17,22887.0,172.74
8,6,18,22323.0,173.09
9,1,1,9038.4,349.51
9,1,2,12958.0,257.84
9,1,3,13217.0,238.17
9,1,4,12969.0,266.64
9,1,5,15014.0,216.29
9,1,6,14432.0,243.22
9,1,7,13780.0,233.4
9,1,8,16708.0,188.86
9,1,9,13854.0,236.01
9,1,10,14253.0,225.36
9,1,11,17740.0,180.0
9,1,12,14153.0,239.8
9,1,13,14237.0,223.74
9,1,14,17554.0,185.15
9,1,15,15548.0,213.08
9,1,16,14631.0,214.6
9,1,17,18035.0,183.24
9,1,18,15193.0,225.42
9,2,1,9119.2,343.7
9,2,2,13621.0,240.8
9,2,3,13946.0,233.96
9,2,4,15208.0,213.92
9,2,5,15337.0,219.85
9,2,6,15580.0,212.94
9,2,7,15720.0,204.86
9,2,8,17610.0,200.53
9,2,9,15836.0,204.49
9,2,10,18028.0,179.13
9,2,11,18044.0,186.58
9,2,12,17827.0,193.23
9,2,13,19210.0,178.14
9,2,14,19128.0,175.79
9,2,15,17953.0,188.61
9,2,16,19705.0,183.72
9,2,17,20515.0,169.13
9,2,18,17834.0,179.98
9,3,1,9865.6,339.19
9,3,2,13232.0,245.1
9,3,3,15559.0,216.05
9,3,4,15909.0,219.19
9,3,5,16556.0,213.66
9,3,6,17466.0,192.62
9,3,7,17323.0,197.1
9,3,8,17857.0,197.01
9,3,9,18594.0,175.62
9,3,10,20246.0,174.74
9,3,11,19562.0,171.72
9,3,12,20720.0,183.96
9,3,13,19623.0,176.51
9,3,14,19530.0,185.53
9,3,15,21126.0,168.49
9,3,16,20945.0,161.78
9,3,17,22430.0,160.14
9,3,18,21148.0,164.47
9,4,1,9792.8,322.8
9,4,2,12555.0,258.72
9,4,3,15361.0,212.77
9,4,4,15472.0,217.16
9,4,5,16296.0,214.04
9,4,6,17268.0,197.42
9,4,7,16573.0,197.92
9,4,8,18238.0,190.93
9,4,9,18358.0,167.79
9,4,10,18579.0,182.91
9,4,11,19424.0,185.42
9,4,12,20231.0,179.91
9,4,13,20225.0,174.24
9,4,14,18716.0,181.76
9,4,15,20460.0,187.65
9,4,16,20019.0,185.49
9,4,17,21317.0,168.06
9,4,18,21112.0,170.49
9,5,1,9977.5,316.06
9,5,2,13537.0,243.27
9,5,3,15596.0,201.36
9,5,4,16427.0,201.43
9,5,5,16561.0,208.98
9,5,6,16927.0,209.78
9,5,7,16390.0,189.62
9,5,8,17788.0,206.04
9,5,9,18515.0,173.34
9,5,10,20071.0,171.34
9,5,11,19176.0,173.24
9,5,12,19708.0,158.53
9,5,13,20223.0,169.62
9,5,14,19464.0,180.53
9,5,15,20818.0,172.75
9,5,16,20168.0,176.73
9,5,17,22419.0,176.65
9,5,18,20111.0,173.76
9,6,1,9685.8,324.44
9,6,2,13645.0,223.74
9,6,3,15837.0,217.33
9,6,4,16336.0,208.52
9,6,5,16678.0,186.04
9,6,6,17239.0,185.27
9,6,7,17840.0,183.29
9,6,8,18180.0,199.41
9,6,9,18139.0,183.61
9,6,10,19502.0,167.61
9,6,11,19893.0,180.32
9,6,12,20852.0,174.72
9,6,13,20492.0,165.89
9,6,14,19284.0,170.67
9,6,15,21237.0,150.5
9,6,16,21176.0,174.91
9,6,17,22799.0,156.83
9,6,18,22063.0,161.93
10,1,1,8904.2,342.47
10,1,2,12554.0,267.27
10,1,3,13816.0,250.23
10,1,4,13309.0,237.03
10,1,5,14497.0,222.5
10,1,6,12490.0,247.31
10,1,7,13938.0,245.03
10,1,8,15960.0,196.1
10,1,9,13426.0,241.89
10,1,10,14225.0,221.94
10,1,11,16423.0,190.95
10,1,12,14151.0,227.36
10,1,13,14791.0,214.05
10,1,14,17349.0,186.54
10,1,15,14279.0,222.97
10,1,16,14224.0,225.61
10,1,17,18746.0,177.55
10,1,18,15186.0,215.93
10,2,1,9113.5,346.29
10,2,2,12349.0,254.6
10,2,3,14577.0,228.04
10,2,4,15810.0,202.69
10,2,5,16268.0,210.49
10,2,6,15517.0,215.88
10,2,7,16825.0,218.02
10,2,8,17456.0,192.31
10,2,9,17208.0,191.22
10,2,10,18941.0,178.26
10,2,11,18904.0,207.41
10,2,12,17303.0,197.55
10,2,13,19489.0,180.86
10,2,14,19955.0,182.25
10,2,15,18707.0,198.29
10,2,16,19697.0,183.34
10,2,17,20561.0,169.34
10,2,18,17681.0,178.08
10,3,1,10182.0,325.3
10,3,2,12344.0,243.08
10,3,3,15591.0,201.09
10,3,4,15512.0,212.82
10,3,5,15856.0,202.08
10,3,6,16763.0,195.99
10,3,7,16924.0,207.96
10,3,8,17823.0,190.81
10,3,9,19044.0,186.0
10,3,10,19847.0,178.65
10,3,11,19468.0,179.44
10,3,12,19457.0,188.04
10,3,13,19980.0,175.03
10,3,14,19013.0,177.87
10,3,15,20988.0,164.47
10,3,16,20317.0,186.57
10,3,17,21811.0,153.72
10,3,18,21021.0,151.23
10,4,1,9717.5,316.82
10,4,2,13128.0,240.19
10,4,3,15884.0,199.69
10,4,4,16618.0,204.52
10,4,5,17027.0,194.44
10,4,6,16733.0,210.48
10,4,7,17472.0,212.51
10,4,8,17966.0,204.85
10,4,9,18797.0,172.09
10,4,10,19437.0,177.05
10,4,11,18628.0,184.06
10,4,12,19995.0,187.02
10,4,13,20833.0,173.95
10,4,14,18964.0,170.48
10,4,15,22101.0,187.55
10,4,16,20584.0,198.8
10,4,17,21975.0,148.88
10,4,18,21246.0,167.25
10,5,1,9671.6,353.56
10,5,2,13170.0,246.1
10,5,3,15861.0,204.87
10,5,4,16983.0,201.08
10,5,5,16406.0,195.69
10,5,6,16840.0,201.65
10,5,7,17759.0,207.33
10,5,8,18144.0,183.74
10,5,9,18295.0,187.85
10,5,10,18769.0,186.53
10,5,11,20034.0,182.58
10,5,12,20586.0,178.32
10,5,13,20963.0,170.36
10,5,14,19812.0,180.47
10,5,15,20678.0,193.39
10,5,16,20338.0,168.89
10,5,17,22459.0,172.35
10,5,18,21809.0,172.16
10,6,1,9863.8,337.42
10,6,2,13023.0,237.15
10,6,3,16316.0,193.64
10,6,4,16195.0,204.42
10,6,5,16330.0,216.8
10,6,6,17375.0,181.86
10,6,7,18059.0,207.27
10,6,8,18098.0,193.22
10,6,9,19412.0,171.73
10,6,10,20358.0,165.67
10,6,11,18388.0,187.7
10,6,12,21156.0,164.13
10,6,13,20117.0,186.26
10,6,14,20372.0,183.94
10,6,15,21456.0,162.78
10,6,16,21072.0,163.99
10,6,17,23075.0,158.68
10,6,18,22124.0,148.88
100,1,1,9045.7,378.0
100,1,2,12813.0,243.89
100,1,3,12533.0,246.22
100,1,4,12321.0,252.99
100,1,5,14598.0,221.46
100,1,6,13741.0,236.59
100,1,7,13092.0,249.67
100,1,8,16693.0,190.83
100,1,9,13056.0,239.95
100,1,10,14659.0,207.97
100,1,11,18255.0,169.0
100,1,12,13393.0,243.11
100,1,13,15583.0,223.3
100,1,14,18060.0,178.85
100,1,15,15287.0,213.8
100,1,16,14937.0,231.47
100,1,17,18676.0,174.21
100,1,18,14237.0,226.72
100,2,1,9799.9,315.4
100,2,2,12896.0,247.46
100,2,3,13319.0,244.38
100,2,4,14985.0,209.07
100,2,5,15296.0,207.54
100,2,6,16379.0,198.23
100,2,7,17395.0,189.31
100,2,8,17503.0,204.08
100,2,9,18437.0,190.42
100,2,10,19895.0,175.71
100,2,11,18938.0,165.46
100,2,12,17963.0,178.49
100,2,13,20294.0,166.84
100,2,14,19076.0,175.27
100,2,15,18242.0,183.88
100,2,16,20312.0,168.15
100,2,17,18829.0,166.87
100,2,18,19203.0,191.8
100,3,1,9372.9,361.65
100,3,2,12879.0,259.1
100,3,3,15037.0,208.78
100,3,4,15172.0,201.62
100,3,5,14891.0,196.59
100,3,6,17433.0,185.36
100,3,7,17151.0,198.51
100,3,8,17411.0,198.24
100,3,9,18875.0,189.26
100,3,10,17815.0,170.33
100,3,11,18535.0,188.22
100,3,12,19937.0,171.24
100,3,13,19581.0,175.88
100,3,14,19574.0,186.71
100,3,15,20907.0,163.76
100,3,16,19475.0,186.05
100,3,17,20703.0,167.8
100,3,18,20391.0,168.52
100,4,1,9769.1,325.13
100,4,2,13006.0,253.35
100,4,3,14542.0,210.82
100,4,4,15496.0,208.09
100,4,5,16116.0,201.95
100,4,6,16985.0,185.27
100,4,7,16493.0,196.33
100,4,8,16940.0,195.91
100,4,9,18585.0,182.07
100,4,10,18951.0,185.0
100,4,11,18792.0,194.7
100,4,12,18298.0,163.24
100,4,13,19334.0,179.21
100,4,14,19635.0,169.76
100,4,15,20055.0,173.45
100,4,16,19835.0,182.61
100,4,17,20325.0,150.78
100,4,18,20473.0,165.86
100,5,1,9295.4,336.72
100,5,2,12068.0,263.26
100,5,3,15336.0,213.83
100,5,4,15194.0,217.83
100,5,5,16037.0,205.89
100,5,6,17259.0,193.78
100,5,7,17630.0,176.34
100,5,8,18330.0,196.8
100,5,9,18929.0,192.09
100,5,10,19647.0,169.28
100,5,11,18847.0,186.86
100,5,12,19873.0,175.07
100,5,13,20157.0,168.73
100,5,14,19592.0,162.97
100,5,15,20744.0,168.1
100,5,16,19504.0,159.93
100,5,17,21070.0,157.21
100,5,18,20923.0,152.44
100,6,1,9491.4,342.07
100,6,2,12558.0,244.74
100,6,3,14984.0,218.27
100,6,4,15332.0,212.66
100,6,5,16328.0,208.73
100,6,6,17404.0,176.71
100,6,7,17561.0,192.48
100,6,8,16596.0,187.27
100,6,9,18696.0,179.8
100,6,10,19757.0,187.79
100,6,11,19693.0,161.26
100,6,12,19826.0,167.6
100,6,13,19243.0,178.45
100,6,14,18980.0,163.43
100,6,15,20247.0,165.53
100,6,16,20132.0,172.29
100,6,17,21086.0,162.27
100,6,18,20398.0,177.98
1000,1,1,2935.9,959.69
1000,1,2,2901.4,969.27
1000,1,3,2969.8,923.39
1000,1,4,2954.8,948.42
1000,1,5,2790.8,932.62
1000,1,6,3049.8,933.84
1000,1,7,3058.1,941.23
1000,1,8,2958.1,932.37
1000,1,9,2927.1,923.01
1000,1,10,3009.6,942.92
1000,1,11,2936.1,944.68
1000,1,12,2890.0,962.59
1000,1,13,2906.4,927.94
1000,1,14,2898.3,932.47
1000,1,15,2987.4,917.76
1000,1,16,2980.0,912.21
1000,1,17,2853.9,925.21
1000,1,18,3027.8,921.52
1000,2,1,2958.2,963.07
1000,2,2,2917.5,911.22
1000,2,3,3014.6,859.05
1000,2,4,3032.6,855.55
1000,2,5,2934.9,837.33
1000,2,6,2981.1,829.61
1000,2,7,2958.6,869.31
1000,2,8,2965.1,837.77
1000,2,9,3056.3,857.09
1000,2,10,3107.6,850.37
1000,2,11,3027.8,832.18
1000,2,12,3076.1,856.32
1000,2,13,3050.5,848.72
1000,2,14,3067.6,826.82
1000,2,15,3059.8,854.01
1000,2,16,2900.9,860.72
1000,2,17,3044.9,833.58
1000,2,18,2919.8,845.39
1000,3,1,2952.8,953.22
1000,3,2,3145.2,895.01
1000,3,3,3096.6,882.97
1000,3,4,3174.3,802.5
1000,3,5,3100.2,801.39
1000,3,6,3072.2,791.1
1000,3,7,3148.3,818.28
1000,3,8,3105.0,818.54
1000,3,9,3283.9,763.71
1000,3,10,3074.8,789.44
1000,3,11,3056.1,795.38
1000,3,12,3234.8,819.08
1000,3,13,3136.9,821.6
1000,3,14,3084.3,819.15
1000,3,15,3045.4,797.0
1000,3,16,3035.6,816.61
1000,3,17,3036.7,798.57
1000,3,18,3138.6,775.97
1000,4,1,3008.9,955.96
1000,4,2,2988.8,882.21
1000,4,3,3042.7,833.36
1000,4,4,3291.8,780.65
1000,4,5,3062.4,801.36
1000,4,6,3077.6,805.8
1000,4,7,3122.1,801.62
1000,4,8,3231.3,807.8
1000,4,9,3221.8,770.14
1000,4,10,3341.6,779.94
1000,4,11,3401.1,792.82
1000,4,12,2892.1,784.93
1000,4,13,3321.6,772.51
1000,4,14,3127.7,775.05
1000,4,15,3032.4,806.81
1000,4,16,3267.1,794.02
1000,4,17,3259.9,748.03
1000,4,18,3232.2,782.25
1000,5,1,3146.1,926.97
1000,5,2,2990.2,906.51
1000,5,3,3126.8,825.33
1000,5,4,3122.8,841.94
1000,5,5,3158.9,813.99
1000,5,6,3393.4,781.84
1000,5,7,3257.4,806.53
1000,5,8,3154.5,776.68
1000,5,9,3033.4,807.41
1000,5,10,3246.4,746.88
1000,5,11,3286.9,750.82
1000,5,12,3404.9,747.75
1000,5,13,3243.1,758.18
1000,5,14,3115.9,815.55
1000,5,15,3213.4,735.29
1000,5,16,3099.8,787.33
1000,5,17,2985.2,768.3
1000,5,18,3117.1,745.67
1000,6,1,3037.1,920.68
1000,6,2,3207.9,851.97
1000,6,3,3173.7,874.34
1000,6,4,3206.2,798.38
1000,6,5,3243.1,789.55
1000,6,6,3196.8,792.48
1000,6,7,3115.5,816.13
1000,6,8,3297.9,752.06
1000,6,9,3425.3,724.93
1000,6,10,3136.4,763.98
1000,6,11,3341.7,763.75
1000,6,12,3307.0,759.06
1000,6,13,3438.6,748.1
1000,6,14,3250.2,773.71
1000,6,15,3185.1,756.12
1000,6,16,3304.3,741.87
1000,6,17,3377.4,739.18
1000,6,18,3271.9,776.86
10000,1,1,310.06,9421.0
10000,1,2,339.76,8318.7
10000,1,3,420.81,6962.9
10000,1,4,365.31,7893.6
10000,1,5,579.53,4820.2
10000,1,6,433.29,7637.4
10000,1,7,458.25,7869.6
10000,1,8,515.12,6573.1
10000,1,9,407.65,7631.9
10000,1,10,460.81,8761.6
10000,1,11,288.56,7908.9
10000,1,12,365.07,9098.9
10000,1,13,553.53,7139.4
10000,1,14,512.44,5550.6
10000,1,15,375.41,7905.4
10000,1,16,394.88,7252.0
10000,1,17,452.0,6381.3
10000,1,18,402.53,8797.5
10000,2,1,449.06,7756.5
10000,2,2,488.69,7129.9
10000,2,3,449.12,8028.7
10000,2,4,564.53,5758.6
10000,2,5,567.93,6402.4
10000,2,6,600.81,6438.1
10000,2,7,619.18,4173.2
10000,2,8,470.94,6694.7
10000,2,9,579.38,6812.1
10000,2,10,559.75,6228.3
10000,2,11,567.94,5515.8
10000,2,12,582.82,6109.2
10000,2,13,561.06,6205.9
10000,2,14,558.38,6291.2
10000,2,15,600.53,6012.5
10000,2,16,628.94,5072.2
10000,2,17,565.82,6729.5
10000,2,18,575.38,6187.6
10000,3,1,416.31,7782.2
10000,3,2,434.0,7092.8
10000,3,3,392.71,8358.5
10000,3,4,681.59,5946.3
10000,3,5,667.35,5665.9
10000,3,6,586.88,6634.3
10000,3,7,607.29,6151.0
10000,3,8,671.12,5990.3
10000,3,9,642.12,5976.3
10000,3,10,717.75,6070.1
10000,3,11,605.41,6333.2
1,1,1,5882.9,503.02
1,1,2,7005.6,384.57
1,1,3,6892.6,372.64
1,1,4,7355.8,414.98
1,1,5,6709.0,404.29
1,1,6,7859.8,354.09
1,1,7,7380.4,393.85
1,1,8,6860.6,384.95
1,1,9,7353.9,400.27
1,1,10,7255.9,361.51
1,1,11,8100.7,354.71
1,1,12,7759.8,384.22
1,1,13,7285.0,418.19
1,1,14,6851.1,398.64
1,1,15,7686.8,384.66
1,1,16,7087.6,399.54
1,1,17,6941.9,378.72
1,1,18,7211.5,384.31
1,2,1,7776.9,364.95
1,2,2,8436.4,314.55
1,2,3,8711.4,319.03
1,2,4,7972.4,329.55
1,2,5,9191.1,307.32
1,2,6,8216.0,325.32
1,2,7,8878.6,313.45
1,2,8,9023.6,307.22
1,2,9,9224.8,310.57
1,2,10,9157.3,314.64
1,2,11,9394.9,312.75
1,2,12,9053.0,306.24
1,2,13,8708.4,300.43
1,2,14,8300.4,317.24
1,2,15,8523.1,309.71
1,2,16,8767.5,328.65
1,2,17,9841.7,287.27
1,2,18,9861.4,310.09
1,3,1,10114.0,286.39
1,3,2,10517.0,265.26
1,3,3,9882.4,289.29
1,3,4,9102.1,290.05
1,3,5,9130.4,283.66
1,3,6,9793.3,294.35
1,3,7,9484.2,281.69
1,3,8,9962.5,285.11
1,3,9,9381.8,265.39
1,3,10,9962.3,287.62
1,3,11,10419.0,270.49
1,3,12,9966.8,272.83
1,3,13,10170.0,264.22
1,3,14,10168.0,272.87
1,3,15,10060.0,281.63
1,3,16,9582.1,270.07
1,3,17,10115.0,263.71
1,3,18,10505.0,263.14
1,4,1,10382.0,276.56
1,4,2,9793.7,295.74
1,4,3,9322.5,305.17
1,4,4,9141.9,286.45
1,4,5,9442.7,286.84
1,4,6,9298.4,281.0
1,4,7,9424.6,282.2
1,4,8,10043.0,292.8
1,4,9,10214.0,266.68
1,4,10,10127.0,270.57
1,4,11,9834.2,275.67
1,4,12,9523.8,282.76
1,4,13,10221.0,270.13
1,4,14,9682.1,288.16
1,4,15,10323.0,275.56
1,4,16,9896.1,275.03
1,4,17,10153.0,280.22
1,4,18,9845.3,268.05
1,5,1,9549.3,273.54
1,5,2,9597.9,291.24
1,5,3,9823.6,283.79
1,5,4,9145.6,289.61
1,5,5,9793.1,281.33
1,5,6,9755.6,278.02
1,5,7,10170.0,275.25
1,5,8,9987.5,274.23
1,5,9,9818.8,267.21
1,5,10,10737.0,287.83
1,5,11,10250.0,261.07
1,5,12,10412.0,261.91
1,5,13,9892.8,276.75
1,5,14,9378.8,267.26
1,5,15,10405.0,272.98
1,5,16,10172.0,264.55
1,5,17,10090.0,268.18
1,5,18,10506.0,265.69
1,6,1,9954.6,275.92
1,6,2,10289.0,273.26
1,6,3,9480.2,283.06
1,6,4,9560.3,290.38
1,6,5,10358.0,282.01
1,6,6,9321.4,271.78
1,6,7,9267.4,278.68
1,6,8,10116.0,280.18
1,6,9,9817.1,279.38
1,6,10,10534.0,269.66
1,6,11,9615.2,274.74
1,6,12,10116.0,271.54
1,6,13,10510.0,262.29
1,6,14,10100.0,282.96
1,6,15,10818.0,253.93
1,6,16,10541.0,270.12
1,6,17,10645.0,268.72
1,6,18,10019.0,265.93
2,1,1,6407.6,462.69
2,1,2,6687.2,415.58
2,1,3,7133.9,387.76
2,1,4,6761.8,419.62
2,1,5,7598.4,357.0
2,1,6,7599.1,373.04
2,1,7,6921.5,391.23
2,1,8,7137.8,394.49
2,1,9,7277.6,394.18
2,1,10,7726.4,385.49
2,1,11,6753.0,402.31
2,1,12,7380.2,393.2
2,1,13,7503.5,388.63
2,1,14,7322.9,361.05
2,1,15,7048.7,366.02
2,1,16,6403.8,403.02
2,1,17,7444.2,387.8
2,1,18,7573.2,384.03
2,2,1,8689.6,351.3
2,2,2,8928.3,308.45
2,2,3,8500.1,333.37
2,2,4,8076.6,341.65
2,2,5,9013.1,322.27
2,2,6,8798.1,313.69
2,2,7,8618.9,312.04
2,2,8,8975.9,305.01
2,2,9,8805.2,311.97
2,2,10,8897.9,311.41
2,2,11,9173.2,293.55
2,2,12,8820.1,319.76
2,2,13,9511.7,307.6
2,2,14,8935.4,296.31
2,2,15,9096.3,299.0
2,2,16,9101.4,309.22
2,2,17,9503.5,298.16
2,2,18,8596.1,318.52
2,3,1,10600.0,276.16
2,3,2,9940.6,277.71
2,3,3,9116.2,292.05
2,3,4,9927.5,288.85
2,3,5,9908.6,290.47
2,3,6,9865.7,288.28
2,3,7,9986.8,288.98
2,3,8,9821.2,282.73
2,3,9,9482.3,278.57
2,3,10,9781.7,286.0
2,3,11,9375.2,284.85
2,3,12,10573.0,274.53
2,3,13,10386.0,272.9
2,3,14,10860.0,262.77
2,3,15,10237.0,281.06
2,3,16,10814.0,276.04
2,3,17,9351.5,272.45
2,3,18,10304.0,273.89
2,4,1,10433.0,281.2
2,4,2,10067.0,270.49
2,4,3,9887.3,298.91
2,4,4,9282.2,290.41
2,4,5,10334.0,276.15
2,4,6,10001.0,290.76
2,4,7,10244.0,276.14
2,4,8,9664.4,274.13
2,4,9,10229.0,275.8
2,4,10,11015.0,270.75
2,4,11,9545.9,311.93
2,4,12,10073.0,270.19
2,4,13,10178.0,279.78
2,4,14,10265.0,274.53
2,4,15,10509.0,269.52
2,4,16,9921.8,273.4
2,4,17,10153.0,270.8
2,4,18,9715.1,269.13
2,5,1,9988.7,275.29
2,5,2,10736.0,265.88
2,5,3,9449.5,285.11
2,5,4,9311.9,287.58
2,5,5,9468.6,291.64
2,5,6,9941.1,285.15
2,5,7,9593.7,281.05
2,5,8,9528.7,273.77
2,5,9,9906.6,277.4
2,5,10,10502.0,281.16
2,5,11,10314.0,272.22
2,5,12,10328.0,266.62
2,5,13,10370.0,292.02
2,5,14,11141.0,263.75
2,5,15,10500.0,263.62
2,5,16,9752.6,274.27
2,5,17,9764.6,264.43
2,5,18,10336.0,264.47
2,6,1,10036.0,269.82
2,6,2,10446.0,287.98
2,6,3,9383.1,288.03
2,6,4,10063.0,273.64
2,6,5,9845.1,281.18
2,6,6,10483.0,277.88
2,6,7,10078.0,282.11
2,6,8,9782.0,266.13
2,6,9,9868.1,273.86
2,6,10,10072.0,270.19
2,6,11,10375.0,271.97
2,6,12,10101.0,276.16
2,6,13,10567.0,264.44
2,6,14,9911.9,265.87
2,6,15,10705.0,250.48
2,6,16,9800.6,267.29
2,6,17,10230.0,282.65
2,6,18,10985.0,266.44
3,1,1,6042.6,491.43
3,1,2,7134.5,420.23
3,1,3,7066.9,379.96
3,1,4,7133.0,398.76
3,1,5,6994.6,368.25
3,1,6,8105.7,360.0
3,1,7,7531.6,379.98
3,1,8,6885.3,401.21
3,1,9,8392.1,359.25
3,1,10,7082.4,358.95
3,1,11,7784.1,361.09
3,1,12,7331.9,374.83
3,1,13,6705.7,365.42
3,1,14,7541.8,381.84
3,1,15,6770.2,375.0
3,1,16,7556.9,378.26
3,1,17,6804.8,398.52
3,1,18,7577.2,365.52
3,2,1,8315.9,326.32
3,2,2,9305.9,312.83
3,2,3,9098.4,320.83
3,2,4,8648.7,340.62
3,2,5,9060.7,316.45
3,2,6,9099.8,321.72
3,2,7,8996.0,320.99
3,2,8,9001.6,321.19
3,2,9,8925.2,304.48
3,2,10,9046.5,297.76
3,2,11,9529.2,304.17
3,2,12,8603.6,290.21
3,2,13,8711.9,294.95
3,2,14,8941.0,317.36
3,2,15,9008.5,300.97
3,2,16,8445.6,305.8
3,2,17,9101.8,307.79
3,2,18,9043.4,301.8
3,3,1,10409.0,266.53
3,3,2,10225.0,290.66
3,3,3,9990.1,285.37
3,3,4,9734.9,282.96
3,3,5,9330.1,286.02
3,3,6,9579.1,287.89
3,3,7,9921.8,276.13
3,3,8,9659.7,298.43
3,3,9,9572.1,285.39
3,3,10,9678.2,264.56
3,3,11,10007.0,283.96
3,3,12,9665.7,260.23
3,3,13,10726.0,288.43
3,3,14,10185.0,280.18
3,3,15,10087.0,263.82
3,3,16,9799.2,266.97
3,3,17,10085.0,261.22
3,3,18,10769.0,269.77
3,4,1,10634.0,269.51
3,4,2,9358.3,291.39
3,4,3,9327.9,289.04
3,4,4,9048.4,294.54
3,4,5,9931.0,280.83
3,4,6,9809.7,283.1
3,4,7,9655.9,272.32
3,4,8,10016.0,283.24
3,4,9,9727.4,288.34
3,4,10,10386.0,268.85
3,4,11,10263.0,275.95
3,4,12,9486.6,270.0
3,4,13,10353.0,267.47
3,4,14,10158.0,264.51
3,4,15,11082.0,270.43
3,4,16,10362.0,268.54
3,4,17,10314.0,269.98
3,4,18,10870.0,262.58
3,5,1,10152.0,272.69
3,5,2,10393.0,260.96
3,5,3,9750.4,269.54
3,5,4,9812.0,285.93
3,5,5,9684.0,276.93
3,5,6,10239.0,269.4
3,5,7,9518.4,276.95
3,5,8,9787.7,275.2
3,5,9,10559.0,274.95
3,5,10,10495.0,263.89
3,5,11,9423.3,273.22
3,5,12,10370.0,264.86
3,5,13,9921.9,286.77
3,5,14,10109.0,275.3
3,5,15,10726.0,260.28
3,5,16,10465.0,264.47
3,5,17,9799.4,258.79
3,5,18,10555.0,262.33
3,6,1,10912.0,259.35
3,6,2,10294.0,258.52
3,6,3,9602.0,278.48
3,6,4,10432.0,282.29
3,6,5,9021.4,282.39
3,6,6,9885.4,267.04
3,6,7,9895.4,284.22
3,6,8,9541.1,265.4
3,6,9,10024.0,281.35
3,6,10,9522.7,274.57
3,6,11,10021.0,274.85
3,6,12,9643.9,267.55
3,6,13,10919.0,265.52
3,6,14,10301.0,283.18
3,6,15,10522.0,255.39
3,6,16,10578.0,256.17
3,6,17,10359.0,258.59
3,6,18,10450.0,271.08
4,1,1,5659.5,462.02
4,1,2,7588.3,388.28
4,1,3,6588.1,391.5
4,1,4,7400.8,392.03
4,1,5,7387.5,377.45
4,1,6,7195.4,378.7
4,1,7,7383.9,404.74
4,1,8,7815.3,369.17
4,1,9,6948.2,356.86
4,1,10,7914.4,368.74
4,1,11,7142.8,378.85
4,1,12,7656.1,370.96
4,1,13,7432.4,369.06
4,1,14,7206.7,356.11
4,1,15,7174.3,379.58
4,1,16,7213.8,370.17
4,1,17,8300.2,333.71
4,1,18,7305.1,368.99
4,2,1,8814.8,340.19
4,2,2,9261.6,315.44
4,2,3,9095.6,309.95
4,2,4,8226.0,325.08
4,2,5,8701.9,302.32
4,2,6,8920.0,314.2
4,2,7,8870.4,319.86
4,2,8,9062.3,316.7
4,2,9,8674.2,299.28
4,2,10,9213.2,304.36
4,2,11,9787.6,293.03
4,2,12,9053.5,311.32
4,2,13,9221.4,307.37
4,2,14,8572.5,320.8
4,2,15,9460.9,302.46
4,2,16,9657.4,304.72
4,2,17,9043.1,295.44
4,2,18,8951.6,300.71
4,3,1,10095.0,257.81
4,3,2,10071.0,290.73
4,3,3,10368.0,278.21
4,3,4,9254.0,290.38
4,3,5,10392.0,277.76
4,3,6,10230.0,302.15
4,3,7,9797.2,285.06
4,3,8,9549.2,264.45
4,3,9,9902.0,287.6
4,3,10,10151.0,270.33
4,3,11,10477.0,270.74
4,3,12,9497.1,270.4
4,3,13,10126.0,276.57
4,3,14,10152.0,264.18
4,3,15,10333.0,269.23
4,3,16,10000.0,272.82
4,3,17,9847.1,268.98
4,3,18,10791.0,272.99
4,4,1,10286.0,271.17
4,4,2,9827.6,286.89
4,4,3,10177.0,268.72
4,4,4,9236.4,292.15
4,4,5,10280.0,285.3
4,4,6,9262.8,280.73
4,4,7,10278.0,278.24
4,4,8,9790.1,278.59
4,4,9,10223.0,290.97
4,4,10,10039.0,280.77
4,4,11,9605.0,269.76
4,4,12,9403.1,268.97
4,4,13,9980.2,272.06
4,4,14,9953.6,271.77
4,4,15,10131.0,259.3
4,4,16,10732.0,269.86
4,4,17,10474.0,269.02
4,4,18,10155.0,262.54
4,5,1,10354.0,281.03
4,5,2,10301.0,287.26
4,5,3,10583.0,277.64
4,5,4,8609.1,293.16
4,5,5,10181.0,268.24
4,5,6,9470.7,293.76
4,5,7,9601.2,281.77
4,5,8,10373.0,261.83
4,5,9,10329.0,272.18
4,5,10,11107.0,271.51
4,5,11,10420.0,276.03
4,5,12,10058.0,262.32
4,5,13,10187.0,271.87
4,5,14,10518.0,272.1
4,5,15,11042.0,268.85
4,5,16,10253.0,259.36
4,5,17,10778.0,275.23
4,5,18,10697.0,270.99
4,6,1,10871.0,247.45
4,6,2,10407.0,266.78
4,6,3,9664.1,273.34
4,6,4,10010.0,279.26
4,6,5,9103.5,274.94
4,6,6,10674.0,268.18
4,6,7,9926.3,276.04
4,6,8,10438.0,276.92
4,6,9,9617.6,270.86
4,6,10,10710.0,263.78
4,6,11,10315.0,276.84
4,6,12,9848.3,261.07
4,6,13,10608.0,267.03
4,6,14,10710.0,264.8
4,6,15,10453.0,261.87
4,6,16,10295.0,262.99
4,6,17,10620.0,249.67
4,6,18,10455.0,259.32
5,1,1,6272.1,441.2
5,1,2,7091.5,381.95
5,1,3,7380.9,404.3
5,1,4,6836.2,420.68
5,1,5,7468.7,379.91
5,1,6,7942.3,355.8
5,1,7,7437.4,354.5
5,1,8,7887.1,365.52
5,1,9,7914.9,359.68
5,1,10,7851.8,358.11
5,1,11,6988.2,379.96
5,1,12,7766.3,362.41
5,1,13,6828.5,397.46
5,1,14,7466.6,402.41
5,1,15,7959.8,360.94
5,1,16,7109.5,384.78
5,1,17,7514.3,370.34
5,1,18,7088.4,385.79
5,2,1,8603.9,319.57
5,2,2,8916.8,309.59
5,2,3,9373.9,317.21
5,2,4,7633.1,328.1
5,2,5,8801.1,328.53
5,2,6,9051.0,304.56
5,2,7,9123.6,309.76
5,2,8,8975.4,301.11
5,2,9,9351.5,296.93
5,2,10,8966.0,299.66
5,2,11,9060.4,313.2
5,2,12,9173.6,311.36
5,2,13,8841.9,287.08
5,2,14,8740.4,305.11
5,2,15,9057.3,298.46
5,2,16,8414.4,317.27
5,2,17,9882.4,285.71
5,2,18,9609.3,297.17
5,3,1,10617.0,275.71
5,3,2,10077.0,274.63
5,3,3,10201.0,284.11
5,3,4,10236.0,278.51
5,3,5,10071.0,286.71
5,3,6,9447.9,280.4
5,3,7,9239.7,292.4
5,3,8,10253.0,281.64
5,3,9,9320.8,283.37
5,3,10,9514.0,265.12
5,3,11,9387.1,274.04
5,3,12,10785.0,268.8
5,3,13,10004.0,276.68
5,3,14,9968.8,275.51
5,3,15,10318.0,270.7
5,3,16,9996.8,269.82
5,3,17,10522.0,271.16
5,3,18,10428.0,272.6
5,4,1,11014.0,271.8
5,4,2,10623.0,255.26
5,4,3,10163.0,287.72
5,4,4,9697.3,287.73
5,4,5,10715.0,281.0
5,4,6,10132.0,278.23
5,4,7,8830.8,275.77
5,4,8,10293.0,278.58
5,4,9,10068.0,287.0
5,4,10,10012.0,268.47
5,4,11,10364.0,275.18
5,4,12,10280.0,265.28
5,4,13,10409.0,269.51
5,4,14,10038.0,258.82
5,4,15,10732.0,261.57
5,4,16,10842.0,260.63
5,4,17,10386.0,262.97
5,4,18,10493.0,264.68
5,5,1,11930.0,250.78
5,5,2,10317.0,270.05
5,5,3,10165.0,289.44
5,5,4,11018.0,264.45
5,5,5,9700.1,281.69
5,5,6,9465.1,269.73
5,5,7,10504.0,268.57
5,5,8,10519.0,273.92
5,5,9,9010.1,275.18
5,5,10,11213.0,264.16
5,5,11,10332.0,272.71
5,5,12,10603.0,254.21
5,5,13,10832.0,269.75
5,5,14,10197.0,269.41
5,5,15,10726.0,272.57
5,5,16,10628.0,261.41
5,5,17,10795.0,252.32
5,5,18,10699.0,262.07
5,6,1,10766.0,271.47
5,6,2,10499.0,259.05
5,6,3,10128.0,277.92
5,6,4,9440.5,273.91
5,6,5,10344.0,270.09
5,6,6,9925.5,278.07
5,6,7,9995.5,266.29
5,6,8,9466.6,288.22
5,6,9,10062.0,274.08
5,6,10,9980.1,280.48
5,6,11,10553.0,266.04
5,6,12,9367.9,270.21
5,6,13,10116.0,273.84
5,6,14,11086.0,258.97
5,6,15,10559.0,265.15
5,6,16,11048.0,260.3
5,6,17,10154.0,255.25
5,6,18,9729.5,279.51
6,1,1,5784.8,460.76
6,1,2,7176.1,389.89
6,1,3,7492.3,359.44
6,1,4,6906.8,377.32
6,1,5,7287.7,387.19
6,1,6,7543.1,372.84
6,1,7,7319.7,377.65
6,1,8,7328.4,388.29
6,1,9,7323.3,367.29
6,1,10,8058.6,359.01
6,1,11,6925.4,388.94
6,1,12,8269.2,361.8
6,1,13,7614.8,371.37
6,1,14,7442.8,389.19
6,1,15,7535.8,369.36
6,1,16,7566.4,387.85
6,1,17,7839.6,352.52
6,1,18,7085.6,381.8
6,2,1,8681.1,330.98
6,2,2,9638.7,304.03
6,2,3,8978.5,312.05
6,2,4,8140.9,337.47
6,2,5,9654.9,306.42
6,2,6,9039.7,320.59
6,2,7,8932.6,322.17
6,2,8,8832.7,310.97
6,2,9,9016.8,304.82
6,2,10,9937.1,303.08
6,2,11,9501.3,313.36
6,2,12,8913.2,299.89
6,2,13,8194.6,305.47
6,2,14,8594.2,290.5
6,2,15,9447.6,294.77
6,2,16,9377.3,301.93
6,2,17,9418.9,315.27
6,2,18,9296.2,295.66
6,3,1,11224.0,264.8
6,3,2,11026.0,269.94
6,3,3,10166.0,288.43
6,3,4,9649.2,287.42
6,3,5,10323.0,275.09
6,3,6,9923.7,274.52
6,3,7,10089.0,278.01
6,3,8,10216.0,275.95
6,3,9,9947.6,280.95
6,3,10,10389.0,273.26
6,3,11,10323.0,282.02
6,3,12,10711.0,266.89
6,3,13,10152.0,272.13
6,3,14,10513.0,260.05
6,3,15,10818.0,261.05
6,3,16,10230.0,271.32
6,3,17,10676.0,266.35
6,3,18,10569.0,258.36
6,4,1,11047.0,263.03
6,4,2,10849.0,266.83
6,4,3,10439.0,279.17
6,4,4,9764.6,298.01
6,4,5,10070.0,271.39
6,4,6,9936.2,272.42
6,4,7,9620.9,273.41
6,4,8,10342.0,271.63
6,4,9,9934.4,284.33
6,4,10,10133.0,281.26
6,4,11,10336.0,262.61
6,4,12,10919.0,252.03
6,4,13,10824.0,257.2
6,4,14,10318.0,269.71
6,4,15,11065.0,255.62
6,4,16,10539.0,266.67
6,4,17,9294.5,260.29
6,4,18,9766.9,283.75
6,5,1,10897.0,273.75
6,5,2,10092.0,271.26
6,5,3,9955.9,274.99
6,5,4,10440.0,268.48
6,5,5,10303.0,281.52
6,5,6,10328.0,281.72
6,5,7,9578.3,272.39
6,5,8,10018.0,262.39
6,5,9,10652.0,272.84
6,5,10,9881.7,275.11
6,5,11,10056.0,267.52
6,5,12,9667.7,277.47
6,5,13,10392.0,266.21
6,5,14,10222.0,265.37
6,5,15,10797.0,254.69
6,5,16,10949.0,260.32
6,5,17,10582.0,263.96
6,5,18,10124.0,259.26
6,6,1,10298.0,263.88
6,6,2,10059.0,268.11
6,6,3,10177.0,281.25
6,6,4,10099.0,265.62
6,6,5,10432.0,275.59
6,6,6,10444.0,274.18
6,6,7,10022.0,267.57
6,6,8,10237.0,271.64
6,6,9,10324.0,272.49
6,6,10,10840.0,264.19
6,6,11,10183.0,267.11
6,6,12,10517.0,264.54
6,6,13,10534.0,258.31
6,6,14,10196.0,267.58
6,6,15,10434.0,263.27
6,6,16,10634.0,269.44
6,6,17,10291.0,263.74
6,6,18,10875.0,260.56
7,1,1,5802.6,491.1
7,1,2,7237.9,392.05
7,1,3,7360.1,370.6
7,1,4,6970.3,399.57
7,1,5,7321.4,401.5
7,1,6,7535.2,355.87
7,1,7,6914.6,395.43
7,1,8,7757.4,382.54
7,1,9,6918.8,391.63
7,1,10,7238.5,379.95
7,1,11,7159.9,381.37
7,1,12,7546.2,379.7
7,1,13,7185.4,361.48
7,1,14,7651.6,381.9
7,1,15,6537.6,404.63
7,1,16,6424.4,476.81
7,1,17,6404.4,437.42
7,1,18,6575.9,457.98
7,2,1,7466.9,399.89
7,2,2,7917.9,358.82
7,2,3,6712.4,387.2
7,2,4,7055.4,371.5
7,2,5,7308.8,385.66
7,2,6,7239.7,380.35
7,2,7,7301.5,376.61
7,2,8,7328.9,383.54
7,2,9,7558.7,354.59
7,2,10,7900.2,375.98
7,2,11,7259.2,403.07
7,2,12,7714.9,369.84
7,2,13,7864.1,361.65
7,2,14,7685.8,384.37
7,2,15,7655.1,346.78
7,2,16,8179.5,345.89
7,2,17,7380.9,360.63
7,2,18,6676.6,371.67
7,3,1,8606.1,341.39
7,3,2,8739.0,328.06
7,3,3,8421.8,355.1
7,3,4,7686.2,336.91
7,3,5,8524.8,342.88
7,3,6,8394.2,336.58
7,3,7,8550.3,329.8
7,3,8,8822.1,316.95
7,3,9,8446.0,325.83
7,3,10,8686.7,327.22
7,3,11,8658.1,327.69
7,3,12,8668.9,329.98
7,3,13,8846.9,317.33
7,3,14,9140.8,306.21
7,3,15,8978.0,327.91
7,3,16,8907.2,327.48
7,3,17,8330.1,331.15
7,3,18,8880.5,307.45
7,4,1,8952.6,318.18
7,4,2,9058.4,305.6
7,4,3,8305.5,346.67
7,4,4,8237.3,341.81
7,4,5,8693.4,334.48
7,4,6,8539.2,331.84
7,4,7,8412.0,339.26
7,4,8,8417.2,336.47
7,4,9,8255.1,335.19
7,4,10,8648.2,339.83
7,4,11,8511.6,322.46
7,4,12,8264.4,310.59
7,4,13,8379.3,337.84
7,4,14,9014.0,294.81
7,4,15,8892.3,326.32
7,4,16,8493.2,317.87
7,4,17,8703.1,335.14
7,4,18,8951.1,325.02
7,5,1,7917.9,372.18
7,5,2,7644.9,360.56
7,5,3,6945.4,419.95
7,5,4,7337.5,370.5
7,5,5,7146.7,369.35
7,5,6,7038.3,382.85
7,5,7,7175.6,371.9
7,5,8,6793.2,401.13
7,5,9,7303.7,416.07
7,5,10,7253.0,399.98
7,5,11,7278.1,375.23
7,5,12,6504.3,410.13
7,5,13,7557.9,368.45
7,5,14,7571.9,369.69
7,5,15,7464.5,410.51
7,5,16,6954.4,380.6
7,5,17,7779.9,360.89
7,5,18,7369.9,404.48
7,6,1,7654.6,399.98
7,6,2,8084.9,355.87
7,6,3,7332.6,377.44
7,6,4,6866.2,400.62
7,6,5,7052.4,404.31
7,6,6,6844.9,373.89
7,6,7,7074.5,372.65
7,6,8,6771.6,374.47
7,6,9,7049.3,374.65
7,6,10,7393.8,370.1
7,6,11,7839.4,363.71
7,6,12,7105.9,385.29
7,6,13,7424.6,382.68
7,6,14,7123.8,374.54
7,6,15,7479.9,359.26
7,6,16,7196.6,363.6
7,6,17,7477.1,353.32
7,6,18,7381.9,374.69
8,1,1,4033.5,740.36
8,1,2,4713.8,554.09
8,1,3,5185.6,568.33
8,1,4,4869.4,608.24
8,1,5,4909.4,540.91
8,1,6,5280.0,543.01
8,1,7,5328.5,535.6
8,1,8,4510.1,573.08
8,1,9,5519.8,526.39
8,1,10,5166.9,556.34
8,1,11,5199.8,529.58
8,1,12,4984.4,525.78
8,1,13,5159.6,544.42
8,1,14,4845.1,589.89
8,1,15,5300.6,534.23
8,1,16,5113.7,539.64
8,1,17,5381.0,484.75
8,1,18,5189.2,528.02
8,2,1,6162.9,477.91
8,2,2,6703.9,417.29
8,2,3,6199.5,426.86
8,2,4,6041.8,454.06
8,2,5,6789.8,450.49
8,2,6,6462.3,417.35
8,2,7,6061.5,445.12
8,2,8,6527.8,420.59
8,2,9,6622.0,430.83
8,2,10,6736.2,422.44
8,2,11,6400.1,439.61
8,2,12,5951.2,462.44
8,2,13,6668.3,398.52
8,2,14,6221.1,443.31
8,2,15,6614.9,426.95
8,2,16,7035.7,416.42
8,2,17,5878.1,413.09
8,2,18,6586.3,442.44
8,3,1,7941.5,362.41
8,3,2,7493.8,364.9
8,3,3,7144.3,391.67
8,3,4,6978.1,375.94
8,3,5,6401.2,410.05
8,3,6,7241.0,403.35
8,3,7,7203.6,388.83
8,3,8,6950.6,390.34
8,3,9,6226.2,407.85
8,3,10,7443.5,365.17
8,3,11,7738.0,384.06
8,3,12,7332.1,392.83
8,3,13,6840.8,400.13
8,3,14,7201.4,368.14
8,3,15,7242.8,382.54
8,3,16,7723.5,355.22
8,3,17,7483.1,386.8
8,3,18,7558.6,356.16
8,4,1,8000.2,362.46
8,4,2,7882.6,357.75
8,4,3,7537.2,371.52
8,4,4,7454.4,382.23
8,4,5,7223.4,378.73
8,4,6,6897.5,395.36
8,4,7,6961.9,378.13
8,4,8,7723.8,403.1
8,4,9,6805.5,392.38
8,4,10,7578.6,355.99
8,4,11,8053.9,360.69
8,4,12,7065.2,381.96
8,4,13,7265.4,378.77
8,4,14,7224.8,366.85
8,4,15,7678.7,378.03
8,4,16,7772.4,364.01
8,4,17,7312.8,373.47
8,4,18,7364.8,382.98
8,5,1,7754.1,357.96
8,5,2,7263.9,397.46
8,5,3,7152.4,388.87
8,5,4,6805.9,376.7
8,5,5,6666.4,394.88
8,5,6,7244.8,372.92
8,5,7,6924.6,404.84
8,5,8,7683.4,365.33
8,5,9,7114.4,366.69
8,5,10,6487.8,388.55
8,5,11,7537.5,365.83
8,5,12,7145.5,382.37
8,5,13,6671.2,368.78
8,5,14,7365.6,376.65
8,5,15,7139.4,388.28
8,5,16,7721.1,382.14
8,5,17,7040.1,350.82
8,5,18,7452.1,372.21
8,6,1,7949.4,366.1
8,6,2,7525.2,386.96
8,6,3,7708.8,375.6
8,6,4,7361.6,366.91
8,6,5,7278.6,389.1
8,6,6,6528.8,392.25
8,6,7,7461.2,369.64
8,6,8,7682.1,359.28
8,6,9,6796.7,407.4
8,6,10,7028.4,392.88
8,6,11,7388.5,372.32
8,6,12,7157.6,384.27
8,6,13,6509.8,413.68
8,6,14,7534.0,361.53
8,6,15,7178.1,394.87
8,6,16,7835.5,365.47
8,6,17,7660.1,364.64
8,6,18,6924.0,471.78
9,1,1,4607.3,637.95
9,1,2,5087.4,562.96
9,1,3,5239.3,538.95
9,1,4,5061.3,548.2
9,1,5,4805.0,589.18
9,1,6,4866.9,537.63
9,1,7,5121.8,513.28
9,1,8,4690.6,508.07
9,1,9,5287.4,538.09
9,1,10,5252.9,549.03
9,1,11,5214.6,571.32
9,1,12,5299.4,525.88
9,1,13,4871.9,573.46
9,1,14,5124.1,556.11
9,1,15,5112.0,544.7
9,1,16,5027.2,529.94
9,1,17,4962.8,538.3
9,1,18,5335.0,530.6
9,2,1,6158.2,457.16
9,2,2,7196.9,407.95
9,2,3,6609.1,417.25
9,2,4,6443.1,454.63
9,2,5,6555.6,438.17
9,2,6,6573.0,421.18
9,2,7,6797.8,410.15
9,2,8,6677.4,403.37
9,2,9,6113.5,452.85
9,2,10,6062.9,451.39
9,2,11,6733.9,415.09
9,2,12,6520.2,387.82
9,2,13,6703.2,390.28
9,2,14,6777.8,416.57
9,2,15,6728.9,417.83
9,2,16,6419.6,417.48
9,2,17,7039.2,404.93
9,2,18,6521.1,445.1
9,3,1,7752.3,367.32
9,3,2,7647.7,395.01
9,3,3,6986.5,391.52
9,3,4,7401.6,385.35
9,3,5,7375.8,390.48
9,3,6,7111.0,432.48
9,3,7,7681.8,382.33
9,3,8,6981.4,397.56
9,3,9,6852.9,396.82
9,3,10,7468.8,390.79
9,3,11,7763.8,360.24
9,3,12,7145.2,388.34
9,3,13,7753.9,413.89
9,3,14,7495.2,371.29
9,3,15,7424.6,395.16
9,3,16,7221.3,385.45
9,3,17,7568.2,383.5
9,3,18,7337.9,367.56
9,4,1,8110.7,337.94
9,4,2,7870.3,346.67
9,4,3,6954.6,381.54
9,4,4,7433.4,389.26
9,4,5,7357.6,395.26
9,4,6,6940.1,383.26
9,4,7,7581.1,381.68
9,4,8,6861.1,368.5
9,4,9,7565.3,368.16
9,4,10,7582.3,375.42
9,4,11,7716.1,362.23
9,4,12,6878.6,377.95
9,4,13,7837.8,379.63
9,4,14,7768.4,355.27
9,4,15,7569.9,358.85
9,4,16,7845.6,356.45
9,4,17,7327.6,387.93
9,4,18,7521.2,371.81
9,5,1,8120.2,391.93
9,5,2,7576.9,375.17
9,5,3,7708.0,362.17
9,5,4,7221.4,381.7
9,5,5,7863.1,358.84
9,5,6,7115.5,389.9
9,5,7,7590.7,356.3
9,5,8,7312.4,376.87
9,5,9,7043.1,382.96
9,5,10,7095.4,354.08
9,5,11,7702.0,369.76
9,5,12,7719.5,359.75
9,5,13,7340.5,378.22
9,5,14,7566.9,367.8
9,5,15,7303.5,378.53
9,5,16,7392.7,367.32
9,5,17,7450.8,375.95
9,5,18,8077.5,355.01
9,6,1,8159.4,346.68
9,6,2,7648.4,361.39
9,6,3,7033.1,400.69
9,6,4,7657.1,366.67
9,6,5,6481.4,377.06
9,6,6,7004.1,405.34
9,6,7,7351.4,369.73
9,6,8,7152.3,357.59
9,6,9,7637.6,384.38
9,6,10,7196.9,374.56
9,6,11,7398.4,365.48
9,6,12,7440.5,359.28
9,6,13,7627.6,387.58
9,6,14,7618.7,374.6
9,6,15,7122.9,391.86
9,6,16,6947.5,361.55
9,6,17,7722.4,357.19
9,6,18,7413.2,385.7
10,1,1,4431.4,585.12
10,1,2,5203.8,546.22
10,1,3,5545.9,519.78
10,1,4,5467.1,518.43
10,1,5,5130.2,540.02
10,1,6,5077.9,522.96
10,1,7,5248.3,534.47
10,1,8,5448.4,501.27
10,1,9,5412.4,511.29
10,1,10,4875.7,547.24
10,1,11,5441.4,550.86
10,1,12,5230.9,524.8
10,1,13,5002.4,560.1
10,1,14,5312.7,557.79
10,1,15,5641.1,550.29
10,1,16,5023.4,519.18
10,1,17,5655.2,495.55
10,1,18,5415.2,582.79
10,2,1,6756.1,456.87
10,2,2,6674.4,439.43
10,2,3,6355.7,466.67
10,2,4,6325.8,438.82
10,2,5,6468.3,426.45
10,2,6,6237.2,446.61
10,2,7,6884.2,404.14
10,2,8,6597.9,414.13
10,2,9,6504.8,395.56
10,2,10,6468.6,425.57
10,2,11,6371.3,401.23
10,2,12,6790.9,415.0
10,2,13,6978.3,410.95
10,2,14,6316.5,427.18
10,2,15,7124.9,405.71
10,2,16,6400.1,435.93
10,2,17,6962.5,410.92
10,2,18,6695.4,448.59
10,3,1,8033.9,359.99
10,3,2,8184.8,361.41
10,3,3,7166.2,376.83
10,3,4,6631.1,386.58
10,3,5,7139.2,391.28
10,3,6,7213.7,380.23
10,3,7,6883.2,374.79
10,3,8,7122.6,375.03
10,3,9,7110.1,424.21
10,3,10,7370.8,359.27
10,3,11,7087.1,350.4
10,3,12,7741.9,370.35
10,3,13,7372.4,357.52
10,3,14,7120.1,369.39
10,3,15,7215.2,364.48
10,3,16,7237.9,360.08
10,3,17,7949.9,374.46
10,3,18,7902.0,369.69
10,4,1,8109.1,360.21
10,4,2,7922.5,353.3
10,4,3,7362.0,375.43
10,4,4,6920.2,412.73
10,4,5,7143.1,413.38
10,4,6,7327.6,375.2
10,4,7,7288.2,370.41
10,4,8,7485.9,376.82
10,4,9,7583.5,361.33
10,4,10,7917.7,376.25
10,4,11,7397.4,364.49
10,4,12,7748.2,355.59
10,4,13,7170.6,368.39
10,4,14,7265.6,372.25
10,4,15,7292.0,375.34
10,4,16,7114.2,402.22
10,4,17,8057.2,353.39
10,4,18,7556.8,368.3
10,5,1,7822.4,359.96
10,5,2,7219.1,372.5
10,5,3,7129.4,409.28
10,5,4,7612.3,385.51
10,5,5,6923.1,390.77
10,5,6,7116.6,376.75
10,5,7,6862.3,393.83
10,5,8,7573.0,365.3
10,5,9,7296.3,385.89
10,5,10,7435.9,380.02
10,5,11,7395.7,350.41
10,5,12,7056.2,387.88
10,5,13,7574.0,369.21
10,5,14,7718.9,373.32
10,5,15,7541.1,374.31
10,5,16,7422.2,371.55
10,5,17,8111.2,353.13
10,5,18,7305.9,367.3
10,6,1,8147.6,366.0
10,6,2,7736.6,348.41
10,6,3,7731.3,381.73
10,6,4,7214.1,382.0
10,6,5,7353.6,394.8
10,6,6,7101.8,375.38
10,6,7,7783.2,371.48
10,6,8,7568.9,360.4
10,6,9,7103.6,346.65
10,6,10,6388.4,382.87
10,6,11,7991.8,365.4
10,6,12,7425.9,391.92
10,6,13,7137.4,351.3
10,6,14,7489.6,375.86
10,6,15,7771.6,358.58
10,6,16,7678.8,382.6
10,6,17,7865.8,345.81
10,6,18,7310.8,384.63
100,1,1,4411.2,639.61
100,1,2,4826.6,596.62
100,1,3,5344.1,550.13
100,1,4,5001.1,549.48
100,1,5,4982.8,568.95
100,1,6,5300.1,522.14
100,1,7,5480.6,520.9
100,1,8,5184.4,568.92
100,1,9,5112.9,511.14
100,1,10,5089.1,528.6
100,1,11,5031.5,577.44
100,1,12,4964.1,583.87
100,1,13,5564.7,537.51
100,1,14,5457.3,550.94
100,1,15,4808.4,551.87
100,1,16,5132.9,547.44
100,1,17,4955.9,540.26
100,1,18,5255.2,522.02
100,2,1,6563.2,460.2
100,2,2,6929.5,425.4
100,2,3,6215.8,444.72
100,2,4,6929.5,442.61
100,2,5,6897.8,444.72
100,2,6,6780.3,434.14
100,2,7,6324.7,457.43
100,2,8,6675.4,421.88
100,2,9,6592.0,441.36
100,2,10,6010.4,453.08
100,2,11,6382.8,446.44
100,2,12,6531.1,414.47
100,2,13,6807.0,429.22
100,2,14,6668.3,445.24
100,2,15,6706.3,439.59
100,2,16,6417.4,420.13
100,2,17,6615.8,439.2
100,2,18,6403.6,440.93
100,3,1,7631.9,375.9
100,3,2,7353.3,414.18
100,3,3,7232.2,391.63
100,3,4,6883.4,372.5
100,3,5,7052.3,397.11
100,3,6,7395.4,389.28
100,3,7,7092.8,388.21
100,3,8,7317.7,384.43
100,3,9,7285.8,406.98
100,3,10,7139.6,386.09
100,3,11,7258.8,387.18
100,3,12,7668.1,390.13
100,3,13,7595.6,381.3
100,3,14,7184.8,379.48
100,3,15,7183.9,379.65
100,3,16,7572.5,383.55
100,3,17,8004.8,367.3
100,3,18,6515.4,376.79
100,4,1,7679.9,366.3
100,4,2,8185.4,347.13
100,4,3,7003.7,388.86
100,4,4,7447.4,388.17
100,4,5,6614.4,380.37
100,4,6,6772.6,450.14
100,4,7,7155.1,380.66
100,4,8,7476.1,375.24
100,4,9,7070.4,417.35
100,4,10,6983.7,393.01
100,4,11,7730.0,378.28
100,4,12,7502.6,377.41
100,4,13,6920.5,370.65
100,4,14,6689.1,383.52
100,4,15,7299.5,390.56
100,4,16,7724.2,377.11
100,4,17,7340.6,367.86
100,4,18,7056.1,367.68
100,5,1,7894.9,362.79
100,5,2,7288.2,355.37
100,5,3,7701.4,377.09
100,5,4,7666.4,393.47
100,5,5,7124.6,406.98
100,5,6,7359.9,376.8
100,5,7,7091.2,370.68
100,5,8,7322.8,382.57
100,5,9,6812.2,397.66
100,5,10,7088.2,374.49
100,5,11,7366.4,387.21
100,5,12,6924.7,389.86
100,5,13,7599.8,366.68
100,5,14,7648.6,358.72
100,5,15,7443.6,362.12
100,5,16,7209.7,368.36
100,5,17,6733.1,372.95
100,5,18,7233.8,371.02
100,6,1,7804.2,374.97
100,6,2,7644.1,380.58
100,6,3,7332.2,389.48
100,6,4,7288.4,377.57
100,6,5,6880.9,381.31
100,6,6,7276.7,412.97
100,6,7,7077.5,370.97
100,6,8,7486.2,373.41
100,6,9,7361.6,385.3
100,6,10,7269.6,381.79
100,6,11,7371.6,378.19
100,6,12,7975.6,365.3
100,6,13,6797.0,377.58
100,6,14,6959.4,383.29
100,6,15,7228.6,368.88
100,6,16,7357.1,372.15
100,6,17,6246.2,358.61
100,6,18,6764.2,393.93
1000,1,1,2395.6,1114.4
1000,1,2,2630.2,1076.2
1000,1,3,2644.7,1057.3
1000,1,4,2542.1,1076.5
1000,1,5,2288.5,1077.8
1000,1,6,2534.9,1126.5
1000,1,7,2448.1,1055.2
1000,1,8,2473.2,1051.3
1000,1,9,2568.9,1089.3
1000,1,10,2607.5,1036.6
1000,1,11,2383.2,1110.0
1000,1,12,2533.2,1096.9
1000,1,13,2464.9,1043.1
1000,1,14,2625.6,1013.5
1000,1,15,2495.1,1024.5
1000,1,16,2347.6,1079.6
1000,1,17,2517.2,1030.1
1000,1,18,2732.4,1010.6
1000,2,1,2616.5,989.7
1000,2,2,2610.9,1010.0
1000,2,3,2705.5,1055.2
1000,2,4,2652.8,1051.5
1000,2,5,2690.4,1023.9
1000,2,6,2691.3,1013.3
1000,2,7,2669.3,1001.1
1000,2,8,2543.0,958.33
1000,2,9,2774.8,1000.9
1000,2,10,2492.5,1050.5
1000,2,11,2809.2,989.08
1000,2,12,2622.9,1031.9
1000,2,13,2516.9,984.7
1000,2,14,2557.3,975.72
1000,2,15,2567.2,981.25
1000,2,16,2660.2,1004.8
1000,2,17,2617.2,978.96
1000,2,18,2446.2,1076.1
1000,3,1,2748.4,954.29
1000,3,2,2919.6,940.2
1000,3,3,2816.9,1156.3
1000,3,4,2650.6,982.38
1000,3,5,2785.0,988.62
1000,3,6,2684.4,1015.6
1000,3,7,2802.1,949.04
1000,3,8,2449.6,969.69
1000,3,9,2607.7,1017.1
1000,3,10,2863.1,956.06
1000,3,11,2627.9,934.03
1000,3,12,2728.8,1001.5
1000,3,13,2621.9,954.4
1000,3,14,2735.1,962.26
1000,3,15,2809.4,976.45
1000,3,16,2683.3,933.95
1000,3,17,2790.7,982.15
1000,3,18,2843.5,953.74
1000,4,1,2901.2,928.29
1000,4,2,2756.5,1005.3
1000,4,3,2658.2,973.04
1000,4,4,2759.1,977.67
1000,4,5,2639.6,974.52
1000,4,6,2519.3,962.56
1000,4,7,2656.2,938.07
1000,4,8,2589.7,955.41
1000,4,9,2591.9,967.06
1000,4,10,2859.0,965.63
1000,4,11,2742.0,979.43
1000,4,12,2834.9,957.35
1000,4,13,2788.3,966.15
1000,4,14,2822.4,940.57
1000,4,15,2877.7,957.99
1000,4,16,2753.5,929.35
1000,4,17,2779.1,946.0
1000,4,18,2755.6,925.8
1000,5,1,2733.6,949.02
1000,5,2,2816.8,943.22
1000,5,3,2681.6,1002.6
1000,5,4,2691.2,957.64
1000,5,5,2613.3,1013.9
1000,5,6,2790.6,967.65
1000,5,7,2747.3,982.62
1000,5,8,2642.4,951.19
1000,5,9,2509.6,928.52
1000,5,10,2626.9,946.04
1000,5,11,2843.4,950.65
1000,5,12,2551.6,962.53
1000,5,13,2579.3,965.29
1000,5,14,2769.7,923.75
1000,5,15,2890.9,982.59
1000,5,16,2695.9,929.39
1000,5,17,2678.2,921.41
1000,5,18,2803.4,910.83
1000,6,1,2553.1,965.56
1000,6,2,2809.9,958.99
1000,6,3,2419.9,989.22
1000,6,4,2621.8,955.26
1000,6,5,2780.5,959.88
1000,6,6,2730.8,934.73
1000,6,7,2733.7,965.28
1000,6,8,2661.1,923.89
1000,6,9,2668.2,949.53
1000,6,10,2750.5,942.83
1000,6,11,2819.6,901.78
1000,6,12,2803.0,920.78
1000,6,13,2898.9,928.59
1000,6,14,2852.4,886.55
1000,6,15,2779.7,893.7
1000,6,16,2824.7,923.69
1000,6,17,2602.7,913.31
1000,6,18,2934.3,924.52
10000,1,1,330.25,8695.8
10000,1,2,291.94,8497.9
10000,1,3,312.44,8763.2
10000,1,4,283.12,8773.0
10000,1,5,315.0,8215.0
10000,1,6,328.19,8206.2
10000,1,7,296.29,8830.7
10000,1,8,285.25,8886.0
10000,1,9,305.19,8840.1
10000,1,10,321.44,8566.6
10000,1,11,278.67,8888.5
10000,1,12,281.88,8560.5
10000,1,13,299.25,8308.3
10000,1,14,307.06,8445.0
10000,1,15,303.75,8943.0
10000,1,16,288.62,8788.1
10000,1,17,316.38,8375.2
10000,1,18,299.62,9021.6
10000,2,1,336.62,7924.3
10000,2,2,293.31,8393.9
10000,2,3,331.82,8335.0
10000,2,4,331.94,8668.8
10000,2,5,324.75,8424.2
10000,2,6,304.88,8415.5
10000,2,7,312.44,8459.8
10000,2,8,333.06,8486.3
10000,2,9,308.13,8751.2
10000,2,10,302.25,8287.5
10000,2,11,317.0,8391.3
10000,2,12,365.81,8057.2
10000,2,13,322.88,8480.3
10000,2,14,330.19,8581.8
10000,2,15,290.47,8631.6
10000,2,16,293.33,8777.0
10000,2,17,339.0,8348.5
10000,2,18,292.62,7856.5
10000,3,1,326.0,8171.3
10000,3,2,324.5,8509.0
10000,3,3,310.12,8731.1
10000,3,4,350.25,8333.8
10000,3,5,337.31,8605.2
10000,3,6,313.25,8632.1
10000,3,7,352.12,7776.9
10000,3,8,278.81,7750.3
10000,3,9,327.88,8574.1
10000,3,10,295.12,8210.8
10000,3,11,327.24,8321.1
10000,3,12,297.06,8108.6
10000,3,13,330.44,8416.9
10000,3,14,326.25,8304.2
10000,3,15,339.12,8505.1
10000,3,16,296.35,8400.7
10000,3,17,338.88,8268.7
10000,3,18,333.19,8345.6
10000,4,1,311.06,7569.5
10000,4,2,323.75,8080.6
10000,4,3,349.38,7842.4
10000,4,4,329.38,7653.3
10000,4,5,322.75,8663.1
10000,4,6,311.59,8561.0
10000,4,7,346.31,7983.5
10000,4,8,337.19,7751.6
10000,4,9,334.19,8482.6
10000,4,10,348.88,8133.3
10000,4,11,317.88,8190.5
10000,4,12,334.06,7449.5
10000,4,13,315.12,8303.2
10000,4,14,328.25,7699.9
10000,4,15,376.06,7556.4
10000,4,16,333.94,7605.7
10000,4,17,322.44,7527.8
10000,4,18,367.2,8182.4
10000,5,1,349.94,7465.9
10000,5,2,335.94,7684.7
10000,5,3,370.94,7864.5
10000,5,4,349.5,7478.9
10000,5,5,380.38,7246.1
10000,5,6,316.76,8054.2
10000,5,7,324.56,7662.3
10000,5,8,413.38,6945.1
10000,5,9,377.25,7459.0
10000,5,10,328.25,7576.8
10000,5,11,375.0,6689.1
10000,5,12,342.62,7583.0
10000,5,13,340.44,7793.7
10000,5,14,398.2,7745.9
10000,5,15,321.4,8110.9
10000,5,16,361.44,7394.4
10000,5,17,339.62,7540.0
10000,5,18,344.44,6687.1
10000,6,1,334.44,7419.6
10000,6,2,368.47,7717.0
10000,6,3,353.38,7717.7
10000,6,4,341.0,7724.7
10000,6,5,347.31,7462.8
10000,6,6,391.69,6962.4
10000,6,7,352.4,7190.7
10000,6,8,356.75,7131.7
10000,6,9,382.75,6717.6
10000,6,10,389.75,6681.7
10000,6,11,424.53,6667.9
10000,6,12,372.44,7386.1
10000,6,13,411.06,6658.0
10000,6,14,383.38,6956.1
10000,6,15,410.0,6714.2
10000,6,16,399.65,6168.9
10000,6,17,364.69,7246.9
10000,6,18,350.56,7649.1
60000,1,1,157.67,51412.0
60000,1,2,300.0,52823.0
60000,1,3,152.83,45392.0
60000,1,4,160.4,35614.0
60000,1,5,158.0,50406.0
60000,1,6,138.86,41549.0
60000,1,7,263.75,41003.0
60000,1,8,179.5,39938.0
60000,1,9,145.67,45679.0
60000,1,10,288.0,50313.0
60000,1,11,185.0,44398.0
60000,1,12,135.67,50734.0
60000,1,13,169.83,44884.0
60000,1,14,154.4,50049.0
60000,1,15,164.33,46303.0
60000,1,16,222.75,53482.0
60000,1,17,203.2,36592.0
60000,1,18,210.6,48762.0
60000,2,1,185.8,46488.0
60000,2,2,176.2,51651.0
60000,2,3,145.5,49162.0
60000,2,4,170.67,34681.0
60000,2,5,316.33,48978.0
60000,2,6,121.5,49172.0
60000,2,7,161.0,39383.0
60000,2,8,286.67,45018.0
60000,2,9,160.0,57645.0
60000,2,10,181.8,55522.0
60000,2,11,188.0,48245.0
60000,2,12,264.0,45772.0
60000,2,13,171.8,46373.0
60000,2,14,168.4,50017.0
60000,2,15,280.67,37033.0
60000,2,16,182.2,39764.0
60000,2,17,158.33,40490.0
60000,2,18,189.0,42380.0
60000,3,1,175.83,48333.0
60000,3,2,173.2,53596.0
60000,3,3,204.8,37853.0
60000,3,4,158.67,35598.0
60000,3,5,177.8,46496.0
60000,3,6,191.4,37577.0
60000,3,7,321.67,49818.0
60000,3,8,196.5,37933.0
60000,3,9,169.83,37314.0
60000,3,10,159.33,48004.0
60000,3,11,171.17,36986.0
60000,3,12,129.67,52729.0
60000,3,13,166.5,38699.0
60000,3,14,216.8,33521.0
60000,3,15,316.67,35113.0
60000,3,16,145.67,45113.0
60000,3,17,179.0,45269.0
60000,3,18,153.17,32438.0
60000,4,1,184.0,48167.0
60000,4,2,226.75,36140.0
60000,4,3,141.67,41452.0
60000,4,4,233.6,34395.0
60000,4,5,275.0,41784.0
60000,4,6,236.75,32734.0
60000,4,7,233.0,44002.0
60000,4,8,158.83,34269.0
60000,4,9,205.0,31300.0
60000,4,10,161.17,33725.0
60000,4,11,173.6,38099.0
60000,4,12,253.5,26514.0
60000,4,13,172.33,46562.0
60000,4,14,419.33,33629.0
60000,4,15,264.5,31088.0
60000,4,16,168.4,36534.0
60000,4,17,235.5,36860.0
60000,4,18,172.8,35972.0
60000,5,1,187.5,45329.0
60000,5,2,135.33,47114.0
60000,5,3,275.0,46442.0
60000,5,4,183.33,38042.0
60000,5,5,257.0,37230.0
60000,5,6,154.17,30327.0
60000,5,7,173.8,29293.0
60000,5,8,200.8,37068.0
60000,5,9,354.5,28380.0
60000,5,10,249.75,33951.0
60000,5,11,204.5,44707.0
60000,5,12,175.5,35839.0
60000,5,13,389.67,36913.0
60000,5,14,190.5,28935.0
60000,5,15,278.25,47211.0
60000,5,16,190.6,32731.0
60000,5,17,153.8,46575.0
60000,5,18,268.0,49069.0
60000,6,1,216.8,45000.0
60000,6,2,196.0,32416.0
60000,6,3,160.67,34008.0
60000,6,4,254.5,27760.0
60000,6,5,361.75,42481.0
60000,6,6,423.0,32849.0
60000,6,7,343.0,37451.0
60000,6,8,160.33,34180.0
60000,6,9,207.4,34379.0
60000,6,10,193.5,38324.0
60000,6,11,402.67,38815.0
60000,6,12,214.67,28241.0
60000,6,13,328.25,30370.0
60000,6,14,219.0,36709.0
60000,6,15,172.4,35839.0
60000,6,16,223.17,28919.0
60000,6,17,186.83,29035.0
60000,6,18,167.86,34860.0
