Fixedacidity,Volatileacidity,Citricacid,Residualsugar,CL,FreeSO2,TotalS02,Density,PH,Sulphates,d2h
7.4,0.7,0.0,1.9,0.076,11.0,34.0,0.9978,3.51,0.56,0.438
7.8,0.88,0.0,2.6,0.098,25.0,67.0,0.9968,3.2,0.68,0.451
7.8,0.76,0.04,2.3,0.092,15.0,54.0,0.997,3.26,0.65,0.451
11.2,0.28,0.56,1.9,0.075,17.0,60.0,0.998,3.16,0.58,0.321
7.4,0.7,0.0,1.9,0.076,11.0,34.0,0.9978,3.51,0.56,0.438
7.4,0.66,0.0,1.8,0.075,13.0,40.0,0.9978,3.51,0.56,0.438
7.9,0.6,0.06,1.6,0.069,15.0,59.0,0.9964,3.3,0.46,0.438
7.3,0.65,0.0,1.2,0.065,15.0,21.0,0.9946,3.39,0.47,0.224
7.8,0.58,0.02,2.0,0.073,9.0,18.0,0.9968,3.36,0.57,0.185
7.5,0.5,0.36,6.1,0.071,17.0,102.0,0.9978,3.35,0.8,0.482
6.7,0.58,0.08,1.8,0.097,15.0,65.0,0.9959,3.28,0.54,0.433
7.5,0.5,0.36,6.1,0.071,17.0,102.0,0.9978,3.35,0.8,0.482
5.6,0.615,0.0,1.6,0.089,16.0,59.0,0.9943,3.58,0.52,0.455
7.8,0.61,0.29,1.6,0.114,9.0,29.0,0.9974,3.26,1.56,0.431
8.9,0.62,0.18,3.8,0.176,52.0,145.0,0.9986,3.16,0.88,0.433
8.9,0.62,0.19,3.9,0.17,51.0,148.0,0.9986,3.17,0.93,0.433
8.5,0.28,0.56,1.8,0.092,35.0,103.0,0.9969,3.3,0.75,0.269
8.1,0.56,0.28,1.7,0.368,16.0,56.0,0.9968,3.11,1.28,0.435
7.4,0.59,0.08,4.4,0.086,6.0,29.0,0.9974,3.38,0.5,0.569
7.9,0.32,0.51,1.8,0.341,17.0,56.0,0.9969,3.04,1.08,0.296
8.9,0.22,0.48,1.8,0.077,29.0,60.0,0.9968,3.39,0.53,0.303
7.6,0.39,0.31,2.3,0.082,23.0,71.0,0.9982,3.52,0.65,0.447
7.9,0.43,0.21,1.6,0.106,10.0,37.0,0.9966,3.17,0.91,0.441
8.5,0.49,0.11,2.3,0.084,9.0,67.0,0.9968,3.17,0.53,0.438
6.9,0.4,0.14,2.4,0.085,21.0,40.0,0.9968,3.43,0.63,0.316
6.3,0.39,0.16,1.4,0.08,11.0,23.0,0.9955,3.34,0.56,0.435
7.6,0.41,0.24,1.8,0.08,4.0,11.0,0.9962,3.28,0.59,0.441
7.9,0.43,0.21,1.6,0.106,10.0,37.0,0.9966,3.17,0.91,0.441
7.1,0.71,0.0,1.9,0.08,14.0,35.0,0.9972,3.47,0.55,0.438
7.8,0.645,0.0,2.0,0.082,8.0,16.0,0.9964,3.38,0.59,0.321
6.7,0.675,0.07,2.4,0.089,17.0,82.0,0.9958,3.35,0.54,0.463
6.9,0.685,0.0,2.5,0.105,22.0,37.0,0.9966,3.46,0.57,0.371
8.3,0.655,0.12,2.3,0.083,15.0,113.0,0.9966,3.17,0.66,0.451
6.9,0.605,0.12,10.7,0.073,40.0,83.0,0.9993,3.45,0.52,0.303
5.2,0.32,0.25,1.8,0.103,13.0,50.0,0.9957,3.38,0.55,0.433
7.8,0.645,0.0,5.5,0.086,5.0,18.0,0.9986,3.4,0.55,0.312
7.8,0.6,0.14,2.4,0.086,3.0,15.0,0.9975,3.42,0.6,0.385
8.1,0.38,0.28,2.1,0.066,13.0,30.0,0.9968,3.23,0.73,0.2
5.7,1.13,0.09,1.5,0.172,7.0,19.0,0.994,3.5,0.48,0.586
7.3,0.45,0.36,5.9,0.074,12.0,87.0,0.9978,3.33,0.83,0.482
7.3,0.45,0.36,5.9,0.074,12.0,87.0,0.9978,3.33,0.83,0.482
8.8,0.61,0.3,2.8,0.088,17.0,46.0,0.9976,3.26,0.51,0.574
7.5,0.49,0.2,2.6,0.332,8.0,14.0,0.9968,3.21,0.9,0.364
8.1,0.66,0.22,2.2,0.069,9.0,23.0,0.9968,3.3,1.2,0.472
6.8,0.67,0.02,1.8,0.05,5.0,11.0,0.9962,3.48,0.52,0.441
4.6,0.52,0.15,2.1,0.054,8.0,65.0,0.9934,3.9,0.56,0.763
7.7,0.935,0.43,2.2,0.114,22.0,114.0,0.997,3.25,0.73,0.433
8.7,0.29,0.52,1.6,0.113,12.0,37.0,0.9969,3.25,0.58,0.441
6.4,0.4,0.23,1.6,0.066,5.0,12.0,0.9958,3.34,0.56,0.433
5.6,0.31,0.37,1.4,0.074,12.0,96.0,0.9954,3.32,0.58,0.433
8.8,0.66,0.26,1.7,0.074,4.0,23.0,0.9971,3.15,0.74,0.433
6.6,0.52,0.04,2.2,0.069,8.0,15.0,0.9956,3.4,0.63,0.303
6.6,0.5,0.04,2.1,0.068,6.0,14.0,0.9955,3.39,0.64,0.303
8.6,0.38,0.36,3.0,0.081,30.0,119.0,0.997,3.2,0.56,0.438
7.6,0.51,0.15,2.8,0.11,33.0,73.0,0.9955,3.17,0.63,0.344
7.7,0.62,0.04,3.8,0.084,25.0,45.0,0.9978,3.34,0.53,0.441
10.2,0.42,0.57,3.4,0.07,4.0,10.0,0.9971,3.04,0.63,0.444
7.5,0.63,0.12,5.1,0.111,50.0,110.0,0.9983,3.26,0.77,0.438
7.8,0.59,0.18,2.3,0.076,17.0,54.0,0.9975,3.43,0.59,0.459
7.3,0.39,0.31,2.4,0.074,9.0,46.0,0.9962,3.41,0.54,0.303
8.8,0.4,0.4,2.2,0.079,19.0,52.0,0.998,3.44,0.64,0.433
7.7,0.69,0.49,1.8,0.115,20.0,112.0,0.9968,3.21,0.71,0.435
7.5,0.52,0.16,1.9,0.085,12.0,35.0,0.9968,3.38,0.62,0.185
7.0,0.735,0.05,2.0,0.081,13.0,54.0,0.9966,3.39,0.57,0.451
7.2,0.725,0.05,4.65,0.086,4.0,11.0,0.9962,3.41,0.39,0.504
7.2,0.725,0.05,4.65,0.086,4.0,11.0,0.9962,3.41,0.39,0.504
7.5,0.52,0.11,1.5,0.079,11.0,39.0,0.9968,3.42,0.58,0.444
6.6,0.705,0.07,1.6,0.076,6.0,15.0,0.9962,3.44,0.58,0.493
9.3,0.32,0.57,2.0,0.074,27.0,65.0,0.9969,3.28,0.79,0.493
8.0,0.705,0.05,1.9,0.074,8.0,19.0,0.9962,3.34,0.95,0.364
7.7,0.63,0.08,1.9,0.076,15.0,27.0,0.9967,3.32,0.54,0.307
7.7,0.67,0.23,2.1,0.088,17.0,96.0,0.9962,3.32,0.48,0.441
7.7,0.69,0.22,1.9,0.084,18.0,94.0,0.9961,3.31,0.48,0.441
8.3,0.675,0.26,2.1,0.084,11.0,43.0,0.9976,3.31,0.53,0.572
9.7,0.32,0.54,2.5,0.094,28.0,83.0,0.9984,3.28,0.82,0.444
8.8,0.41,0.64,2.2,0.093,9.0,42.0,0.9986,3.54,0.66,0.482
8.8,0.41,0.64,2.2,0.093,9.0,42.0,0.9986,3.54,0.66,0.482
6.8,0.785,0.0,2.4,0.104,14.0,30.0,0.9966,3.52,0.55,0.378
6.7,0.75,0.12,2.0,0.086,12.0,80.0,0.9958,3.38,0.52,0.463
8.3,0.625,0.2,1.5,0.08,27.0,119.0,0.9972,3.16,1.12,0.571
6.2,0.45,0.2,1.6,0.069,3.0,15.0,0.9958,3.41,0.56,0.433
7.8,0.43,0.7,1.9,0.464,22.0,67.0,0.9974,3.13,1.28,0.438
7.4,0.5,0.47,2.0,0.086,21.0,73.0,0.997,3.36,0.57,0.431
7.3,0.67,0.26,1.8,0.401,16.0,51.0,0.9969,3.16,1.14,0.438
6.3,0.3,0.48,1.8,0.069,18.0,61.0,0.9959,3.44,0.78,0.35
6.9,0.55,0.15,2.2,0.076,19.0,40.0,0.9961,3.41,0.59,0.463
8.6,0.49,0.28,1.9,0.11,20.0,136.0,0.9972,2.93,1.95,0.327
7.7,0.49,0.26,1.9,0.062,9.0,31.0,0.9966,3.39,0.64,0.444
9.3,0.39,0.44,2.1,0.107,34.0,125.0,0.9978,3.14,1.22,0.441
7.0,0.62,0.08,1.8,0.076,8.0,24.0,0.9978,3.48,0.53,0.429
7.9,0.52,0.26,1.9,0.079,42.0,140.0,0.9964,3.23,0.54,0.441
8.6,0.49,0.28,1.9,0.11,20.0,136.0,0.9972,2.93,1.95,0.327
8.6,0.49,0.29,2.0,0.11,19.0,133.0,0.9972,2.93,1.98,0.451
7.7,0.49,0.26,1.9,0.062,9.0,31.0,0.9966,3.39,0.64,0.444
5.0,1.02,0.04,1.4,0.045,41.0,85.0,0.9938,3.75,0.48,0.61
4.7,0.6,0.17,2.3,0.058,17.0,106.0,0.9932,3.85,0.6,0.565
6.8,0.775,0.0,3.0,0.102,8.0,23.0,0.9965,3.45,0.56,0.493
7.0,0.5,0.25,2.0,0.07,3.0,22.0,0.9963,3.25,0.63,0.433
7.6,0.9,0.06,2.5,0.079,5.0,10.0,0.9967,3.39,0.56,0.451
8.1,0.545,0.18,1.9,0.08,13.0,35.0,0.9972,3.3,0.59,0.29
8.3,0.61,0.3,2.1,0.084,11.0,50.0,0.9972,3.4,0.61,0.344
7.8,0.5,0.3,1.9,0.075,8.0,22.0,0.9959,3.31,0.56,0.357
8.1,0.545,0.18,1.9,0.08,13.0,35.0,0.9972,3.3,0.59,0.29
8.1,0.575,0.22,2.1,0.077,12.0,65.0,0.9967,3.29,0.51,0.433
7.2,0.49,0.24,2.2,0.07,5.0,36.0,0.996,3.33,0.48,0.438
8.1,0.575,0.22,2.1,0.077,12.0,65.0,0.9967,3.29,0.51,0.433
7.8,0.41,0.68,1.7,0.467,18.0,69.0,0.9973,3.08,1.31,0.435
6.2,0.63,0.31,1.7,0.088,15.0,64.0,0.9969,3.46,0.79,0.435
8.0,0.33,0.53,2.5,0.091,18.0,80.0,0.9976,3.37,0.8,0.312
8.1,0.785,0.52,2.0,0.122,37.0,153.0,0.9969,3.21,0.69,0.435
7.8,0.56,0.19,1.8,0.104,12.0,47.0,0.9964,3.19,0.93,0.441
8.4,0.62,0.09,2.2,0.084,11.0,108.0,0.9964,3.15,0.66,0.451
8.4,0.6,0.1,2.2,0.085,14.0,111.0,0.9964,3.15,0.66,0.451
10.1,0.31,0.44,2.3,0.08,22.0,46.0,0.9988,3.32,0.67,0.316
7.8,0.56,0.19,1.8,0.104,12.0,47.0,0.9964,3.19,0.93,0.441
9.4,0.4,0.31,2.2,0.09,13.0,62.0,0.9966,3.07,0.63,0.364
8.3,0.54,0.28,1.9,0.077,11.0,40.0,0.9978,3.39,0.61,0.332
7.8,0.56,0.12,2.0,0.082,7.0,28.0,0.997,3.37,0.5,0.303
8.8,0.55,0.04,2.2,0.119,14.0,56.0,0.9962,3.21,0.6,0.392
7.0,0.69,0.08,1.8,0.097,22.0,89.0,0.9959,3.34,0.54,0.296
7.3,1.07,0.09,1.7,0.178,10.0,89.0,0.9962,3.3,0.57,0.429
8.8,0.55,0.04,2.2,0.119,14.0,56.0,0.9962,3.21,0.6,0.392
7.3,0.695,0.0,2.5,0.075,3.0,13.0,0.998,3.49,0.52,0.433
8.0,0.71,0.0,2.6,0.08,11.0,34.0,0.9976,3.44,0.53,0.441
7.8,0.5,0.17,1.6,0.082,21.0,102.0,0.996,3.39,0.48,0.441
9.0,0.62,0.04,1.9,0.146,27.0,90.0,0.9984,3.16,0.7,0.438
8.2,1.33,0.0,1.7,0.081,3.0,12.0,0.9964,3.53,0.49,0.504
8.1,1.33,0.0,1.8,0.082,3.0,12.0,0.9964,3.54,0.48,0.504
8.0,0.59,0.16,1.8,0.065,3.0,16.0,0.9962,3.42,0.92,0.269
6.1,0.38,0.15,1.8,0.072,6.0,19.0,0.9955,3.42,0.57,0.438
8.0,0.745,0.56,2.0,0.118,30.0,134.0,0.9968,3.24,0.66,0.438
5.6,0.5,0.09,2.3,0.049,17.0,99.0,0.9937,3.63,0.63,0.656
5.6,0.5,0.09,2.3,0.049,17.0,99.0,0.9937,3.63,0.63,0.656
6.6,0.5,0.01,1.5,0.06,17.0,26.0,0.9952,3.4,0.58,0.321
7.9,1.04,0.05,2.2,0.084,13.0,29.0,0.9959,3.22,0.55,0.327
8.4,0.745,0.11,1.9,0.09,16.0,63.0,0.9965,3.19,0.82,0.444
8.3,0.715,0.15,1.8,0.089,10.0,52.0,0.9968,3.23,0.77,0.441
7.2,0.415,0.36,2.0,0.081,13.0,45.0,0.9972,3.48,0.64,0.433
7.8,0.56,0.19,2.1,0.081,15.0,105.0,0.9962,3.33,0.54,0.441
7.8,0.56,0.19,2.0,0.081,17.0,108.0,0.9962,3.32,0.54,0.441
8.4,0.745,0.11,1.9,0.09,16.0,63.0,0.9965,3.19,0.82,0.444
8.3,0.715,0.15,1.8,0.089,10.0,52.0,0.9968,3.23,0.77,0.441
5.2,0.34,0.0,1.8,0.05,27.0,63.0,0.9916,3.68,0.79,0.672
6.3,0.39,0.08,1.7,0.066,3.0,20.0,0.9954,3.34,0.58,0.438
5.2,0.34,0.0,1.8,0.05,27.0,63.0,0.9916,3.68,0.79,0.672
8.1,0.67,0.55,1.8,0.117,32.0,141.0,0.9968,3.17,0.62,0.438
5.8,0.68,0.02,1.8,0.087,21.0,94.0,0.9944,3.54,0.52,0.459
7.6,0.49,0.26,1.6,0.236,10.0,88.0,0.9968,3.11,0.8,0.435
6.9,0.49,0.1,2.3,0.074,12.0,30.0,0.9959,3.42,0.58,0.344
8.2,0.4,0.44,2.8,0.089,11.0,43.0,0.9975,3.53,0.61,0.364
7.3,0.33,0.47,2.1,0.077,5.0,11.0,0.9958,3.33,0.53,0.35
9.2,0.52,1.0,3.4,0.61,32.0,69.0,0.9996,2.74,2.0,0.576
7.5,0.6,0.03,1.8,0.095,25.0,99.0,0.995,3.35,0.54,0.463
7.5,0.6,0.03,1.8,0.095,25.0,99.0,0.995,3.35,0.54,0.463
7.1,0.43,0.42,5.5,0.07,29.0,129.0,0.9973,3.42,0.72,0.482
7.1,0.43,0.42,5.5,0.071,28.0,128.0,0.9973,3.42,0.71,0.482
7.1,0.43,0.42,5.5,0.07,29.0,129.0,0.9973,3.42,0.72,0.482
7.1,0.43,0.42,5.5,0.071,28.0,128.0,0.9973,3.42,0.71,0.482
7.1,0.68,0.0,2.2,0.073,12.0,22.0,0.9969,3.48,0.5,0.435
6.8,0.6,0.18,1.9,0.079,18.0,86.0,0.9968,3.59,0.57,0.299
7.6,0.95,0.03,2.0,0.09,7.0,20.0,0.9959,3.2,0.56,0.444
7.6,0.68,0.02,1.3,0.072,9.0,20.0,0.9965,3.17,1.08,0.572
7.8,0.53,0.04,1.7,0.076,17.0,31.0,0.9964,3.33,0.56,0.332
7.4,0.6,0.26,7.3,0.07,36.0,121.0,0.9982,3.37,0.49,0.438
7.3,0.59,0.26,7.2,0.07,35.0,121.0,0.9981,3.37,0.49,0.438
7.8,0.63,0.48,1.7,0.1,14.0,96.0,0.9961,3.19,0.62,0.441
6.8,0.64,0.1,2.1,0.085,18.0,101.0,0.9956,3.34,0.52,0.467
7.3,0.55,0.03,1.6,0.072,17.0,42.0,0.9956,3.37,0.48,0.569
6.8,0.63,0.07,2.1,0.089,11.0,44.0,0.9953,3.47,0.55,0.357
7.5,0.705,0.24,1.8,0.36,15.0,63.0,0.9964,3.0,1.59,0.441
7.9,0.885,0.03,1.8,0.058,4.0,8.0,0.9972,3.36,0.33,0.571
8.0,0.42,0.17,2.0,0.073,6.0,18.0,0.9972,3.29,0.61,0.296
8.0,0.42,0.17,2.0,0.073,6.0,18.0,0.9972,3.29,0.61,0.296
7.4,0.62,0.05,1.9,0.068,24.0,42.0,0.9961,3.42,0.57,0.44
7.3,0.38,0.21,2.0,0.08,7.0,35.0,0.9961,3.33,0.47,0.441
6.9,0.5,0.04,1.5,0.085,19.0,49.0,0.9958,3.35,0.78,0.441
7.3,0.38,0.21,2.0,0.08,7.0,35.0,0.9961,3.33,0.47,0.441
7.5,0.52,0.42,2.3,0.087,8.0,38.0,0.9972,3.58,0.61,0.364
7.0,0.805,0.0,2.5,0.068,7.0,20.0,0.9969,3.48,0.56,0.444
8.8,0.61,0.14,2.4,0.067,10.0,42.0,0.9969,3.19,0.59,0.441
8.8,0.61,0.14,2.4,0.067,10.0,42.0,0.9969,3.19,0.59,0.441
8.9,0.61,0.49,2.0,0.27,23.0,110.0,0.9972,3.12,1.02,0.435
7.2,0.73,0.02,2.5,0.076,16.0,42.0,0.9972,3.44,0.52,0.435
6.8,0.61,0.2,1.8,0.077,11.0,65.0,0.9971,3.54,0.58,0.435
6.7,0.62,0.21,1.9,0.079,8.0,62.0,0.997,3.52,0.58,0.299
8.9,0.31,0.57,2.0,0.111,26.0,85.0,0.9971,3.26,0.53,0.447
7.4,0.39,0.48,2.0,0.082,14.0,67.0,0.9972,3.34,0.55,0.433
7.7,0.705,0.1,2.6,0.084,9.0,26.0,0.9976,3.39,0.49,0.447
7.9,0.5,0.33,2.0,0.084,15.0,143.0,0.9968,3.2,0.55,0.441
7.9,0.49,0.32,1.9,0.082,17.0,144.0,0.9968,3.2,0.55,0.441
8.2,0.5,0.35,2.9,0.077,21.0,127.0,0.9976,3.23,0.62,0.438
6.4,0.37,0.25,1.9,0.074,21.0,49.0,0.9974,3.57,0.62,0.321
6.8,0.63,0.12,3.8,0.099,16.0,126.0,0.9969,3.28,0.61,0.441
7.6,0.55,0.21,2.2,0.071,7.0,28.0,0.9964,3.28,0.55,0.447
7.6,0.55,0.21,2.2,0.071,7.0,28.0,0.9964,3.28,0.55,0.447
7.8,0.59,0.33,2.0,0.074,24.0,120.0,0.9968,3.25,0.54,0.438
7.3,0.58,0.3,2.4,0.074,15.0,55.0,0.9968,3.46,0.59,0.467
11.5,0.3,0.6,2.0,0.067,12.0,27.0,0.9981,3.11,0.97,0.338
5.4,0.835,0.08,1.2,0.046,13.0,93.0,0.9924,3.57,0.85,0.52
6.9,1.09,0.06,2.1,0.061,12.0,31.0,0.9948,3.51,0.43,0.653
9.6,0.32,0.47,1.4,0.056,9.0,24.0,0.99695,3.22,0.82,0.25
8.8,0.37,0.48,2.1,0.097,39.0,145.0,0.9975,3.04,1.03,0.435
6.8,0.5,0.11,1.5,0.075,16.0,49.0,0.99545,3.36,0.79,0.441
7.0,0.42,0.35,1.6,0.088,16.0,39.0,0.9961,3.34,0.55,0.433
7.0,0.43,0.36,1.6,0.089,14.0,37.0,0.99615,3.34,0.56,0.296
12.8,0.3,0.74,2.6,0.095,9.0,28.0,0.9994,3.2,0.77,0.297
12.8,0.3,0.74,2.6,0.095,9.0,28.0,0.9994,3.2,0.77,0.297
7.8,0.57,0.31,1.8,0.069,26.0,120.0,0.99625,3.29,0.53,0.435
7.8,0.44,0.28,2.7,0.1,18.0,95.0,0.9966,3.22,0.67,0.438
11.0,0.3,0.58,2.1,0.054,7.0,19.0,0.998,3.31,0.88,0.269
9.7,0.53,0.6,2.0,0.039,5.0,19.0,0.99585,3.3,0.86,0.519
8.0,0.725,0.24,2.8,0.083,10.0,62.0,0.99685,3.35,0.56,0.332
11.6,0.44,0.64,2.1,0.059,5.0,15.0,0.998,3.21,0.67,0.344
8.2,0.57,0.26,2.2,0.06,28.0,65.0,0.9959,3.3,0.43,0.463
7.8,0.735,0.08,2.4,0.092,10.0,41.0,0.9974,3.24,0.71,0.321
7.0,0.49,0.49,5.6,0.06,26.0,121.0,0.9974,3.34,0.76,0.482
8.7,0.625,0.16,2.0,0.101,13.0,49.0,0.9962,3.14,0.57,0.51
8.1,0.725,0.22,2.2,0.072,11.0,41.0,0.9967,3.36,0.55,0.431
7.5,0.49,0.19,1.9,0.076,10.0,44.0,0.9957,3.39,0.54,0.447
7.8,0.53,0.33,2.4,0.08,24.0,144.0,0.99655,3.3,0.6,0.441
7.8,0.34,0.37,2.0,0.082,24.0,58.0,0.9964,3.34,0.59,0.303
7.4,0.53,0.26,2.0,0.101,16.0,72.0,0.9957,3.15,0.57,0.438
6.8,0.61,0.04,1.5,0.057,5.0,10.0,0.99525,3.42,0.6,0.441
8.6,0.645,0.25,2.0,0.083,8.0,28.0,0.99815,3.28,0.6,0.332
8.4,0.635,0.36,2.0,0.089,15.0,55.0,0.99745,3.31,0.57,0.606
7.7,0.43,0.25,2.6,0.073,29.0,63.0,0.99615,3.37,0.58,0.364
8.9,0.59,0.5,2.0,0.337,27.0,81.0,0.9964,3.04,1.61,0.307
9.0,0.82,0.14,2.6,0.089,9.0,23.0,0.9984,3.39,0.63,0.451
7.7,0.43,0.25,2.6,0.073,29.0,63.0,0.99615,3.37,0.58,0.364
6.9,0.52,0.25,2.6,0.081,10.0,37.0,0.99685,3.46,0.5,0.51
5.2,0.48,0.04,1.6,0.054,19.0,106.0,0.9927,3.54,0.62,0.437
8.0,0.38,0.06,1.8,0.078,12.0,49.0,0.99625,3.37,0.52,0.327
8.5,0.37,0.2,2.8,0.09,18.0,58.0,0.998,3.34,0.7,0.312
6.9,0.52,0.25,2.6,0.081,10.0,37.0,0.99685,3.46,0.5,0.51
8.2,1.0,0.09,2.3,0.065,7.0,37.0,0.99685,3.32,0.55,0.29
7.2,0.63,0.0,1.9,0.097,14.0,38.0,0.99675,3.37,0.58,0.29
7.2,0.63,0.0,1.9,0.097,14.0,38.0,0.99675,3.37,0.58,0.29
7.2,0.645,0.0,1.9,0.097,15.0,39.0,0.99675,3.37,0.58,0.296
7.2,0.63,0.0,1.9,0.097,14.0,38.0,0.99675,3.37,0.58,0.29
8.2,1.0,0.09,2.3,0.065,7.0,37.0,0.99685,3.32,0.55,0.29
8.9,0.635,0.37,1.7,0.263,5.0,62.0,0.9971,3.0,1.09,0.435
12.0,0.38,0.56,2.1,0.093,6.0,24.0,0.99925,3.14,0.71,0.392
7.7,0.58,0.1,1.8,0.102,28.0,109.0,0.99565,3.08,0.49,0.321
15.0,0.21,0.44,2.2,0.075,10.0,24.0,1.00005,3.07,0.84,0.166
15.0,0.21,0.44,2.2,0.075,10.0,24.0,1.00005,3.07,0.84,0.166
7.3,0.66,0.0,2.0,0.084,6.0,23.0,0.9983,3.61,0.96,0.327
7.1,0.68,0.07,1.9,0.075,16.0,51.0,0.99685,3.38,0.52,0.441
8.2,0.6,0.17,2.3,0.072,11.0,73.0,0.9963,3.2,0.45,0.435
7.7,0.53,0.06,1.7,0.074,9.0,39.0,0.99615,3.35,0.48,0.321
7.3,0.66,0.0,2.0,0.084,6.0,23.0,0.9983,3.61,0.96,0.327
10.8,0.32,0.44,1.6,0.063,16.0,37.0,0.9985,3.22,0.78,0.332
7.1,0.6,0.0,1.8,0.074,16.0,34.0,0.9972,3.47,0.7,0.327
11.1,0.35,0.48,3.1,0.09,5.0,21.0,0.9986,3.17,0.53,0.482
7.7,0.775,0.42,1.9,0.092,8.0,86.0,0.9959,3.23,0.59,0.441
7.1,0.6,0.0,1.8,0.074,16.0,34.0,0.9972,3.47,0.7,0.327
8.0,0.57,0.23,3.2,0.073,17.0,119.0,0.99675,3.26,0.57,0.435
9.4,0.34,0.37,2.2,0.075,5.0,13.0,0.998,3.22,0.62,0.433
6.6,0.695,0.0,2.1,0.075,12.0,56.0,0.9968,3.49,0.67,0.433
7.7,0.41,0.76,1.8,0.611,8.0,45.0,0.9968,3.06,1.26,0.438
10.0,0.31,0.47,2.6,0.085,14.0,33.0,0.99965,3.36,0.8,0.269
7.9,0.33,0.23,1.7,0.077,18.0,45.0,0.99625,3.29,0.65,0.435
7.0,0.975,0.04,2.0,0.087,12.0,67.0,0.99565,3.35,0.6,0.576
8.0,0.52,0.03,1.7,0.07,10.0,35.0,0.99575,3.34,0.57,0.459
7.9,0.37,0.23,1.8,0.077,23.0,49.0,0.9963,3.28,0.67,0.435
12.5,0.56,0.49,2.4,0.064,5.0,27.0,0.9999,3.08,0.87,0.504
11.8,0.26,0.52,1.8,0.071,6.0,10.0,0.9968,3.2,0.72,0.242
8.1,0.87,0.0,3.3,0.096,26.0,61.0,1.00025,3.6,0.72,0.586
7.9,0.35,0.46,3.6,0.078,15.0,37.0,0.9973,3.35,0.86,0.479
6.9,0.54,0.04,3.0,0.077,7.0,27.0,0.9987,3.69,0.91,0.303
11.5,0.18,0.51,4.0,0.104,4.0,23.0,0.9996,3.28,0.97,0.338
7.9,0.545,0.06,4.0,0.087,27.0,61.0,0.9965,3.36,0.67,0.378
11.5,0.18,0.51,4.0,0.104,4.0,23.0,0.9996,3.28,0.97,0.338
10.9,0.37,0.58,4.0,0.071,17.0,65.0,0.99935,3.22,0.78,0.463
8.4,0.715,0.2,2.4,0.076,10.0,38.0,0.99735,3.31,0.64,0.438
7.5,0.65,0.18,7.0,0.088,27.0,94.0,0.99915,3.38,0.77,0.438
7.9,0.545,0.06,4.0,0.087,27.0,61.0,0.9965,3.36,0.67,0.378
6.9,0.54,0.04,3.0,0.077,7.0,27.0,0.9987,3.69,0.91,0.303
11.5,0.18,0.51,4.0,0.104,4.0,23.0,0.9996,3.28,0.97,0.338
10.3,0.32,0.45,6.4,0.073,5.0,13.0,0.9976,3.23,0.82,0.457
8.9,0.4,0.32,5.6,0.087,10.0,47.0,0.9991,3.38,0.77,0.269
11.4,0.26,0.44,3.6,0.071,6.0,19.0,0.9986,3.12,0.82,0.299
7.7,0.27,0.68,3.5,0.358,5.0,10.0,0.9972,3.25,1.08,0.216
7.6,0.52,0.12,3.0,0.067,12.0,53.0,0.9971,3.36,0.57,0.431
8.9,0.4,0.32,5.6,0.087,10.0,47.0,0.9991,3.38,0.77,0.269
9.9,0.59,0.07,3.4,0.102,32.0,71.0,1.00015,3.31,0.71,0.451
9.9,0.59,0.07,3.4,0.102,32.0,71.0,1.00015,3.31,0.71,0.451
12.0,0.45,0.55,2.0,0.073,25.0,49.0,0.9997,3.1,0.76,0.35
7.5,0.4,0.12,3.0,0.092,29.0,53.0,0.9967,3.37,0.7,0.35
8.7,0.52,0.09,2.5,0.091,20.0,49.0,0.9976,3.34,0.86,0.278
11.6,0.42,0.53,3.3,0.105,33.0,98.0,1.001,3.2,0.95,0.433
8.7,0.52,0.09,2.5,0.091,20.0,49.0,0.9976,3.34,0.86,0.278
11.0,0.2,0.48,2.0,0.343,6.0,18.0,0.9979,3.3,0.71,0.482
10.4,0.55,0.23,2.7,0.091,18.0,48.0,0.9994,3.22,0.64,0.35
6.9,0.36,0.25,2.4,0.098,5.0,16.0,0.9964,3.41,0.6,0.338
13.3,0.34,0.52,3.2,0.094,17.0,53.0,1.0014,3.05,0.81,0.307
10.8,0.5,0.46,2.5,0.073,5.0,27.0,1.0001,3.05,0.64,0.441
10.6,0.83,0.37,2.6,0.086,26.0,70.0,0.9981,3.16,0.52,0.455
7.1,0.63,0.06,2.0,0.083,8.0,29.0,0.99855,3.67,0.73,0.444
7.2,0.65,0.02,2.3,0.094,5.0,31.0,0.9993,3.67,0.8,0.447
6.9,0.67,0.06,2.1,0.08,8.0,33.0,0.99845,3.68,0.71,0.444
7.5,0.53,0.06,2.6,0.086,20.0,44.0,0.9965,3.38,0.59,0.378
11.1,0.18,0.48,1.5,0.068,7.0,15.0,0.9973,3.22,0.64,0.338
8.3,0.705,0.12,2.6,0.092,12.0,28.0,0.9994,3.51,0.72,0.459
7.4,0.67,0.12,1.6,0.186,5.0,21.0,0.996,3.39,0.54,0.441
8.4,0.65,0.6,2.1,0.112,12.0,90.0,0.9973,3.2,0.52,0.433
10.3,0.53,0.48,2.5,0.063,6.0,25.0,0.9998,3.12,0.59,0.299
7.6,0.62,0.32,2.2,0.082,7.0,54.0,0.9966,3.36,0.52,0.438
10.3,0.41,0.42,2.4,0.213,6.0,14.0,0.9994,3.19,0.62,0.307
10.3,0.43,0.44,2.4,0.214,5.0,12.0,0.9994,3.19,0.63,0.307
7.4,0.29,0.38,1.7,0.062,9.0,30.0,0.9968,3.41,0.53,0.307
10.3,0.53,0.48,2.5,0.063,6.0,25.0,0.9998,3.12,0.59,0.299
7.9,0.53,0.24,2.0,0.072,15.0,105.0,0.996,3.27,0.54,0.303
9.0,0.46,0.31,2.8,0.093,19.0,98.0,0.99815,3.32,0.63,0.307
8.6,0.47,0.3,3.0,0.076,30.0,135.0,0.9976,3.3,0.53,0.438
7.4,0.36,0.29,2.6,0.087,26.0,72.0,0.99645,3.39,0.68,0.51
7.1,0.35,0.29,2.5,0.096,20.0,53.0,0.9962,3.42,0.65,0.4
9.6,0.56,0.23,3.4,0.102,37.0,92.0,0.9996,3.3,0.65,0.463
9.6,0.77,0.12,2.9,0.082,30.0,74.0,0.99865,3.3,0.64,0.357
9.8,0.66,0.39,3.2,0.083,21.0,59.0,0.9989,3.37,0.71,0.366
9.6,0.77,0.12,2.9,0.082,30.0,74.0,0.99865,3.3,0.64,0.357
9.8,0.66,0.39,3.2,0.083,21.0,59.0,0.9989,3.37,0.71,0.366
9.3,0.61,0.26,3.4,0.09,25.0,87.0,0.99975,3.24,0.62,0.447
7.8,0.62,0.05,2.3,0.079,6.0,18.0,0.99735,3.29,0.63,0.435
10.3,0.59,0.42,2.8,0.09,35.0,73.0,0.999,3.28,0.7,0.307
10.0,0.49,0.2,11.0,0.071,13.0,50.0,1.0015,3.16,0.69,0.296
10.0,0.49,0.2,11.0,0.071,13.0,50.0,1.0015,3.16,0.69,0.296
11.6,0.53,0.66,3.65,0.121,6.0,14.0,0.9978,3.05,0.74,0.366
10.3,0.44,0.5,4.5,0.107,5.0,13.0,0.998,3.28,0.83,0.542
13.4,0.27,0.62,2.6,0.082,6.0,21.0,1.0002,3.16,0.67,0.316
10.7,0.46,0.39,2.0,0.061,7.0,15.0,0.9981,3.18,0.62,0.441
10.2,0.36,0.64,2.9,0.122,10.0,41.0,0.998,3.23,0.66,0.528
10.2,0.36,0.64,2.9,0.122,10.0,41.0,0.998,3.23,0.66,0.528
8.0,0.58,0.28,3.2,0.066,21.0,114.0,0.9973,3.22,0.54,0.303
8.4,0.56,0.08,2.1,0.105,16.0,44.0,0.9958,3.13,0.52,0.51
7.9,0.65,0.01,2.5,0.078,17.0,38.0,0.9963,3.34,0.74,0.386
11.9,0.695,0.53,3.4,0.128,7.0,21.0,0.9992,3.17,0.84,0.437
8.9,0.43,0.45,1.9,0.052,6.0,16.0,0.9948,3.35,0.7,0.528
7.8,0.43,0.32,2.8,0.08,29.0,58.0,0.9974,3.31,0.64,0.472
12.4,0.49,0.58,3.0,0.103,28.0,99.0,1.0008,3.16,1.0,0.44
12.5,0.28,0.54,2.3,0.082,12.0,29.0,0.9997,3.11,1.36,0.208
12.2,0.34,0.5,2.4,0.066,10.0,21.0,1.0,3.12,1.18,0.296
10.6,0.42,0.48,2.7,0.065,5.0,18.0,0.9972,3.21,0.87,0.424
10.9,0.39,0.47,1.8,0.118,6.0,14.0,0.9982,3.3,0.75,0.321
10.9,0.39,0.47,1.8,0.118,6.0,14.0,0.9982,3.3,0.75,0.321
11.9,0.57,0.5,2.6,0.082,6.0,32.0,1.0006,3.12,0.78,0.378
7.0,0.685,0.0,1.9,0.067,40.0,63.0,0.9979,3.6,0.81,0.455
6.6,0.815,0.02,2.7,0.072,17.0,34.0,0.9955,3.58,0.89,0.447
13.8,0.49,0.67,3.0,0.093,6.0,15.0,0.9986,3.02,0.93,0.483
9.6,0.56,0.31,2.8,0.089,15.0,46.0,0.9979,3.11,0.92,0.332
9.1,0.785,0.0,2.6,0.093,11.0,28.0,0.9994,3.36,0.86,0.303
10.7,0.67,0.22,2.7,0.107,17.0,34.0,1.0004,3.28,0.98,0.327
9.1,0.795,0.0,2.6,0.096,11.0,26.0,0.9994,3.35,0.83,0.303
7.7,0.665,0.0,2.4,0.09,8.0,19.0,0.9974,3.27,0.73,0.435
13.5,0.53,0.79,4.8,0.12,23.0,77.0,1.0018,3.18,0.77,0.656
6.1,0.21,0.4,1.4,0.066,40.5,165.0,0.9912,3.25,0.59,0.474
6.7,0.75,0.01,2.4,0.078,17.0,32.0,0.9955,3.55,0.61,0.556
11.5,0.41,0.52,3.0,0.08,29.0,55.0,1.0001,3.26,0.88,0.51
10.5,0.42,0.66,2.95,0.116,12.0,29.0,0.997,3.24,0.75,0.386
11.9,0.43,0.66,3.1,0.109,10.0,23.0,1.0,3.15,0.85,0.259
12.6,0.38,0.66,2.6,0.088,10.0,41.0,1.001,3.17,0.68,0.321
8.2,0.7,0.23,2.0,0.099,14.0,81.0,0.9973,3.19,0.7,0.438
8.6,0.45,0.31,2.6,0.086,21.0,50.0,0.9982,3.37,0.91,0.327
11.9,0.58,0.66,2.5,0.072,6.0,37.0,0.9992,3.05,0.56,0.459
12.5,0.46,0.63,2.0,0.071,6.0,15.0,0.9988,2.99,0.87,0.467
12.8,0.615,0.66,5.8,0.083,7.0,42.0,1.0022,3.07,0.73,0.224
10.0,0.42,0.5,3.4,0.107,7.0,21.0,0.9979,3.26,0.93,0.466
12.8,0.615,0.66,5.8,0.083,7.0,42.0,1.0022,3.07,0.73,0.224
10.4,0.575,0.61,2.6,0.076,11.0,24.0,1.0,3.16,0.69,0.429
10.3,0.34,0.52,2.8,0.159,15.0,75.0,0.9998,3.18,0.64,0.438
9.4,0.27,0.53,2.4,0.074,6.0,18.0,0.9962,3.2,1.13,0.416
6.9,0.765,0.02,2.3,0.063,35.0,63.0,0.9975,3.57,0.78,0.455
7.9,0.24,0.4,1.6,0.056,11.0,25.0,0.9967,3.32,0.87,0.285
9.1,0.28,0.48,1.8,0.067,26.0,46.0,0.9967,3.32,1.04,0.371
7.4,0.55,0.22,2.2,0.106,12.0,72.0,0.9959,3.05,0.63,0.433
14.0,0.41,0.63,3.8,0.089,6.0,47.0,1.0014,3.01,0.81,0.385
11.5,0.54,0.71,4.4,0.124,6.0,15.0,0.9984,3.01,0.83,0.396
11.5,0.45,0.5,3.0,0.078,19.0,47.0,1.0003,3.26,1.11,0.4
9.4,0.27,0.53,2.4,0.074,6.0,18.0,0.9962,3.2,1.13,0.416
11.4,0.625,0.66,6.2,0.088,6.0,24.0,0.9988,3.11,0.99,0.603
8.3,0.42,0.38,2.5,0.094,24.0,60.0,0.9979,3.31,0.7,0.385
8.3,0.26,0.42,2.0,0.08,11.0,27.0,0.9974,3.21,0.8,0.303
13.7,0.415,0.68,2.9,0.085,17.0,43.0,1.0014,3.06,0.8,0.332
8.3,0.26,0.42,2.0,0.08,11.0,27.0,0.9974,3.21,0.8,0.303
8.3,0.26,0.42,2.0,0.08,11.0,27.0,0.9974,3.21,0.8,0.303
7.7,0.51,0.28,2.1,0.087,23.0,54.0,0.998,3.42,0.74,0.433
7.4,0.63,0.07,2.4,0.09,11.0,37.0,0.9979,3.43,0.76,0.316
7.8,0.54,0.26,2.0,0.088,23.0,48.0,0.9981,3.41,0.74,0.296
8.3,0.66,0.15,1.9,0.079,17.0,42.0,0.9972,3.31,0.54,0.312
7.8,0.46,0.26,1.9,0.088,23.0,53.0,0.9981,3.43,0.74,0.296
9.6,0.38,0.31,2.5,0.096,16.0,49.0,0.9982,3.19,0.7,0.224
5.6,0.85,0.05,1.4,0.045,12.0,88.0,0.9924,3.56,0.82,0.49
13.7,0.415,0.68,2.9,0.085,17.0,43.0,1.0014,3.06,0.8,0.332
9.5,0.37,0.52,2.0,0.082,6.0,26.0,0.998,3.18,0.51,0.441
8.4,0.665,0.61,2.0,0.112,13.0,95.0,0.997,3.16,0.54,0.431
12.7,0.6,0.65,2.3,0.063,6.0,25.0,0.9997,3.03,0.57,0.455
12.0,0.37,0.76,4.2,0.066,7.0,38.0,1.0004,3.22,0.6,0.52
6.6,0.735,0.02,7.9,0.122,68.0,124.0,0.9994,3.47,0.53,0.455
11.5,0.59,0.59,2.6,0.087,13.0,49.0,0.9988,3.18,0.65,0.4
11.5,0.59,0.59,2.6,0.087,13.0,49.0,0.9988,3.18,0.65,0.4
8.7,0.765,0.22,2.3,0.064,9.0,42.0,0.9963,3.1,0.55,0.438
6.6,0.735,0.02,7.9,0.122,68.0,124.0,0.9994,3.47,0.53,0.455
7.7,0.26,0.3,1.7,0.059,20.0,38.0,0.9949,3.29,0.47,0.385
12.2,0.48,0.54,2.6,0.085,19.0,64.0,1.0,3.1,0.61,0.364
11.4,0.6,0.49,2.7,0.085,10.0,41.0,0.9994,3.15,0.63,0.364
7.7,0.69,0.05,2.7,0.075,15.0,27.0,0.9974,3.26,0.61,0.431
8.7,0.31,0.46,1.4,0.059,11.0,25.0,0.9966,3.36,0.76,0.338
9.8,0.44,0.47,2.5,0.063,9.0,28.0,0.9981,3.24,0.65,0.385
12.0,0.39,0.66,3.0,0.093,12.0,30.0,0.9996,3.18,0.63,0.297
10.4,0.34,0.58,3.7,0.174,6.0,16.0,0.997,3.19,0.7,0.424
12.5,0.46,0.49,4.5,0.07,26.0,49.0,0.9981,3.05,0.57,0.581
9.0,0.43,0.34,2.5,0.08,26.0,86.0,0.9987,3.38,0.62,0.307
9.1,0.45,0.35,2.4,0.08,23.0,78.0,0.9987,3.38,0.62,0.441
7.1,0.735,0.16,1.9,0.1,15.0,77.0,0.9966,3.27,0.64,0.435
9.9,0.4,0.53,6.7,0.097,6.0,19.0,0.9986,3.27,0.82,0.386
8.8,0.52,0.34,2.7,0.087,24.0,122.0,0.9982,3.26,0.61,0.441
8.6,0.725,0.24,6.6,0.117,31.0,134.0,1.0014,3.32,1.07,0.435
10.6,0.48,0.64,2.2,0.111,6.0,20.0,0.997,3.26,0.66,0.457
7.0,0.58,0.12,1.9,0.091,34.0,124.0,0.9956,3.44,0.48,0.482
11.9,0.38,0.51,2.0,0.121,7.0,20.0,0.9996,3.24,0.76,0.357
6.8,0.77,0.0,1.8,0.066,34.0,52.0,0.9976,3.62,0.68,0.455
9.5,0.56,0.33,2.4,0.089,35.0,67.0,0.9972,3.28,0.73,0.396
6.6,0.84,0.03,2.3,0.059,32.0,48.0,0.9952,3.52,0.56,0.447
7.7,0.96,0.2,2.0,0.047,15.0,60.0,0.9955,3.36,0.44,0.504
10.5,0.24,0.47,2.1,0.066,6.0,24.0,0.9978,3.15,0.9,0.316
7.7,0.96,0.2,2.0,0.047,15.0,60.0,0.9955,3.36,0.44,0.504
6.6,0.84,0.03,2.3,0.059,32.0,48.0,0.9952,3.52,0.56,0.447
6.4,0.67,0.08,2.1,0.045,19.0,48.0,0.9949,3.49,0.49,0.432
9.5,0.78,0.22,1.9,0.077,6.0,32.0,0.9988,3.26,0.56,0.371
9.1,0.52,0.33,1.3,0.07,9.0,30.0,0.9978,3.24,0.6,0.435
12.8,0.84,0.63,2.4,0.088,13.0,35.0,0.9997,3.1,0.6,0.357
10.5,0.24,0.47,2.1,0.066,6.0,24.0,0.9978,3.15,0.9,0.316
7.8,0.55,0.35,2.2,0.074,21.0,66.0,0.9974,3.25,0.56,0.433
11.9,0.37,0.69,2.3,0.078,12.0,24.0,0.9958,3.0,0.65,0.556
12.3,0.39,0.63,2.3,0.091,6.0,18.0,1.0004,3.16,0.49,0.441
10.4,0.41,0.55,3.2,0.076,22.0,54.0,0.9996,3.15,0.89,0.327
12.3,0.39,0.63,2.3,0.091,6.0,18.0,1.0004,3.16,0.49,0.441
8.0,0.67,0.3,2.0,0.06,38.0,62.0,0.9958,3.26,0.56,0.344
11.1,0.45,0.73,3.2,0.066,6.0,22.0,0.9986,3.17,0.66,0.416
10.4,0.41,0.55,3.2,0.076,22.0,54.0,0.9996,3.15,0.89,0.327
7.0,0.62,0.18,1.5,0.062,7.0,50.0,0.9951,3.08,0.6,0.435
12.6,0.31,0.72,2.2,0.072,6.0,29.0,0.9987,2.88,0.82,0.152
11.9,0.4,0.65,2.15,0.068,7.0,27.0,0.9988,3.06,0.68,0.424
15.6,0.685,0.76,3.7,0.1,6.0,43.0,1.0032,2.95,0.68,0.336
10.0,0.44,0.49,2.7,0.077,11.0,19.0,0.9963,3.23,0.63,0.376
5.3,0.57,0.01,1.7,0.054,5.0,27.0,0.9934,3.57,0.84,0.468
9.5,0.735,0.1,2.1,0.079,6.0,31.0,0.9986,3.23,0.56,0.338
12.5,0.38,0.6,2.6,0.081,31.0,72.0,0.9996,3.1,0.73,0.482
9.3,0.48,0.29,2.1,0.127,6.0,16.0,0.9968,3.22,0.72,0.522
8.6,0.53,0.22,2.0,0.1,7.0,27.0,0.9967,3.2,0.56,0.344
11.9,0.39,0.69,2.8,0.095,17.0,35.0,0.9994,3.1,0.61,0.385
11.9,0.39,0.69,2.8,0.095,17.0,35.0,0.9994,3.1,0.61,0.385
8.4,0.37,0.53,1.8,0.413,9.0,26.0,0.9979,3.06,1.06,0.293
6.8,0.56,0.03,1.7,0.084,18.0,35.0,0.9968,3.44,0.63,0.332
10.4,0.33,0.63,2.8,0.084,5.0,22.0,0.9998,3.26,0.74,0.336
7.0,0.23,0.4,1.6,0.063,21.0,67.0,0.9952,3.5,0.63,0.516
11.3,0.62,0.67,5.2,0.086,6.0,19.0,0.9988,3.22,0.69,0.544
8.9,0.59,0.39,2.3,0.095,5.0,22.0,0.9986,3.37,0.58,0.472
9.2,0.63,0.21,2.7,0.097,29.0,65.0,0.9988,3.28,0.58,0.444
10.4,0.33,0.63,2.8,0.084,5.0,22.0,0.9998,3.26,0.74,0.336
11.6,0.58,0.66,2.2,0.074,10.0,47.0,1.0008,3.25,0.57,0.71
9.2,0.43,0.52,2.3,0.083,14.0,23.0,0.9976,3.35,0.61,0.424
8.3,0.615,0.22,2.6,0.087,6.0,19.0,0.9982,3.26,0.61,0.435
11.0,0.26,0.68,2.55,0.085,10.0,25.0,0.997,3.18,0.61,0.563
8.1,0.66,0.7,2.2,0.098,25.0,129.0,0.9972,3.08,0.53,0.429
11.5,0.315,0.54,2.1,0.084,5.0,15.0,0.9987,2.98,0.7,0.296
10.0,0.29,0.4,2.9,0.098,10.0,26.0,1.0006,3.48,0.91,0.447
10.3,0.5,0.42,2.0,0.069,21.0,51.0,0.9982,3.16,0.72,0.44
8.8,0.46,0.45,2.6,0.065,7.0,18.0,0.9947,3.32,0.79,0.672
11.4,0.36,0.69,2.1,0.09,6.0,21.0,1.0,3.17,0.62,0.296
8.7,0.82,0.02,1.2,0.07,36.0,48.0,0.9952,3.2,0.58,0.451
13.0,0.32,0.65,2.6,0.093,15.0,47.0,0.9996,3.05,0.61,0.487
9.6,0.54,0.42,2.4,0.081,25.0,52.0,0.997,3.2,0.71,0.432
12.5,0.37,0.55,2.6,0.083,25.0,68.0,0.9995,3.15,0.82,0.357
9.9,0.35,0.55,2.1,0.062,5.0,14.0,0.9971,3.26,0.79,0.487
10.5,0.28,0.51,1.7,0.08,10.0,24.0,0.9982,3.2,0.89,0.303
9.6,0.68,0.24,2.2,0.087,5.0,28.0,0.9988,3.14,0.6,0.467
9.3,0.27,0.41,2.0,0.091,6.0,16.0,0.998,3.28,0.7,0.447
10.4,0.24,0.49,1.8,0.075,6.0,20.0,0.9977,3.18,1.06,0.4
9.6,0.68,0.24,2.2,0.087,5.0,28.0,0.9988,3.14,0.6,0.467
9.4,0.685,0.11,2.7,0.077,6.0,31.0,0.9984,3.19,0.7,0.338
10.6,0.28,0.39,15.5,0.069,6.0,23.0,1.0026,3.12,0.66,0.433
9.4,0.3,0.56,2.8,0.08,6.0,17.0,0.9964,3.15,0.92,0.359
10.6,0.36,0.59,2.2,0.152,6.0,18.0,0.9986,3.04,1.05,0.438
10.6,0.36,0.6,2.2,0.152,7.0,18.0,0.9986,3.04,1.06,0.438
10.6,0.44,0.68,4.1,0.114,6.0,24.0,0.997,3.06,0.66,0.613
10.2,0.67,0.39,1.9,0.054,6.0,17.0,0.9976,3.17,0.47,0.459
10.2,0.67,0.39,1.9,0.054,6.0,17.0,0.9976,3.17,0.47,0.459
10.2,0.645,0.36,1.8,0.053,5.0,14.0,0.9982,3.17,0.42,0.332
11.6,0.32,0.55,2.8,0.081,35.0,67.0,1.0002,3.32,0.92,0.297
9.3,0.39,0.4,2.6,0.073,10.0,26.0,0.9984,3.34,0.75,0.344
9.3,0.775,0.27,2.8,0.078,24.0,56.0,0.9984,3.31,0.67,0.371
9.2,0.41,0.5,2.5,0.055,12.0,25.0,0.9952,3.34,0.79,0.551
8.9,0.4,0.51,2.6,0.052,13.0,27.0,0.995,3.32,0.9,0.562
8.7,0.69,0.31,3.0,0.086,23.0,81.0,1.0002,3.48,0.74,0.449
6.5,0.39,0.23,8.3,0.051,28.0,91.0,0.9952,3.44,0.55,0.492
10.7,0.35,0.53,2.6,0.07,5.0,16.0,0.9972,3.15,0.65,0.283
7.8,0.52,0.25,1.9,0.081,14.0,38.0,0.9984,3.43,0.65,0.29
7.2,0.34,0.32,2.5,0.09,43.0,113.0,0.9966,3.32,0.79,0.516
10.7,0.35,0.53,2.6,0.07,5.0,16.0,0.9972,3.15,0.65,0.283
8.7,0.69,0.31,3.0,0.086,23.0,81.0,1.0002,3.48,0.74,0.449
7.8,0.52,0.25,1.9,0.081,14.0,38.0,0.9984,3.43,0.65,0.29
10.4,0.44,0.73,6.55,0.074,38.0,76.0,0.999,3.17,0.85,0.416
10.4,0.44,0.73,6.55,0.074,38.0,76.0,0.999,3.17,0.85,0.416
10.5,0.26,0.47,1.9,0.078,6.0,24.0,0.9976,3.18,1.04,0.307
10.5,0.24,0.42,1.8,0.077,6.0,22.0,0.9976,3.21,1.05,0.297
10.2,0.49,0.63,2.9,0.072,10.0,26.0,0.9968,3.16,0.78,0.468
10.4,0.24,0.46,1.8,0.075,6.0,21.0,0.9976,3.25,1.02,0.297
11.2,0.67,0.55,2.3,0.084,6.0,13.0,1.0,3.17,0.71,0.307
10.0,0.59,0.31,2.2,0.09,26.0,62.0,0.9994,3.18,0.63,0.344
13.3,0.29,0.75,2.8,0.084,23.0,43.0,0.9986,3.04,0.68,0.356
12.4,0.42,0.49,4.6,0.073,19.0,43.0,0.9978,3.02,0.61,0.441
10.0,0.59,0.31,2.2,0.09,26.0,62.0,0.9994,3.18,0.63,0.344
10.7,0.4,0.48,2.1,0.125,15.0,49.0,0.998,3.03,0.81,0.316
10.5,0.51,0.64,2.4,0.107,6.0,15.0,0.9973,3.09,0.66,0.396
10.5,0.51,0.64,2.4,0.107,6.0,15.0,0.9973,3.09,0.66,0.396
8.5,0.655,0.49,6.1,0.122,34.0,151.0,1.001,3.31,1.14,0.435
12.5,0.6,0.49,4.3,0.1,5.0,14.0,1.001,3.25,0.74,0.474
10.4,0.61,0.49,2.1,0.2,5.0,16.0,0.9994,3.16,0.63,0.707
10.9,0.21,0.49,2.8,0.088,11.0,32.0,0.9972,3.22,0.68,0.457
7.3,0.365,0.49,2.5,0.088,39.0,106.0,0.9966,3.36,0.78,0.51
9.8,0.25,0.49,2.7,0.088,15.0,33.0,0.9982,3.42,0.9,0.332
7.6,0.41,0.49,2.0,0.088,16.0,43.0,0.998,3.48,0.64,0.431
8.2,0.39,0.49,2.3,0.099,47.0,133.0,0.9979,3.38,0.99,0.451
9.3,0.4,0.49,2.5,0.085,38.0,142.0,0.9978,3.22,0.55,0.438
9.2,0.43,0.49,2.4,0.086,23.0,116.0,0.9976,3.23,0.64,0.441
10.4,0.64,0.24,2.8,0.105,29.0,53.0,0.9998,3.24,0.67,0.455
7.3,0.365,0.49,2.5,0.088,39.0,106.0,0.9966,3.36,0.78,0.51
7.0,0.38,0.49,2.5,0.097,33.0,85.0,0.9962,3.39,0.77,0.432
8.2,0.42,0.49,2.6,0.084,32.0,55.0,0.9988,3.34,0.75,0.285
9.9,0.63,0.24,2.4,0.077,6.0,33.0,0.9974,3.09,0.57,0.438
9.1,0.22,0.24,2.1,0.078,1.0,28.0,0.999,3.41,0.87,0.35
11.9,0.38,0.49,2.7,0.098,12.0,42.0,1.0004,3.16,0.61,0.472
11.9,0.38,0.49,2.7,0.098,12.0,42.0,1.0004,3.16,0.61,0.472
10.3,0.27,0.24,2.1,0.072,15.0,33.0,0.9956,3.22,0.66,0.556
10.0,0.48,0.24,2.7,0.102,13.0,32.0,1.0,3.28,0.56,0.332
9.1,0.22,0.24,2.1,0.078,1.0,28.0,0.999,3.41,0.87,0.35
9.9,0.63,0.24,2.4,0.077,6.0,33.0,0.9974,3.09,0.57,0.438
8.1,0.825,0.24,2.1,0.084,5.0,13.0,0.9972,3.37,0.77,0.378
12.9,0.35,0.49,5.8,0.066,5.0,35.0,1.0014,3.2,0.66,0.416
11.2,0.5,0.74,5.15,0.1,5.0,17.0,0.9996,3.22,0.62,0.522
9.2,0.59,0.24,3.3,0.101,20.0,47.0,0.9988,3.26,0.67,0.444
9.5,0.46,0.49,6.3,0.064,5.0,17.0,0.9988,3.21,0.73,0.4
9.3,0.715,0.24,2.1,0.07,5.0,20.0,0.9966,3.12,0.59,0.455
11.2,0.66,0.24,2.5,0.085,16.0,53.0,0.9993,3.06,0.72,0.4
14.3,0.31,0.74,1.8,0.075,6.0,15.0,1.0008,2.86,0.79,0.283
9.1,0.47,0.49,2.6,0.094,38.0,106.0,0.9982,3.08,0.59,0.431
7.5,0.55,0.24,2.0,0.078,10.0,28.0,0.9983,3.45,0.78,0.307
10.6,0.31,0.49,2.5,0.067,6.0,21.0,0.9987,3.26,0.86,0.378
12.4,0.35,0.49,2.6,0.079,27.0,69.0,0.9994,3.12,0.75,0.357
9.0,0.53,0.49,1.9,0.171,6.0,25.0,0.9975,3.27,0.61,0.303
6.8,0.51,0.01,2.1,0.074,9.0,25.0,0.9958,3.33,0.56,0.307
9.4,0.43,0.24,2.8,0.092,14.0,45.0,0.998,3.19,0.73,0.332
9.5,0.46,0.24,2.7,0.092,14.0,44.0,0.998,3.12,0.74,0.332
5.0,1.04,0.24,1.6,0.05,32.0,96.0,0.9934,3.74,0.62,0.542
15.5,0.645,0.49,4.2,0.095,10.0,23.0,1.00315,2.92,0.74,0.516
15.5,0.645,0.49,4.2,0.095,10.0,23.0,1.00315,2.92,0.74,0.516
10.9,0.53,0.49,4.6,0.118,10.0,17.0,1.0002,3.07,0.56,0.457
15.6,0.645,0.49,4.2,0.095,10.0,23.0,1.00315,2.92,0.74,0.516
10.9,0.53,0.49,4.6,0.118,10.0,17.0,1.0002,3.07,0.56,0.457
13.0,0.47,0.49,4.3,0.085,6.0,47.0,1.0021,3.3,0.68,0.547
12.7,0.6,0.49,2.8,0.075,5.0,19.0,0.9994,3.14,0.57,0.535
9.0,0.44,0.49,2.4,0.078,26.0,121.0,0.9978,3.23,0.58,0.433
9.0,0.54,0.49,2.9,0.094,41.0,110.0,0.9982,3.08,0.61,0.433
7.6,0.29,0.49,2.7,0.092,25.0,60.0,0.9971,3.31,0.61,0.338
13.0,0.47,0.49,4.3,0.085,6.0,47.0,1.0021,3.3,0.68,0.547
12.7,0.6,0.49,2.8,0.075,5.0,19.0,0.9994,3.14,0.57,0.535
8.7,0.7,0.24,2.5,0.226,5.0,15.0,0.9991,3.32,0.6,0.29
8.7,0.7,0.24,2.5,0.226,5.0,15.0,0.9991,3.32,0.6,0.29
9.8,0.5,0.49,2.6,0.25,5.0,20.0,0.999,3.31,0.79,0.378
6.2,0.36,0.24,2.2,0.095,19.0,42.0,0.9946,3.57,0.57,0.457
11.5,0.35,0.49,3.3,0.07,10.0,37.0,1.0003,3.32,0.91,0.4
6.2,0.36,0.24,2.2,0.095,19.0,42.0,0.9946,3.57,0.57,0.457
10.2,0.24,0.49,2.4,0.075,10.0,28.0,0.9978,3.14,0.61,0.477
10.5,0.59,0.49,2.1,0.07,14.0,47.0,0.9991,3.3,0.56,0.581
10.6,0.34,0.49,3.2,0.078,20.0,78.0,0.9992,3.19,0.7,0.332
12.3,0.27,0.49,3.1,0.079,28.0,46.0,0.9993,3.2,0.8,0.344
9.9,0.5,0.24,2.3,0.103,6.0,14.0,0.9978,3.34,0.52,0.592
8.8,0.44,0.49,2.8,0.083,18.0,111.0,0.9982,3.3,0.6,0.441
8.8,0.47,0.49,2.9,0.085,17.0,110.0,0.9982,3.29,0.6,0.451
10.6,0.31,0.49,2.2,0.063,18.0,40.0,0.9976,3.14,0.51,0.321
12.3,0.5,0.49,2.2,0.089,5.0,14.0,1.0002,3.19,0.44,0.444
12.3,0.5,0.49,2.2,0.089,5.0,14.0,1.0002,3.19,0.44,0.444
11.7,0.49,0.49,2.2,0.083,5.0,15.0,1.0,3.19,0.43,0.433
12.0,0.28,0.49,1.9,0.074,10.0,21.0,0.9976,2.98,0.66,0.216
11.8,0.33,0.49,3.4,0.093,54.0,80.0,1.0002,3.3,0.76,0.287
7.6,0.51,0.24,2.4,0.091,8.0,38.0,0.998,3.47,0.66,0.312
11.1,0.31,0.49,2.7,0.094,16.0,47.0,0.9986,3.12,1.02,0.278
7.3,0.73,0.24,1.9,0.108,18.0,102.0,0.9967,3.26,0.59,0.435
5.0,0.42,0.24,2.0,0.06,19.0,50.0,0.9917,3.72,0.74,0.609
10.2,0.29,0.49,2.6,0.059,5.0,13.0,0.9976,3.05,0.74,0.269
9.0,0.45,0.49,2.6,0.084,21.0,75.0,0.9987,3.35,0.57,0.447
6.6,0.39,0.49,1.7,0.07,23.0,149.0,0.9922,3.12,0.5,0.44
9.0,0.45,0.49,2.6,0.084,21.0,75.0,0.9987,3.35,0.57,0.447
9.9,0.49,0.58,3.5,0.094,9.0,43.0,1.0004,3.29,0.58,0.429
7.9,0.72,0.17,2.6,0.096,20.0,38.0,0.9978,3.4,0.53,0.441
8.9,0.595,0.41,7.9,0.086,30.0,109.0,0.9998,3.27,0.57,0.435
12.4,0.4,0.51,2.0,0.059,6.0,24.0,0.9994,3.04,0.6,0.299
11.9,0.58,0.58,1.9,0.071,5.0,18.0,0.998,3.09,0.63,0.332
8.5,0.585,0.18,2.1,0.078,5.0,30.0,0.9967,3.2,0.48,0.321
12.7,0.59,0.45,2.3,0.082,11.0,22.0,1.0,3.0,0.7,0.299
8.2,0.915,0.27,2.1,0.088,7.0,23.0,0.9962,3.26,0.47,0.592
13.2,0.46,0.52,2.2,0.071,12.0,35.0,1.0006,3.1,0.56,0.29
7.7,0.835,0.0,2.6,0.081,6.0,14.0,0.9975,3.3,0.52,0.435
13.2,0.46,0.52,2.2,0.071,12.0,35.0,1.0006,3.1,0.56,0.29
8.3,0.58,0.13,2.9,0.096,14.0,63.0,0.9984,3.17,0.62,0.293
8.3,0.6,0.13,2.6,0.085,6.0,24.0,0.9984,3.31,0.59,0.296
9.4,0.41,0.48,4.6,0.072,10.0,20.0,0.9973,3.34,0.79,0.437
8.8,0.48,0.41,3.3,0.092,26.0,52.0,0.9982,3.31,0.53,0.364
10.1,0.65,0.37,5.1,0.11,11.0,65.0,1.0026,3.32,0.64,0.357
6.3,0.36,0.19,3.2,0.075,15.0,39.0,0.9956,3.56,0.52,0.547
8.8,0.24,0.54,2.5,0.083,25.0,57.0,0.9983,3.39,0.54,0.433
13.2,0.38,0.55,2.7,0.081,5.0,16.0,1.0006,2.98,0.54,0.438
7.5,0.64,0.0,2.4,0.077,18.0,29.0,0.9965,3.32,0.6,0.332
8.2,0.39,0.38,1.5,0.058,10.0,29.0,0.9962,3.26,0.74,0.451
9.2,0.755,0.18,2.2,0.148,10.0,103.0,0.9969,2.87,1.36,0.344
9.6,0.6,0.5,2.3,0.079,28.0,71.0,0.9997,3.5,0.57,0.447
9.6,0.6,0.5,2.3,0.079,28.0,71.0,0.9997,3.5,0.57,0.447
11.5,0.31,0.51,2.2,0.079,14.0,28.0,0.9982,3.03,0.93,0.321
11.4,0.46,0.5,2.7,0.122,4.0,17.0,1.0006,3.13,0.7,0.467
11.3,0.37,0.41,2.3,0.088,6.0,16.0,0.9988,3.09,0.8,0.435
8.3,0.54,0.24,3.4,0.076,16.0,112.0,0.9976,3.27,0.61,0.438
8.2,0.56,0.23,3.4,0.078,14.0,104.0,0.9976,3.28,0.62,0.438
10.0,0.58,0.22,1.9,0.08,9.0,32.0,0.9974,3.13,0.55,0.441
7.9,0.51,0.25,2.9,0.077,21.0,45.0,0.9974,3.49,0.96,0.492
6.8,0.69,0.0,5.6,0.124,21.0,58.0,0.9997,3.46,0.72,0.467
6.8,0.69,0.0,5.6,0.124,21.0,58.0,0.9997,3.46,0.72,0.467
8.8,0.6,0.29,2.2,0.098,5.0,15.0,0.9988,3.36,0.49,0.431
8.8,0.6,0.29,2.2,0.098,5.0,15.0,0.9988,3.36,0.49,0.431
8.7,0.54,0.26,2.5,0.097,7.0,31.0,0.9976,3.27,0.6,0.299
7.6,0.685,0.23,2.3,0.111,20.0,84.0,0.9964,3.21,0.61,0.435
8.7,0.54,0.26,2.5,0.097,7.0,31.0,0.9976,3.27,0.6,0.299
10.4,0.28,0.54,2.7,0.105,5.0,19.0,0.9988,3.25,0.63,0.441
7.6,0.41,0.14,3.0,0.087,21.0,43.0,0.9964,3.32,0.57,0.364
10.1,0.935,0.22,3.4,0.105,11.0,86.0,1.001,3.43,0.64,0.648
7.9,0.35,0.21,1.9,0.073,46.0,102.0,0.9964,3.27,0.58,0.441
8.7,0.84,0.0,1.4,0.065,24.0,33.0,0.9954,3.27,0.55,0.447
9.6,0.88,0.28,2.4,0.086,30.0,147.0,0.9979,3.24,0.53,0.438
9.5,0.885,0.27,2.3,0.084,31.0,145.0,0.9978,3.24,0.53,0.438
7.7,0.915,0.12,2.2,0.143,7.0,23.0,0.9964,3.35,0.65,0.242
8.9,0.29,0.35,1.9,0.067,25.0,57.0,0.997,3.18,1.36,0.35
9.9,0.54,0.45,2.3,0.071,16.0,40.0,0.9991,3.39,0.62,0.438
9.5,0.59,0.44,2.3,0.071,21.0,68.0,0.9992,3.46,0.63,0.441
9.9,0.54,0.45,2.3,0.071,16.0,40.0,0.9991,3.39,0.62,0.438
9.5,0.59,0.44,2.3,0.071,21.0,68.0,0.9992,3.46,0.63,0.441
9.9,0.54,0.45,2.3,0.071,16.0,40.0,0.9991,3.39,0.62,0.438
7.8,0.64,0.1,6.0,0.115,5.0,11.0,0.9984,3.37,0.69,0.233
7.3,0.67,0.05,3.6,0.107,6.0,20.0,0.9972,3.4,0.63,0.463
8.3,0.845,0.01,2.2,0.07,5.0,14.0,0.9967,3.32,0.58,0.632
8.7,0.48,0.3,2.8,0.066,10.0,28.0,0.9964,3.33,0.67,0.336
6.7,0.42,0.27,8.6,0.068,24.0,148.0,0.9948,3.16,0.57,0.424
10.7,0.43,0.39,2.2,0.106,8.0,32.0,0.9986,2.89,0.5,0.444
9.8,0.88,0.25,2.5,0.104,35.0,155.0,1.001,3.41,0.67,0.522
15.9,0.36,0.65,7.5,0.096,22.0,71.0,0.9976,2.98,0.84,0.825
9.4,0.33,0.59,2.8,0.079,9.0,30.0,0.9976,3.12,0.54,0.483
8.6,0.47,0.47,2.4,0.074,7.0,29.0,0.9979,3.08,0.46,0.441
9.7,0.55,0.17,2.9,0.087,20.0,53.0,1.0004,3.14,0.61,0.438
10.7,0.43,0.39,2.2,0.106,8.0,32.0,0.9986,2.89,0.5,0.444
12.0,0.5,0.59,1.4,0.073,23.0,42.0,0.998,2.92,0.68,0.269
7.2,0.52,0.07,1.4,0.074,5.0,20.0,0.9973,3.32,0.81,0.312
7.1,0.84,0.02,4.4,0.096,5.0,13.0,0.997,3.41,0.57,0.632
7.2,0.52,0.07,1.4,0.074,5.0,20.0,0.9973,3.32,0.81,0.312
7.5,0.42,0.31,1.6,0.08,15.0,42.0,0.9978,3.31,0.64,0.429
7.2,0.57,0.06,1.6,0.076,9.0,27.0,0.9972,3.36,0.7,0.312
10.1,0.28,0.46,1.8,0.05,5.0,13.0,0.9974,3.04,0.79,0.344
12.1,0.4,0.52,2.0,0.092,15.0,54.0,1.0,3.03,0.66,0.467
9.4,0.59,0.14,2.0,0.084,25.0,48.0,0.9981,3.14,0.56,0.447
8.3,0.49,0.36,1.8,0.222,6.0,16.0,0.998,3.18,0.6,0.307
11.3,0.34,0.45,2.0,0.082,6.0,15.0,0.9988,2.94,0.66,0.296
10.0,0.73,0.43,2.3,0.059,15.0,31.0,0.9966,3.15,0.57,0.51
11.3,0.34,0.45,2.0,0.082,6.0,15.0,0.9988,2.94,0.66,0.296
6.9,0.4,0.24,2.5,0.083,30.0,45.0,0.9959,3.26,0.58,0.459
8.2,0.73,0.21,1.7,0.074,5.0,13.0,0.9968,3.2,0.52,0.441
9.8,1.24,0.34,2.0,0.079,32.0,151.0,0.998,3.15,0.53,0.441
8.2,0.73,0.21,1.7,0.074,5.0,13.0,0.9968,3.2,0.52,0.441
10.8,0.4,0.41,2.2,0.084,7.0,17.0,0.9984,3.08,0.67,0.299
9.3,0.41,0.39,2.2,0.064,12.0,31.0,0.9984,3.26,0.65,0.467
10.8,0.4,0.41,2.2,0.084,7.0,17.0,0.9984,3.08,0.67,0.299
8.6,0.8,0.11,2.3,0.084,12.0,31.0,0.9979,3.4,0.48,0.455
8.3,0.78,0.1,2.6,0.081,45.0,87.0,0.9983,3.48,0.53,0.459
10.8,0.26,0.45,3.3,0.06,20.0,49.0,0.9972,3.13,0.54,0.444
13.3,0.43,0.58,1.9,0.07,15.0,40.0,1.0004,3.06,0.49,0.429
8.0,0.45,0.23,2.2,0.094,16.0,29.0,0.9962,3.21,0.49,0.344
8.5,0.46,0.31,2.25,0.078,32.0,58.0,0.998,3.33,0.54,0.451
8.1,0.78,0.23,2.6,0.059,5.0,15.0,0.997,3.37,0.56,0.529
9.8,0.98,0.32,2.3,0.078,35.0,152.0,0.998,3.25,0.48,0.438
8.1,0.78,0.23,2.6,0.059,5.0,15.0,0.997,3.37,0.56,0.529
7.1,0.65,0.18,1.8,0.07,13.0,40.0,0.997,3.44,0.6,0.431
9.1,0.64,0.23,3.1,0.095,13.0,38.0,0.9998,3.28,0.59,0.447
7.7,0.66,0.04,1.6,0.039,4.0,9.0,0.9962,3.4,0.47,0.438
8.1,0.38,0.48,1.8,0.157,5.0,17.0,0.9976,3.3,1.05,0.438
7.4,1.185,0.0,4.25,0.097,5.0,14.0,0.9966,3.63,0.54,0.75
9.2,0.92,0.24,2.6,0.087,12.0,93.0,0.9998,3.48,0.54,0.451
8.6,0.49,0.51,2.0,0.422,16.0,62.0,0.9979,3.03,1.17,0.429
9.0,0.48,0.32,2.8,0.084,21.0,122.0,0.9984,3.32,0.62,0.438
9.0,0.47,0.31,2.7,0.084,24.0,125.0,0.9984,3.31,0.61,0.438
5.1,0.47,0.02,1.3,0.034,18.0,44.0,0.9921,3.9,0.62,0.556
7.0,0.65,0.02,2.1,0.066,8.0,25.0,0.9972,3.47,0.67,0.307
7.0,0.65,0.02,2.1,0.066,8.0,25.0,0.9972,3.47,0.67,0.307
9.4,0.615,0.28,3.2,0.087,18.0,72.0,1.0001,3.31,0.53,0.447
11.8,0.38,0.55,2.1,0.071,5.0,19.0,0.9986,3.11,0.62,0.385
10.6,1.02,0.43,2.9,0.076,26.0,88.0,0.9984,3.08,0.57,0.338
7.0,0.65,0.02,2.1,0.066,8.0,25.0,0.9972,3.47,0.67,0.307
7.0,0.64,0.02,2.1,0.067,9.0,23.0,0.997,3.47,0.67,0.303
7.5,0.38,0.48,2.6,0.073,22.0,84.0,0.9972,3.32,0.7,0.581
9.1,0.765,0.04,1.6,0.078,4.0,14.0,0.998,3.29,0.54,0.583
8.4,1.035,0.15,6.0,0.073,11.0,54.0,0.999,3.37,0.49,0.455
7.0,0.78,0.08,2.0,0.093,10.0,19.0,0.9956,3.4,0.47,0.459
7.4,0.49,0.19,3.0,0.077,16.0,37.0,0.9966,3.37,0.51,0.482
7.8,0.545,0.12,2.5,0.068,11.0,35.0,0.996,3.34,0.61,0.449
9.7,0.31,0.47,1.6,0.062,13.0,33.0,0.9983,3.27,0.66,0.332
10.6,1.025,0.43,2.8,0.08,21.0,84.0,0.9985,3.06,0.57,0.463
8.9,0.565,0.34,3.0,0.093,16.0,112.0,0.9998,3.38,0.61,0.441
8.7,0.69,0.0,3.2,0.084,13.0,33.0,0.9992,3.36,0.45,0.438
8.0,0.43,0.36,2.3,0.075,10.0,48.0,0.9976,3.34,0.46,0.438
9.9,0.74,0.28,2.6,0.078,21.0,77.0,0.998,3.28,0.51,0.451
7.2,0.49,0.18,2.7,0.069,13.0,34.0,0.9967,3.29,0.48,0.296
8.0,0.43,0.36,2.3,0.075,10.0,48.0,0.9976,3.34,0.46,0.438
7.6,0.46,0.11,2.6,0.079,12.0,49.0,0.9968,3.21,0.57,0.459
8.4,0.56,0.04,2.0,0.082,10.0,22.0,0.9976,3.22,0.44,0.444
7.1,0.66,0.0,3.9,0.086,17.0,45.0,0.9976,3.46,0.54,0.441
8.4,0.56,0.04,2.0,0.082,10.0,22.0,0.9976,3.22,0.44,0.444
8.9,0.48,0.24,2.85,0.094,35.0,106.0,0.9982,3.1,0.53,0.433
7.6,0.42,0.08,2.7,0.084,15.0,48.0,0.9968,3.21,0.59,0.459
7.1,0.31,0.3,2.2,0.053,36.0,127.0,0.9965,2.94,1.62,0.441
7.5,1.115,0.1,3.1,0.086,5.0,12.0,0.9958,3.54,0.6,0.642
9.0,0.66,0.17,3.0,0.077,5.0,13.0,0.9976,3.29,0.55,0.477
8.1,0.72,0.09,2.8,0.084,18.0,49.0,0.9994,3.43,0.72,0.408
6.4,0.57,0.02,1.8,0.067,4.0,11.0,0.997,3.46,0.68,0.441
6.4,0.57,0.02,1.8,0.067,4.0,11.0,0.997,3.46,0.68,0.441
6.4,0.865,0.03,3.2,0.071,27.0,58.0,0.995,3.61,0.49,0.547
9.5,0.55,0.66,2.3,0.387,12.0,37.0,0.9982,3.17,0.67,0.444
8.9,0.875,0.13,3.45,0.088,4.0,14.0,0.9994,3.44,0.52,0.542
7.3,0.835,0.03,2.1,0.092,10.0,19.0,0.9966,3.39,0.47,0.444
7.0,0.45,0.34,2.7,0.082,16.0,72.0,0.998,3.55,0.6,0.441
7.7,0.56,0.2,2.0,0.075,9.0,39.0,0.9987,3.48,0.62,0.435
7.7,0.965,0.1,2.1,0.112,11.0,22.0,0.9963,3.26,0.5,0.441
7.7,0.965,0.1,2.1,0.112,11.0,22.0,0.9963,3.26,0.5,0.441
8.2,0.59,0.0,2.5,0.093,19.0,58.0,1.0002,3.5,0.65,0.299
9.0,0.46,0.23,2.8,0.092,28.0,104.0,0.9983,3.1,0.56,0.433
9.0,0.69,0.0,2.4,0.088,19.0,38.0,0.999,3.35,0.6,0.435
8.3,0.76,0.29,4.2,0.075,12.0,16.0,0.9965,3.45,0.68,0.44
9.2,0.53,0.24,2.6,0.078,28.0,139.0,0.99788,3.21,0.57,0.441
6.5,0.615,0.0,1.9,0.065,9.0,18.0,0.9972,3.46,0.65,0.433
11.6,0.41,0.58,2.8,0.096,25.0,101.0,1.00024,3.13,0.53,0.459
11.1,0.39,0.54,2.7,0.095,21.0,101.0,1.0001,3.13,0.51,0.441
7.3,0.51,0.18,2.1,0.07,12.0,28.0,0.99768,3.52,0.73,0.307
8.2,0.34,0.38,2.5,0.08,12.0,57.0,0.9978,3.3,0.47,0.29
8.6,0.33,0.4,2.6,0.083,16.0,68.0,0.99782,3.3,0.48,0.438
7.2,0.5,0.18,2.1,0.071,12.0,31.0,0.99761,3.52,0.72,0.312
7.3,0.51,0.18,2.1,0.07,12.0,28.0,0.99768,3.52,0.73,0.307
8.3,0.65,0.1,2.9,0.089,17.0,40.0,0.99803,3.29,0.55,0.441
8.3,0.65,0.1,2.9,0.089,17.0,40.0,0.99803,3.29,0.55,0.441
7.6,0.54,0.13,2.5,0.097,24.0,66.0,0.99785,3.39,0.61,0.438
8.3,0.65,0.1,2.9,0.089,17.0,40.0,0.99803,3.29,0.55,0.441
7.8,0.48,0.68,1.7,0.415,14.0,32.0,0.99656,3.09,1.06,0.293
7.8,0.91,0.07,1.9,0.058,22.0,47.0,0.99525,3.51,0.43,0.378
6.3,0.98,0.01,2.0,0.057,15.0,33.0,0.99488,3.6,0.46,0.416
8.1,0.87,0.0,2.2,0.084,10.0,31.0,0.99656,3.25,0.5,0.451
8.1,0.87,0.0,2.2,0.084,10.0,31.0,0.99656,3.25,0.5,0.451
8.8,0.42,0.21,2.5,0.092,33.0,88.0,0.99823,3.19,0.52,0.433
9.0,0.58,0.25,2.8,0.075,9.0,104.0,0.99779,3.23,0.57,0.447
9.3,0.655,0.26,2.0,0.096,5.0,35.0,0.99738,3.25,0.42,0.444
8.8,0.7,0.0,1.7,0.069,8.0,19.0,0.99701,3.31,0.53,0.332
9.3,0.655,0.26,2.0,0.096,5.0,35.0,0.99738,3.25,0.42,0.444
9.1,0.68,0.11,2.8,0.093,11.0,44.0,0.99888,3.31,0.55,0.307
9.2,0.67,0.1,3.0,0.091,12.0,48.0,0.99888,3.31,0.54,0.307
8.8,0.59,0.18,2.9,0.089,12.0,74.0,0.99738,3.14,0.54,0.438
7.5,0.6,0.32,2.7,0.103,13.0,98.0,0.99938,3.45,0.62,0.441
7.1,0.59,0.02,2.3,0.082,24.0,94.0,0.99744,3.55,0.53,0.316
7.9,0.72,0.01,1.9,0.076,7.0,32.0,0.99668,3.39,0.54,0.444
7.1,0.59,0.02,2.3,0.082,24.0,94.0,0.99744,3.55,0.53,0.316
9.4,0.685,0.26,2.4,0.082,23.0,143.0,0.9978,3.28,0.55,0.438
9.5,0.57,0.27,2.3,0.082,23.0,144.0,0.99782,3.27,0.55,0.438
7.9,0.4,0.29,1.8,0.157,1.0,44.0,0.9973,3.3,0.92,0.307
7.9,0.4,0.3,1.8,0.157,2.0,45.0,0.99727,3.31,0.91,0.307
7.2,1.0,0.0,3.0,0.102,7.0,16.0,0.99586,3.43,0.46,0.459
6.9,0.765,0.18,2.4,0.243,5.5,48.0,0.99612,3.4,0.6,0.35
6.9,0.635,0.17,2.4,0.241,6.0,18.0,0.9961,3.4,0.59,0.35
8.3,0.43,0.3,3.4,0.079,7.0,34.0,0.99788,3.36,0.61,0.482
7.1,0.52,0.03,2.6,0.076,21.0,92.0,0.99745,3.5,0.6,0.451
7.0,0.57,0.0,2.0,0.19,12.0,45.0,0.99676,3.31,0.6,0.303
6.5,0.46,0.14,2.4,0.114,9.0,37.0,0.99732,3.66,0.65,0.451
9.0,0.82,0.05,2.4,0.081,26.0,96.0,0.99814,3.36,0.53,0.459
6.5,0.46,0.14,2.4,0.114,9.0,37.0,0.99732,3.66,0.65,0.451
7.1,0.59,0.01,2.5,0.077,20.0,85.0,0.99746,3.55,0.59,0.451
9.9,0.35,0.41,2.3,0.083,11.0,61.0,0.9982,3.21,0.5,0.441
9.9,0.35,0.41,2.3,0.083,11.0,61.0,0.9982,3.21,0.5,0.441
10.0,0.56,0.24,2.2,0.079,19.0,58.0,0.9991,3.18,0.56,0.338
10.0,0.56,0.24,2.2,0.079,19.0,58.0,0.9991,3.18,0.56,0.338
8.6,0.63,0.17,2.9,0.099,21.0,119.0,0.998,3.09,0.52,0.435
7.4,0.37,0.43,2.6,0.082,18.0,82.0,0.99708,3.33,0.68,0.316
8.8,0.64,0.17,2.9,0.084,25.0,130.0,0.99818,3.23,0.54,0.444
7.1,0.61,0.02,2.5,0.081,17.0,87.0,0.99745,3.48,0.6,0.316
7.7,0.6,0.0,2.6,0.055,7.0,13.0,0.99639,3.38,0.56,0.498
10.1,0.27,0.54,2.3,0.065,7.0,26.0,0.99531,3.17,0.53,0.528
10.8,0.89,0.3,2.6,0.132,7.0,60.0,0.99786,2.99,1.18,0.467
8.7,0.46,0.31,2.5,0.126,24.0,64.0,0.99746,3.1,0.74,0.444
9.3,0.37,0.44,1.6,0.038,21.0,42.0,0.99526,3.24,0.81,0.297
9.4,0.5,0.34,3.6,0.082,5.0,14.0,0.9987,3.29,0.52,0.378
9.4,0.5,0.34,3.6,0.082,5.0,14.0,0.9987,3.29,0.52,0.378
7.2,0.61,0.08,4.0,0.082,26.0,108.0,0.99641,3.25,0.51,0.438
8.6,0.55,0.09,3.3,0.068,8.0,17.0,0.99735,3.23,0.44,0.459
5.1,0.585,0.0,1.7,0.044,14.0,86.0,0.99264,3.56,0.94,0.51
7.7,0.56,0.08,2.5,0.114,14.0,46.0,0.9971,3.24,0.66,0.312
8.4,0.52,0.22,2.7,0.084,4.0,18.0,0.99682,3.26,0.57,0.327
8.2,0.28,0.4,2.4,0.052,4.0,10.0,0.99356,3.33,0.7,0.499
8.4,0.25,0.39,2.0,0.041,4.0,10.0,0.99386,3.27,0.71,0.468
8.2,0.28,0.4,2.4,0.052,4.0,10.0,0.99356,3.33,0.7,0.499
7.4,0.53,0.12,1.9,0.165,4.0,12.0,0.99702,3.26,0.86,0.433
7.6,0.48,0.31,2.8,0.07,4.0,15.0,0.99693,3.22,0.55,0.35
7.3,0.49,0.1,2.6,0.068,4.0,14.0,0.99562,3.3,0.47,0.482
12.9,0.5,0.55,2.8,0.072,7.0,24.0,1.00012,3.09,0.68,0.392
10.8,0.45,0.33,2.5,0.099,20.0,38.0,0.99818,3.24,0.71,0.498
6.9,0.39,0.24,2.1,0.102,4.0,7.0,0.99462,3.44,0.58,0.653
12.6,0.41,0.54,2.8,0.103,19.0,41.0,0.99939,3.21,0.76,0.424
10.8,0.45,0.33,2.5,0.099,20.0,38.0,0.99818,3.24,0.71,0.498
9.8,0.51,0.19,3.2,0.081,8.0,30.0,0.9984,3.23,0.58,0.364
10.8,0.29,0.42,1.6,0.084,19.0,27.0,0.99545,3.28,0.73,0.474
7.1,0.715,0.0,2.35,0.071,21.0,47.0,0.99632,3.29,0.45,0.438
9.1,0.66,0.15,3.2,0.097,9.0,59.0,0.99976,3.28,0.54,0.444
7.0,0.685,0.0,1.9,0.099,9.0,22.0,0.99606,3.34,0.6,0.447
4.9,0.42,0.0,2.1,0.048,16.0,42.0,0.99154,3.71,0.74,0.625
6.7,0.54,0.13,2.0,0.076,15.0,36.0,0.9973,3.61,0.64,0.451
6.7,0.54,0.13,2.0,0.076,15.0,36.0,0.9973,3.61,0.64,0.451
7.1,0.48,0.28,2.8,0.068,6.0,16.0,0.99682,3.24,0.53,0.472
7.1,0.46,0.14,2.8,0.076,15.0,37.0,0.99624,3.36,0.49,0.493
7.5,0.27,0.34,2.3,0.05,4.0,8.0,0.9951,3.4,0.64,0.316
7.1,0.46,0.14,2.8,0.076,15.0,37.0,0.99624,3.36,0.49,0.493
7.8,0.57,0.09,2.3,0.065,34.0,45.0,0.99417,3.46,0.74,0.468
5.9,0.61,0.08,2.1,0.071,16.0,24.0,0.99376,3.56,0.77,0.408
7.5,0.685,0.07,2.5,0.058,5.0,9.0,0.99632,3.38,0.55,0.628
5.9,0.61,0.08,2.1,0.071,16.0,24.0,0.99376,3.56,0.77,0.408
10.4,0.44,0.42,1.5,0.145,34.0,48.0,0.99832,3.38,0.86,0.726
11.6,0.47,0.44,1.6,0.147,36.0,51.0,0.99836,3.38,0.86,0.589
8.8,0.685,0.26,1.6,0.088,16.0,23.0,0.99694,3.32,0.47,0.438
7.6,0.665,0.1,1.5,0.066,27.0,55.0,0.99655,3.39,0.51,0.435
6.7,0.28,0.28,2.4,0.012,36.0,100.0,0.99064,3.26,0.39,0.386
6.7,0.28,0.28,2.4,0.012,36.0,100.0,0.99064,3.26,0.39,0.386
10.1,0.31,0.35,1.6,0.075,9.0,28.0,0.99672,3.24,0.83,0.336
6.0,0.5,0.04,2.2,0.092,13.0,26.0,0.99647,3.46,0.47,0.459
11.1,0.42,0.47,2.65,0.085,9.0,34.0,0.99736,3.24,0.77,0.427
6.6,0.66,0.0,3.0,0.115,21.0,31.0,0.99629,3.45,0.63,0.472
10.6,0.5,0.45,2.6,0.119,34.0,68.0,0.99708,3.23,0.72,0.392
7.1,0.685,0.35,2.0,0.088,9.0,92.0,0.9963,3.28,0.62,0.438
9.9,0.25,0.46,1.7,0.062,26.0,42.0,0.9959,3.18,0.83,0.371
6.4,0.64,0.21,1.8,0.081,14.0,31.0,0.99689,3.59,0.66,0.451
6.4,0.64,0.21,1.8,0.081,14.0,31.0,0.99689,3.59,0.66,0.451
7.4,0.68,0.16,1.8,0.078,12.0,39.0,0.9977,3.5,0.7,0.327
6.4,0.64,0.21,1.8,0.081,14.0,31.0,0.99689,3.59,0.66,0.451
6.4,0.63,0.21,1.6,0.08,12.0,32.0,0.99689,3.58,0.66,0.451
9.3,0.43,0.44,1.9,0.085,9.0,22.0,0.99708,3.28,0.55,0.441
9.3,0.43,0.44,1.9,0.085,9.0,22.0,0.99708,3.28,0.55,0.441
8.0,0.42,0.32,2.5,0.08,26.0,122.0,0.99801,3.22,1.07,0.447
9.3,0.36,0.39,1.5,0.08,41.0,55.0,0.99652,3.47,0.73,0.392
9.3,0.36,0.39,1.5,0.08,41.0,55.0,0.99652,3.47,0.73,0.392
7.6,0.735,0.02,2.5,0.071,10.0,14.0,0.99538,3.51,0.71,0.386
9.3,0.36,0.39,1.5,0.08,41.0,55.0,0.99652,3.47,0.73,0.392
8.2,0.26,0.34,2.5,0.073,16.0,47.0,0.99594,3.4,0.78,0.346
11.7,0.28,0.47,1.7,0.054,17.0,32.0,0.99686,3.15,0.67,0.278
6.8,0.56,0.22,1.8,0.074,15.0,24.0,0.99438,3.4,0.82,0.416
7.2,0.62,0.06,2.7,0.077,15.0,85.0,0.99746,3.51,0.54,0.441
5.8,1.01,0.66,2.0,0.039,15.0,88.0,0.99357,3.66,0.6,0.44
7.5,0.42,0.32,2.7,0.067,7.0,25.0,0.99628,3.24,0.44,0.477
7.2,0.62,0.06,2.5,0.078,17.0,84.0,0.99746,3.51,0.53,0.447
7.2,0.62,0.06,2.7,0.077,15.0,85.0,0.99746,3.51,0.54,0.441
7.2,0.635,0.07,2.6,0.077,16.0,86.0,0.99748,3.51,0.54,0.447
6.8,0.49,0.22,2.3,0.071,13.0,24.0,0.99438,3.41,0.83,0.424
6.9,0.51,0.23,2.0,0.072,13.0,22.0,0.99438,3.4,0.84,0.416
6.8,0.56,0.22,1.8,0.074,15.0,24.0,0.99438,3.4,0.82,0.416
7.6,0.63,0.03,2.0,0.08,27.0,43.0,0.99578,3.44,0.64,0.392
7.7,0.715,0.01,2.1,0.064,31.0,43.0,0.99371,3.41,0.57,0.466
6.9,0.56,0.03,1.5,0.086,36.0,46.0,0.99522,3.53,0.57,0.487
7.3,0.35,0.24,2.0,0.067,28.0,48.0,0.99576,3.43,0.54,0.592
9.1,0.21,0.37,1.6,0.067,6.0,10.0,0.99552,3.23,0.58,0.326
10.4,0.38,0.46,2.1,0.104,6.0,10.0,0.99664,3.12,0.65,0.396
8.8,0.31,0.4,2.8,0.109,7.0,16.0,0.99614,3.31,0.79,0.396
7.1,0.47,0.0,2.2,0.067,7.0,14.0,0.99517,3.4,0.58,0.628
7.7,0.715,0.01,2.1,0.064,31.0,43.0,0.99371,3.41,0.57,0.466
8.8,0.61,0.19,4.0,0.094,30.0,69.0,0.99787,3.22,0.5,0.332
7.2,0.6,0.04,2.5,0.076,18.0,88.0,0.99745,3.53,0.55,0.441
9.2,0.56,0.18,1.6,0.078,10.0,21.0,0.99576,3.15,0.49,0.455
7.6,0.715,0.0,2.1,0.068,30.0,35.0,0.99533,3.48,0.65,0.432
8.4,0.31,0.29,3.1,0.194,14.0,26.0,0.99536,3.22,0.78,0.483
7.2,0.6,0.04,2.5,0.076,18.0,88.0,0.99745,3.53,0.55,0.441
8.8,0.61,0.19,4.0,0.094,30.0,69.0,0.99787,3.22,0.5,0.332
8.9,0.75,0.14,2.5,0.086,9.0,30.0,0.99824,3.34,0.64,0.482
9.0,0.8,0.12,2.4,0.083,8.0,28.0,0.99836,3.33,0.65,0.357
10.7,0.52,0.38,2.6,0.066,29.0,56.0,0.99577,3.15,0.79,0.427
6.8,0.57,0.0,2.5,0.072,32.0,64.0,0.99491,3.43,0.56,0.416
10.7,0.9,0.34,6.6,0.112,23.0,99.0,1.00289,3.22,0.68,0.435
7.2,0.34,0.24,2.0,0.071,30.0,52.0,0.99576,3.44,0.58,0.463
7.2,0.66,0.03,2.3,0.078,16.0,86.0,0.99743,3.53,0.57,0.447
10.1,0.45,0.23,1.9,0.082,10.0,18.0,0.99774,3.22,0.65,0.299
7.2,0.66,0.03,2.3,0.078,16.0,86.0,0.99743,3.53,0.57,0.447
7.2,0.63,0.03,2.2,0.08,17.0,88.0,0.99745,3.53,0.58,0.321
7.1,0.59,0.01,2.3,0.08,27.0,43.0,0.9955,3.42,0.58,0.378
8.3,0.31,0.39,2.4,0.078,17.0,43.0,0.99444,3.31,0.77,0.468
7.1,0.59,0.01,2.3,0.08,27.0,43.0,0.9955,3.42,0.58,0.378
8.3,0.31,0.39,2.4,0.078,17.0,43.0,0.99444,3.31,0.77,0.468
8.3,1.02,0.02,3.4,0.084,6.0,11.0,0.99892,3.48,0.49,0.762
8.9,0.31,0.36,2.6,0.056,10.0,39.0,0.99562,3.4,0.69,0.563
7.4,0.635,0.1,2.4,0.08,16.0,33.0,0.99736,3.58,0.69,0.297
7.4,0.635,0.1,2.4,0.08,16.0,33.0,0.99736,3.58,0.69,0.297
6.8,0.59,0.06,6.0,0.06,11.0,18.0,0.9962,3.41,0.59,0.297
6.8,0.59,0.06,6.0,0.06,11.0,18.0,0.9962,3.41,0.59,0.297
9.2,0.58,0.2,3.0,0.081,15.0,115.0,0.998,3.23,0.59,0.441
7.2,0.54,0.27,2.6,0.084,12.0,78.0,0.9964,3.39,0.71,0.51
6.1,0.56,0.0,2.2,0.079,6.0,9.0,0.9948,3.59,0.54,0.44
7.4,0.52,0.13,2.4,0.078,34.0,61.0,0.99528,3.43,0.59,0.385
7.3,0.305,0.39,1.2,0.059,7.0,11.0,0.99331,3.29,0.52,0.44
9.3,0.38,0.48,3.8,0.132,3.0,11.0,0.99577,3.23,0.57,0.594
9.1,0.28,0.46,9.0,0.114,3.0,9.0,0.99901,3.18,0.6,0.392
10.0,0.46,0.44,2.9,0.065,4.0,8.0,0.99674,3.33,0.62,0.501
9.4,0.395,0.46,4.6,0.094,3.0,10.0,0.99639,3.27,0.64,0.437
7.3,0.305,0.39,1.2,0.059,7.0,11.0,0.99331,3.29,0.52,0.44
8.6,0.315,0.4,2.2,0.079,3.0,6.0,0.99512,3.27,0.67,0.474
5.3,0.715,0.19,1.5,0.161,7.0,62.0,0.99395,3.62,0.61,0.51
6.8,0.41,0.31,8.8,0.084,26.0,45.0,0.99824,3.38,0.64,0.338
8.4,0.36,0.32,2.2,0.081,32.0,79.0,0.9964,3.3,0.72,0.4
8.4,0.62,0.12,1.8,0.072,38.0,46.0,0.99504,3.38,0.89,0.466
9.6,0.41,0.37,2.3,0.091,10.0,23.0,0.99786,3.24,0.56,0.482
8.4,0.36,0.32,2.2,0.081,32.0,79.0,0.9964,3.3,0.72,0.4
8.4,0.62,0.12,1.8,0.072,38.0,46.0,0.99504,3.38,0.89,0.466
6.8,0.41,0.31,8.8,0.084,26.0,45.0,0.99824,3.38,0.64,0.338
8.6,0.47,0.27,2.3,0.055,14.0,28.0,0.99516,3.18,0.8,0.522
8.6,0.22,0.36,1.9,0.064,53.0,77.0,0.99604,3.47,0.87,0.316
9.4,0.24,0.33,2.3,0.061,52.0,73.0,0.99786,3.47,0.9,0.344
8.4,0.67,0.19,2.2,0.093,11.0,75.0,0.99736,3.2,0.59,0.572
8.6,0.47,0.27,2.3,0.055,14.0,28.0,0.99516,3.18,0.8,0.522
8.7,0.33,0.38,3.3,0.063,10.0,19.0,0.99468,3.3,0.73,0.416
6.6,0.61,0.01,1.9,0.08,8.0,25.0,0.99746,3.69,0.73,0.482
7.4,0.61,0.01,2.0,0.074,13.0,38.0,0.99748,3.48,0.65,0.451
7.6,0.4,0.29,1.9,0.078,29.0,66.0,0.9971,3.45,0.59,0.307
7.4,0.61,0.01,2.0,0.074,13.0,38.0,0.99748,3.48,0.65,0.451
6.6,0.61,0.01,1.9,0.08,8.0,25.0,0.99746,3.69,0.73,0.482
8.8,0.3,0.38,2.3,0.06,19.0,72.0,0.99543,3.39,0.72,0.466
8.8,0.3,0.38,2.3,0.06,19.0,72.0,0.99543,3.39,0.72,0.466
12.0,0.63,0.5,1.4,0.071,6.0,26.0,0.99791,3.07,0.6,0.606
7.2,0.38,0.38,2.8,0.068,23.0,42.0,0.99356,3.34,0.72,0.51
6.2,0.46,0.17,1.6,0.073,7.0,11.0,0.99425,3.61,0.54,0.535
9.6,0.33,0.52,2.2,0.074,13.0,25.0,0.99509,3.36,0.76,0.458
9.9,0.27,0.49,5.0,0.082,9.0,17.0,0.99484,3.19,0.52,0.468
10.1,0.43,0.4,2.6,0.092,13.0,52.0,0.99834,3.22,0.64,0.224
9.8,0.5,0.34,2.3,0.094,10.0,45.0,0.99864,3.24,0.6,0.2
8.3,0.3,0.49,3.8,0.09,11.0,24.0,0.99498,3.27,0.64,0.427
10.2,0.44,0.42,2.0,0.071,7.0,20.0,0.99566,3.14,0.79,0.326
10.2,0.44,0.58,4.1,0.092,11.0,24.0,0.99745,3.29,0.99,0.416
8.3,0.28,0.48,2.1,0.093,6.0,12.0,0.99408,3.26,0.62,0.458
8.9,0.12,0.45,1.8,0.075,10.0,21.0,0.99552,3.41,0.76,0.406
8.9,0.12,0.45,1.8,0.075,10.0,21.0,0.99552,3.41,0.76,0.406
8.9,0.12,0.45,1.8,0.075,10.0,21.0,0.99552,3.41,0.76,0.406
8.3,0.28,0.48,2.1,0.093,6.0,12.0,0.99408,3.26,0.62,0.458
8.2,0.31,0.4,2.2,0.058,6.0,10.0,0.99536,3.31,0.68,0.336
10.2,0.34,0.48,2.1,0.052,5.0,9.0,0.99458,3.2,0.69,0.427
7.6,0.43,0.4,2.7,0.082,6.0,11.0,0.99538,3.44,0.54,0.501
8.5,0.21,0.52,1.9,0.09,9.0,23.0,0.99648,3.36,0.67,0.477
9.0,0.36,0.52,2.1,0.111,5.0,10.0,0.99568,3.31,0.62,0.424
9.5,0.37,0.52,2.0,0.088,12.0,51.0,0.99613,3.29,0.58,0.408
6.4,0.57,0.12,2.3,0.12,25.0,36.0,0.99519,3.47,0.71,0.346
8.0,0.59,0.05,2.0,0.089,12.0,32.0,0.99735,3.36,0.61,0.459
8.5,0.47,0.27,1.9,0.058,18.0,38.0,0.99518,3.16,0.85,0.408
7.1,0.56,0.14,1.6,0.078,7.0,18.0,0.99592,3.27,0.62,0.435
6.6,0.57,0.02,2.1,0.115,6.0,16.0,0.99654,3.38,0.69,0.441
8.8,0.27,0.39,2.0,0.1,20.0,27.0,0.99546,3.15,0.69,0.416
8.5,0.47,0.27,1.9,0.058,18.0,38.0,0.99518,3.16,0.85,0.408
8.3,0.34,0.4,2.4,0.065,24.0,48.0,0.99554,3.34,0.86,0.4
9.0,0.38,0.41,2.4,0.103,6.0,10.0,0.99604,3.13,0.58,0.406
8.5,0.66,0.2,2.1,0.097,23.0,113.0,0.99733,3.13,0.48,0.433
9.0,0.4,0.43,2.4,0.068,29.0,46.0,0.9943,3.2,0.6,0.501
6.7,0.56,0.09,2.9,0.079,7.0,22.0,0.99669,3.46,0.61,0.467
10.4,0.26,0.48,1.9,0.066,6.0,10.0,0.99724,3.33,0.87,0.392
10.4,0.26,0.48,1.9,0.066,6.0,10.0,0.99724,3.33,0.87,0.392
10.1,0.38,0.5,2.4,0.104,6.0,13.0,0.99643,3.22,0.65,0.376
8.5,0.34,0.44,1.7,0.079,6.0,12.0,0.99605,3.52,0.63,0.493
8.8,0.33,0.41,5.9,0.073,7.0,13.0,0.99658,3.3,0.62,0.427
7.2,0.41,0.3,2.1,0.083,35.0,72.0,0.997,3.44,0.52,0.438
7.2,0.41,0.3,2.1,0.083,35.0,72.0,0.997,3.44,0.52,0.438
8.4,0.59,0.29,2.6,0.109,31.0,119.0,0.99801,3.15,0.5,0.431
7.0,0.4,0.32,3.6,0.061,9.0,29.0,0.99416,3.28,0.49,0.346
12.2,0.45,0.49,1.4,0.075,3.0,6.0,0.9969,3.13,0.63,0.477
9.1,0.5,0.3,1.9,0.065,8.0,17.0,0.99774,3.32,0.71,0.364
9.5,0.86,0.26,1.9,0.079,13.0,28.0,0.99712,3.25,0.62,0.459
7.3,0.52,0.32,2.1,0.07,51.0,70.0,0.99418,3.34,0.82,0.565
9.1,0.5,0.3,1.9,0.065,8.0,17.0,0.99774,3.32,0.71,0.364
12.2,0.45,0.49,1.4,0.075,3.0,6.0,0.9969,3.13,0.63,0.477
7.4,0.58,0.0,2.0,0.064,7.0,11.0,0.99562,3.45,0.58,0.424
9.8,0.34,0.39,1.4,0.066,3.0,7.0,0.9947,3.19,0.55,0.356
7.1,0.36,0.3,1.6,0.08,35.0,70.0,0.99693,3.44,0.5,0.438
7.7,0.39,0.12,1.7,0.097,19.0,27.0,0.99596,3.16,0.49,0.438
9.7,0.295,0.4,1.5,0.073,14.0,21.0,0.99556,3.14,0.51,0.392
7.7,0.39,0.12,1.7,0.097,19.0,27.0,0.99596,3.16,0.49,0.438
7.1,0.34,0.28,2.0,0.082,31.0,68.0,0.99694,3.45,0.48,0.438
6.5,0.4,0.1,2.0,0.076,30.0,47.0,0.99554,3.36,0.48,0.303
7.1,0.34,0.28,2.0,0.082,31.0,68.0,0.99694,3.45,0.48,0.438
10.0,0.35,0.45,2.5,0.092,20.0,88.0,0.99918,3.15,0.43,0.438
7.7,0.6,0.06,2.0,0.079,19.0,41.0,0.99697,3.39,0.62,0.338
5.6,0.66,0.0,2.2,0.087,3.0,11.0,0.99378,3.71,0.63,0.499
5.6,0.66,0.0,2.2,0.087,3.0,11.0,0.99378,3.71,0.63,0.499
8.9,0.84,0.34,1.4,0.05,4.0,10.0,0.99554,3.12,0.48,0.293
6.4,0.69,0.0,1.65,0.055,7.0,12.0,0.99162,3.47,0.53,0.565
7.5,0.43,0.3,2.2,0.062,6.0,12.0,0.99495,3.44,0.72,0.366
9.9,0.35,0.38,1.5,0.058,31.0,47.0,0.99676,3.26,0.82,0.278
9.1,0.29,0.33,2.05,0.063,13.0,27.0,0.99516,3.26,0.84,0.386
6.8,0.36,0.32,1.8,0.067,4.0,8.0,0.9928,3.36,0.55,0.499
8.2,0.43,0.29,1.6,0.081,27.0,45.0,0.99603,3.25,0.54,0.472
6.8,0.36,0.32,1.8,0.067,4.0,8.0,0.9928,3.36,0.55,0.499
9.1,0.29,0.33,2.05,0.063,13.0,27.0,0.99516,3.26,0.84,0.386
9.1,0.3,0.34,2.0,0.064,12.0,25.0,0.99516,3.26,0.84,0.386
8.9,0.35,0.4,3.6,0.11,12.0,24.0,0.99549,3.23,0.7,0.416
9.6,0.5,0.36,2.8,0.116,26.0,55.0,0.99722,3.18,0.68,0.504
8.9,0.28,0.45,1.7,0.067,7.0,12.0,0.99354,3.25,0.55,0.447
8.9,0.32,0.31,2.0,0.088,12.0,19.0,0.9957,3.17,0.55,0.357
7.7,1.005,0.15,2.1,0.102,11.0,32.0,0.99604,3.23,0.48,0.459
7.5,0.71,0.0,1.6,0.092,22.0,31.0,0.99635,3.38,0.58,0.332
8.0,0.58,0.16,2.0,0.12,3.0,7.0,0.99454,3.22,0.58,0.416
10.5,0.39,0.46,2.2,0.075,14.0,27.0,0.99598,3.06,0.84,0.432
8.9,0.38,0.4,2.2,0.068,12.0,28.0,0.99486,3.27,0.75,0.478
8.0,0.18,0.37,0.9,0.049,36.0,109.0,0.99007,2.89,0.44,0.547
8.0,0.18,0.37,0.9,0.049,36.0,109.0,0.99007,2.89,0.44,0.547
7.0,0.5,0.14,1.8,0.078,10.0,23.0,0.99636,3.53,0.61,0.477
11.3,0.36,0.66,2.4,0.123,3.0,8.0,0.99642,3.2,0.53,0.474
11.3,0.36,0.66,2.4,0.123,3.0,8.0,0.99642,3.2,0.53,0.474
7.0,0.51,0.09,2.1,0.062,4.0,9.0,0.99584,3.35,0.54,0.482
8.2,0.32,0.42,2.3,0.098,3.0,9.0,0.99506,3.27,0.55,0.51
7.7,0.58,0.01,1.8,0.088,12.0,18.0,0.99568,3.32,0.56,0.269
8.6,0.83,0.0,2.8,0.095,17.0,43.0,0.99822,3.33,0.6,0.357
7.9,0.31,0.32,1.9,0.066,14.0,36.0,0.99364,3.41,0.56,0.537
6.4,0.795,0.0,2.2,0.065,28.0,52.0,0.99378,3.49,0.52,0.549
7.2,0.34,0.21,2.5,0.075,41.0,68.0,0.99586,3.37,0.54,0.338
7.7,0.58,0.01,1.8,0.088,12.0,18.0,0.99568,3.32,0.56,0.269
7.1,0.59,0.0,2.1,0.091,9.0,14.0,0.99488,3.42,0.55,0.366
7.3,0.55,0.01,1.8,0.093,9.0,15.0,0.99514,3.35,0.58,0.316
8.1,0.82,0.0,4.1,0.095,5.0,14.0,0.99854,3.36,0.53,0.444
7.5,0.57,0.08,2.6,0.089,14.0,27.0,0.99592,3.3,0.59,0.357
8.9,0.745,0.18,2.5,0.077,15.0,48.0,0.99739,3.2,0.47,0.316
10.1,0.37,0.34,2.4,0.085,5.0,17.0,0.99683,3.17,0.65,0.278
7.6,0.31,0.34,2.5,0.082,26.0,35.0,0.99356,3.22,0.59,0.468
7.3,0.91,0.1,1.8,0.074,20.0,56.0,0.99672,3.35,0.56,0.433
8.7,0.41,0.41,6.2,0.078,25.0,42.0,0.9953,3.24,0.77,0.478
8.9,0.5,0.21,2.2,0.088,21.0,39.0,0.99692,3.33,0.83,0.408
7.4,0.965,0.0,2.2,0.088,16.0,32.0,0.99756,3.58,0.67,0.467
6.9,0.49,0.19,1.7,0.079,13.0,26.0,0.99547,3.38,0.64,0.321
8.9,0.5,0.21,2.2,0.088,21.0,39.0,0.99692,3.33,0.83,0.408
9.5,0.39,0.41,8.9,0.069,18.0,39.0,0.99859,3.29,0.81,0.307
6.4,0.39,0.33,3.3,0.046,12.0,53.0,0.99294,3.36,0.62,0.501
6.9,0.44,0.0,1.4,0.07,32.0,38.0,0.99438,3.32,0.58,0.432
7.6,0.78,0.0,1.7,0.076,33.0,45.0,0.99612,3.31,0.62,0.378
7.1,0.43,0.17,1.8,0.082,27.0,51.0,0.99634,3.49,0.64,0.477
9.3,0.49,0.36,1.7,0.081,3.0,14.0,0.99702,3.27,0.78,0.392
9.3,0.5,0.36,1.8,0.084,6.0,17.0,0.99704,3.27,0.77,0.385
7.1,0.43,0.17,1.8,0.082,27.0,51.0,0.99634,3.49,0.64,0.477
8.5,0.46,0.59,1.4,0.414,16.0,45.0,0.99702,3.03,1.34,0.433
5.6,0.605,0.05,2.4,0.073,19.0,25.0,0.99258,3.56,0.55,0.648
8.3,0.33,0.42,2.3,0.07,9.0,20.0,0.99426,3.38,0.77,0.489
8.2,0.64,0.27,2.0,0.095,5.0,77.0,0.99747,3.13,0.62,0.293
8.2,0.64,0.27,2.0,0.095,5.0,77.0,0.99747,3.13,0.62,0.293
8.9,0.48,0.53,4.0,0.101,3.0,10.0,0.99586,3.21,0.59,0.427
7.6,0.42,0.25,3.9,0.104,28.0,90.0,0.99784,3.15,0.57,0.431
9.9,0.53,0.57,2.4,0.093,30.0,52.0,0.9971,3.19,0.76,0.376
8.9,0.48,0.53,4.0,0.101,3.0,10.0,0.99586,3.21,0.59,0.427
11.6,0.23,0.57,1.8,0.074,3.0,8.0,0.9981,3.14,0.7,0.327
9.1,0.4,0.5,1.8,0.071,7.0,16.0,0.99462,3.21,0.69,0.446
8.0,0.38,0.44,1.9,0.098,6.0,15.0,0.9956,3.3,0.64,0.432
10.2,0.29,0.65,2.4,0.075,6.0,17.0,0.99565,3.22,0.63,0.466
8.2,0.74,0.09,2.0,0.067,5.0,10.0,0.99418,3.28,0.57,0.466
7.7,0.61,0.18,2.4,0.083,6.0,20.0,0.9963,3.29,0.6,0.344
6.6,0.52,0.08,2.4,0.07,13.0,26.0,0.99358,3.4,0.72,0.468
11.1,0.31,0.53,2.2,0.06,3.0,10.0,0.99572,3.02,0.83,0.307
11.1,0.31,0.53,2.2,0.06,3.0,10.0,0.99572,3.02,0.83,0.307
8.0,0.62,0.35,2.8,0.086,28.0,52.0,0.997,3.31,0.62,0.498
9.3,0.33,0.45,1.5,0.057,19.0,37.0,0.99498,3.18,0.89,0.326
7.5,0.77,0.2,8.1,0.098,30.0,92.0,0.99892,3.2,0.58,0.433
7.2,0.35,0.26,1.8,0.083,33.0,75.0,0.9968,3.4,0.58,0.307
8.0,0.62,0.33,2.7,0.088,16.0,37.0,0.9972,3.31,0.58,0.378
7.5,0.77,0.2,8.1,0.098,30.0,92.0,0.99892,3.2,0.58,0.433
9.1,0.25,0.34,2.0,0.071,45.0,67.0,0.99769,3.44,0.86,0.242
9.9,0.32,0.56,2.0,0.073,3.0,8.0,0.99534,3.15,0.73,0.432
8.6,0.37,0.65,6.4,0.08,3.0,8.0,0.99817,3.27,0.58,0.51
8.6,0.37,0.65,6.4,0.08,3.0,8.0,0.99817,3.27,0.58,0.51
7.9,0.3,0.68,8.3,0.05,37.5,278.0,0.99316,3.01,0.51,0.447
10.3,0.27,0.56,1.4,0.047,3.0,8.0,0.99471,3.16,0.51,0.466
7.9,0.3,0.68,8.3,0.05,37.5,289.0,0.99316,3.01,0.51,0.447
7.2,0.38,0.3,1.8,0.073,31.0,70.0,0.99685,3.42,0.59,0.307
8.7,0.42,0.45,2.4,0.072,32.0,59.0,0.99617,3.33,0.77,0.483
7.2,0.38,0.3,1.8,0.073,31.0,70.0,0.99685,3.42,0.59,0.307
6.8,0.48,0.08,1.8,0.074,40.0,64.0,0.99529,3.12,0.49,0.444
8.5,0.34,0.4,4.7,0.055,3.0,9.0,0.99738,3.38,0.66,0.376
7.9,0.19,0.42,1.6,0.057,18.0,30.0,0.994,3.29,0.69,0.416
11.6,0.41,0.54,1.5,0.095,22.0,41.0,0.99735,3.02,0.76,0.216
11.6,0.41,0.54,1.5,0.095,22.0,41.0,0.99735,3.02,0.76,0.216
10.0,0.26,0.54,1.9,0.083,42.0,74.0,0.99451,2.98,0.63,0.37
7.9,0.34,0.42,2.0,0.086,8.0,19.0,0.99546,3.35,0.6,0.432
7.0,0.54,0.09,2.0,0.081,10.0,16.0,0.99479,3.43,0.59,0.44
9.2,0.31,0.36,2.2,0.079,11.0,31.0,0.99615,3.33,0.86,0.416
6.6,0.725,0.09,5.5,0.117,9.0,17.0,0.99655,3.35,0.49,0.385
9.4,0.4,0.47,2.5,0.087,6.0,20.0,0.99772,3.15,0.5,0.482
6.6,0.725,0.09,5.5,0.117,9.0,17.0,0.99655,3.35,0.49,0.385
8.6,0.52,0.38,1.5,0.096,5.0,18.0,0.99666,3.2,0.52,0.438
8.0,0.31,0.45,2.1,0.216,5.0,16.0,0.99358,3.15,0.81,0.468
8.6,0.52,0.38,1.5,0.096,5.0,18.0,0.99666,3.2,0.52,0.438
8.4,0.34,0.42,2.1,0.072,23.0,36.0,0.99392,3.11,0.78,0.519
7.4,0.49,0.27,2.1,0.071,14.0,25.0,0.99388,3.35,0.63,0.483
6.1,0.48,0.09,1.7,0.078,18.0,30.0,0.99402,3.45,0.54,0.416
7.4,0.49,0.27,2.1,0.071,14.0,25.0,0.99388,3.35,0.63,0.483
8.0,0.48,0.34,2.2,0.073,16.0,25.0,0.9936,3.28,0.66,0.519
6.3,0.57,0.28,2.1,0.048,13.0,49.0,0.99374,3.41,0.6,0.64
8.2,0.23,0.42,1.9,0.069,9.0,17.0,0.99376,3.21,0.54,0.51
9.1,0.3,0.41,2.0,0.068,10.0,24.0,0.99523,3.27,0.85,0.386
8.1,0.78,0.1,3.3,0.09,4.0,13.0,0.99855,3.36,0.49,0.441
10.8,0.47,0.43,2.1,0.171,27.0,66.0,0.9982,3.17,0.76,0.385
8.3,0.53,0.0,1.4,0.07,6.0,14.0,0.99593,3.25,0.64,0.332
5.4,0.42,0.27,2.0,0.092,23.0,55.0,0.99471,3.78,0.64,0.447
7.9,0.33,0.41,1.5,0.056,6.0,35.0,0.99396,3.29,0.71,0.4
8.9,0.24,0.39,1.6,0.074,3.0,10.0,0.99698,3.12,0.59,0.307
5.0,0.4,0.5,4.3,0.046,29.0,80.0,0.9902,3.49,0.66,0.632
7.0,0.69,0.07,2.5,0.091,15.0,21.0,0.99572,3.38,0.6,0.424
7.0,0.69,0.07,2.5,0.091,15.0,21.0,0.99572,3.38,0.6,0.424
7.0,0.69,0.07,2.5,0.091,15.0,21.0,0.99572,3.38,0.6,0.424
7.1,0.39,0.12,2.1,0.065,14.0,24.0,0.99252,3.3,0.53,0.603
5.6,0.66,0.0,2.5,0.066,7.0,15.0,0.99256,3.52,0.58,0.648
7.9,0.54,0.34,2.5,0.076,8.0,17.0,0.99235,3.2,0.72,0.511
6.6,0.5,0.0,1.8,0.062,21.0,28.0,0.99352,3.44,0.55,0.51
6.3,0.47,0.0,1.4,0.055,27.0,33.0,0.9922,3.45,0.48,0.51
10.7,0.4,0.37,1.9,0.081,17.0,29.0,0.99674,3.12,0.65,0.416
6.5,0.58,0.0,2.2,0.096,3.0,13.0,0.99557,3.62,0.62,0.659
8.8,0.24,0.35,1.7,0.055,13.0,27.0,0.99394,3.14,0.59,0.346
5.8,0.29,0.26,1.7,0.063,3.0,11.0,0.9915,3.39,0.54,0.623
6.3,0.76,0.0,2.9,0.072,26.0,52.0,0.99379,3.51,0.6,0.44
10.0,0.43,0.33,2.7,0.095,28.0,89.0,0.9984,3.22,0.68,0.459
10.5,0.43,0.35,3.3,0.092,24.0,70.0,0.99798,3.21,0.69,0.364
9.1,0.6,0.0,1.9,0.058,5.0,10.0,0.9977,3.18,0.63,0.357
5.9,0.19,0.21,1.7,0.045,57.0,135.0,0.99341,3.32,0.44,0.441
7.4,0.36,0.34,1.8,0.075,18.0,38.0,0.9933,3.38,0.88,0.583
7.2,0.48,0.07,5.5,0.089,10.0,18.0,0.99684,3.37,0.68,0.336
8.5,0.28,0.35,1.7,0.061,6.0,15.0,0.99524,3.3,0.74,0.396
8.0,0.25,0.43,1.7,0.067,22.0,50.0,0.9946,3.38,0.6,0.474
10.4,0.52,0.45,2.0,0.08,6.0,13.0,0.99774,3.22,0.76,0.432
10.4,0.52,0.45,2.0,0.08,6.0,13.0,0.99774,3.22,0.76,0.432
7.5,0.41,0.15,3.7,0.104,29.0,94.0,0.99786,3.14,0.58,0.431
8.2,0.51,0.24,2.0,0.079,16.0,86.0,0.99764,3.34,0.64,0.307
7.3,0.4,0.3,1.7,0.08,33.0,79.0,0.9969,3.41,0.65,0.307
8.2,0.38,0.32,2.5,0.08,24.0,71.0,0.99624,3.27,0.85,0.4
6.9,0.45,0.11,2.4,0.043,6.0,12.0,0.99354,3.3,0.65,0.432
7.0,0.22,0.3,1.8,0.065,16.0,20.0,0.99672,3.61,0.82,0.332
7.3,0.32,0.23,2.3,0.066,35.0,70.0,0.99588,3.43,0.62,0.463
8.2,0.2,0.43,2.5,0.076,31.0,51.0,0.99672,3.53,0.81,0.357
7.8,0.5,0.12,1.8,0.178,6.0,21.0,0.996,3.28,0.87,0.321
10.0,0.41,0.45,6.2,0.071,6.0,14.0,0.99702,3.21,0.49,0.396
7.8,0.39,0.42,2.0,0.086,9.0,21.0,0.99526,3.39,0.66,0.449
10.0,0.35,0.47,2.0,0.061,6.0,11.0,0.99585,3.23,0.52,0.483
8.2,0.33,0.32,2.8,0.067,4.0,12.0,0.99473,3.3,0.76,0.499
6.1,0.58,0.23,2.5,0.044,16.0,70.0,0.99352,3.46,0.65,0.528
8.3,0.6,0.25,2.2,0.118,9.0,38.0,0.99616,3.15,0.53,0.451
9.6,0.42,0.35,2.1,0.083,17.0,38.0,0.99622,3.23,0.66,0.408
6.6,0.58,0.0,2.2,0.1,50.0,63.0,0.99544,3.59,0.68,0.432
8.3,0.6,0.25,2.2,0.118,9.0,38.0,0.99616,3.15,0.53,0.451
8.5,0.18,0.51,1.75,0.071,45.0,88.0,0.99524,3.33,0.76,0.396
5.1,0.51,0.18,2.1,0.042,16.0,101.0,0.9924,3.46,0.87,0.51
6.7,0.41,0.43,2.8,0.076,22.0,54.0,0.99572,3.42,1.16,0.371
10.2,0.41,0.43,2.2,0.11,11.0,37.0,0.99728,3.16,0.67,0.498
10.6,0.36,0.57,2.3,0.087,6.0,20.0,0.99676,3.14,0.72,0.326
8.8,0.45,0.43,1.4,0.076,12.0,21.0,0.99551,3.21,0.75,0.344
8.5,0.32,0.42,2.3,0.075,12.0,19.0,0.99434,3.14,0.71,0.396
9.0,0.785,0.24,1.7,0.078,10.0,21.0,0.99692,3.29,0.67,0.459
9.0,0.785,0.24,1.7,0.078,10.0,21.0,0.99692,3.29,0.67,0.459
8.5,0.44,0.5,1.9,0.369,15.0,38.0,0.99634,3.01,1.1,0.438
9.9,0.54,0.26,2.0,0.111,7.0,60.0,0.99709,2.94,0.98,0.467
8.2,0.33,0.39,2.5,0.074,29.0,48.0,0.99528,3.32,0.88,0.458
6.5,0.34,0.27,2.8,0.067,8.0,44.0,0.99384,3.21,0.56,0.483
7.6,0.5,0.29,2.3,0.086,5.0,14.0,0.99502,3.32,0.62,0.44
9.2,0.36,0.34,1.6,0.062,5.0,12.0,0.99667,3.2,0.67,0.364
7.1,0.59,0.0,2.2,0.078,26.0,44.0,0.99522,3.42,0.68,0.385
9.7,0.42,0.46,2.1,0.074,5.0,16.0,0.99649,3.27,0.74,0.51
7.6,0.36,0.31,1.7,0.079,26.0,65.0,0.99716,3.46,0.62,0.307
7.6,0.36,0.31,1.7,0.079,26.0,65.0,0.99716,3.46,0.62,0.307
6.5,0.61,0.0,2.2,0.095,48.0,59.0,0.99541,3.61,0.7,0.44
6.5,0.88,0.03,5.6,0.079,23.0,47.0,0.99572,3.58,0.5,0.642
7.1,0.66,0.0,2.4,0.052,6.0,11.0,0.99318,3.35,0.66,0.489
5.6,0.915,0.0,2.1,0.041,17.0,78.0,0.99346,3.68,0.73,0.535
8.2,0.35,0.33,2.4,0.076,11.0,47.0,0.99599,3.27,0.81,0.4
8.2,0.35,0.33,2.4,0.076,11.0,47.0,0.99599,3.27,0.81,0.4
9.8,0.39,0.43,1.65,0.068,5.0,11.0,0.99478,3.19,0.46,0.535
10.2,0.4,0.4,2.5,0.068,41.0,54.0,0.99754,3.38,0.86,0.364
6.8,0.66,0.07,1.6,0.07,16.0,61.0,0.99572,3.29,0.6,0.435
6.7,0.64,0.23,2.1,0.08,11.0,119.0,0.99538,3.36,0.7,0.504
7.0,0.43,0.3,2.0,0.085,6.0,39.0,0.99346,3.33,0.46,0.474
6.6,0.8,0.03,7.8,0.079,6.0,12.0,0.9963,3.52,0.5,0.592
7.0,0.43,0.3,2.0,0.085,6.0,39.0,0.99346,3.33,0.46,0.474
6.7,0.64,0.23,2.1,0.08,11.0,119.0,0.99538,3.36,0.7,0.504
8.8,0.955,0.05,1.8,0.075,5.0,19.0,0.99616,3.3,0.44,0.581
9.1,0.4,0.57,4.6,0.08,6.0,20.0,0.99652,3.28,0.57,0.528
6.5,0.885,0.0,2.3,0.166,6.0,12.0,0.99551,3.56,0.51,0.498
7.2,0.25,0.37,2.5,0.063,11.0,41.0,0.99439,3.52,0.8,0.458
6.4,0.885,0.0,2.3,0.166,6.0,12.0,0.99551,3.56,0.51,0.498
7.0,0.745,0.12,1.8,0.114,15.0,64.0,0.99588,3.22,0.59,0.307
6.2,0.43,0.22,1.8,0.078,21.0,56.0,0.99633,3.52,0.6,0.307
7.9,0.58,0.23,2.3,0.076,23.0,94.0,0.99686,3.21,0.58,0.307
7.7,0.57,0.21,1.5,0.069,4.0,9.0,0.99458,3.16,0.54,0.321
7.7,0.26,0.26,2.0,0.052,19.0,77.0,0.9951,3.15,0.79,0.392
7.9,0.58,0.23,2.3,0.076,23.0,94.0,0.99686,3.21,0.58,0.307
7.7,0.57,0.21,1.5,0.069,4.0,9.0,0.99458,3.16,0.54,0.321
7.9,0.34,0.36,1.9,0.065,5.0,10.0,0.99419,3.27,0.54,0.336
8.6,0.42,0.39,1.8,0.068,6.0,12.0,0.99516,3.35,0.69,0.359
9.9,0.74,0.19,5.8,0.111,33.0,76.0,0.99878,3.14,0.55,0.438
7.2,0.36,0.46,2.1,0.074,24.0,44.0,0.99534,3.4,0.85,0.316
7.2,0.36,0.46,2.1,0.074,24.0,44.0,0.99534,3.4,0.85,0.316
7.2,0.36,0.46,2.1,0.074,24.0,44.0,0.99534,3.4,0.85,0.316
9.9,0.72,0.55,1.7,0.136,24.0,52.0,0.99752,3.35,0.94,0.459
7.2,0.36,0.46,2.1,0.074,24.0,44.0,0.99534,3.4,0.85,0.316
6.2,0.39,0.43,2.0,0.071,14.0,24.0,0.99428,3.45,0.87,0.336
6.8,0.65,0.02,2.1,0.078,8.0,15.0,0.99498,3.35,0.62,0.357
6.6,0.44,0.15,2.1,0.076,22.0,53.0,0.9957,3.32,0.62,0.435
6.8,0.65,0.02,2.1,0.078,8.0,15.0,0.99498,3.35,0.62,0.357
9.6,0.38,0.42,1.9,0.071,5.0,13.0,0.99659,3.15,0.75,0.364
10.2,0.33,0.46,1.9,0.081,6.0,9.0,0.99628,3.1,0.48,0.357
8.8,0.27,0.46,2.1,0.095,20.0,29.0,0.99488,3.26,0.56,0.424
7.9,0.57,0.31,2.0,0.079,10.0,79.0,0.99677,3.29,0.69,0.307
8.2,0.34,0.37,1.9,0.057,43.0,74.0,0.99408,3.23,0.81,0.483
8.2,0.4,0.31,1.9,0.082,8.0,24.0,0.996,3.24,0.69,0.371
9.0,0.39,0.4,1.3,0.044,25.0,50.0,0.99478,3.2,0.83,0.392
10.9,0.32,0.52,1.8,0.132,17.0,44.0,0.99734,3.28,0.77,0.44
10.9,0.32,0.52,1.8,0.132,17.0,44.0,0.99734,3.28,0.77,0.44
8.1,0.53,0.22,2.2,0.078,33.0,89.0,0.99678,3.26,0.46,0.312
10.5,0.36,0.47,2.2,0.074,9.0,23.0,0.99638,3.23,0.76,0.483
12.6,0.39,0.49,2.5,0.08,8.0,20.0,0.9992,3.07,0.82,0.35
9.2,0.46,0.23,2.6,0.091,18.0,77.0,0.99922,3.15,0.51,0.438
7.5,0.58,0.03,4.1,0.08,27.0,46.0,0.99592,3.02,0.47,0.433
9.0,0.58,0.25,2.0,0.104,8.0,21.0,0.99769,3.27,0.72,0.444
5.1,0.42,0.0,1.8,0.044,18.0,88.0,0.99157,3.68,0.73,0.583
7.6,0.43,0.29,2.1,0.075,19.0,66.0,0.99718,3.4,0.64,0.441
7.7,0.18,0.34,2.7,0.066,15.0,58.0,0.9947,3.37,0.78,0.466
7.8,0.815,0.01,2.6,0.074,48.0,90.0,0.99621,3.38,0.62,0.498
7.6,0.43,0.29,2.1,0.075,19.0,66.0,0.99718,3.4,0.64,0.441
10.2,0.23,0.37,2.2,0.057,14.0,36.0,0.99614,3.23,0.49,0.574
7.1,0.75,0.01,2.2,0.059,11.0,18.0,0.99242,3.39,0.4,0.556
6.0,0.33,0.32,12.9,0.054,6.0,113.0,0.99572,3.3,0.56,0.659
7.8,0.55,0.0,1.7,0.07,7.0,17.0,0.99659,3.26,0.64,0.303
7.1,0.75,0.01,2.2,0.059,11.0,18.0,0.99242,3.39,0.4,0.556
8.1,0.73,0.0,2.5,0.081,12.0,24.0,0.99798,3.38,0.46,0.581
6.5,0.67,0.0,4.3,0.057,11.0,20.0,0.99488,3.45,0.56,0.676
7.5,0.61,0.2,1.7,0.076,36.0,60.0,0.99494,3.1,0.4,0.435
9.8,0.37,0.39,2.5,0.079,28.0,65.0,0.99729,3.16,0.59,0.451
9.0,0.4,0.41,2.0,0.058,15.0,40.0,0.99414,3.22,0.6,0.501
8.3,0.56,0.22,2.4,0.082,10.0,86.0,0.9983,3.37,0.62,0.441
5.9,0.29,0.25,13.4,0.067,72.0,160.0,0.99721,3.33,0.54,0.35
7.4,0.55,0.19,1.8,0.082,15.0,34.0,0.99655,3.49,0.68,0.482
7.4,0.74,0.07,1.7,0.086,15.0,48.0,0.99502,3.12,0.48,0.459
7.4,0.55,0.19,1.8,0.082,15.0,34.0,0.99655,3.49,0.68,0.482
6.9,0.41,0.33,2.2,0.081,22.0,36.0,0.9949,3.41,0.75,0.408
7.1,0.6,0.01,2.3,0.079,24.0,37.0,0.99514,3.4,0.61,0.392
7.1,0.6,0.01,2.3,0.079,24.0,37.0,0.99514,3.4,0.61,0.392
7.5,0.58,0.14,2.2,0.077,27.0,60.0,0.9963,3.28,0.59,0.451
7.1,0.72,0.0,1.8,0.123,6.0,14.0,0.99627,3.45,0.58,0.451
7.9,0.66,0.0,1.4,0.096,6.0,13.0,0.99569,3.43,0.58,0.441
7.8,0.7,0.06,1.9,0.079,20.0,35.0,0.99628,3.4,0.69,0.504
6.1,0.64,0.02,2.4,0.069,26.0,46.0,0.99358,3.47,0.45,0.51
7.5,0.59,0.22,1.8,0.082,43.0,60.0,0.99499,3.1,0.42,0.433
7.0,0.58,0.28,4.8,0.085,12.0,69.0,0.99633,3.32,0.7,0.4
6.8,0.64,0.0,2.7,0.123,15.0,33.0,0.99538,3.44,0.63,0.424
6.8,0.64,0.0,2.7,0.123,15.0,33.0,0.99538,3.44,0.63,0.424
8.6,0.635,0.68,1.8,0.403,19.0,56.0,0.99632,3.02,1.15,0.435
6.3,1.02,0.0,2.0,0.083,17.0,24.0,0.99437,3.59,0.55,0.642
9.8,0.45,0.38,2.5,0.081,34.0,66.0,0.99726,3.15,0.58,0.451
8.2,0.78,0.0,2.2,0.089,13.0,26.0,0.9978,3.37,0.46,0.581
8.5,0.37,0.32,1.8,0.066,26.0,51.0,0.99456,3.38,0.72,0.466
7.2,0.57,0.05,2.3,0.081,16.0,36.0,0.99564,3.38,0.6,0.35
7.2,0.57,0.05,2.3,0.081,16.0,36.0,0.99564,3.38,0.6,0.35
10.4,0.43,0.5,2.3,0.068,13.0,19.0,0.996,3.1,0.87,0.432
6.9,0.41,0.31,2.0,0.079,21.0,51.0,0.99668,3.47,0.55,0.307
5.5,0.49,0.03,1.8,0.044,28.0,87.0,0.9908,3.5,0.82,0.609
5.0,0.38,0.01,1.6,0.048,26.0,60.0,0.99084,3.7,0.75,0.672
7.3,0.44,0.2,1.6,0.049,24.0,64.0,0.9935,3.38,0.57,0.457
5.9,0.46,0.0,1.9,0.077,25.0,44.0,0.99385,3.5,0.53,0.522
7.5,0.58,0.2,2.0,0.073,34.0,44.0,0.99494,3.1,0.43,0.435
7.8,0.58,0.13,2.1,0.102,17.0,36.0,0.9944,3.24,0.53,0.416
8.0,0.715,0.22,2.3,0.075,13.0,81.0,0.99688,3.24,0.54,0.307
8.5,0.4,0.4,6.3,0.05,3.0,10.0,0.99566,3.28,0.56,0.688
7.0,0.69,0.0,1.9,0.114,3.0,10.0,0.99636,3.35,0.6,0.316
8.0,0.715,0.22,2.3,0.075,13.0,81.0,0.99688,3.24,0.54,0.307
9.8,0.3,0.39,1.7,0.062,3.0,9.0,0.9948,3.14,0.57,0.366
7.1,0.46,0.2,1.9,0.077,28.0,54.0,0.9956,3.37,0.64,0.357
7.1,0.46,0.2,1.9,0.077,28.0,54.0,0.9956,3.37,0.64,0.357
7.9,0.765,0.0,2.0,0.084,9.0,22.0,0.99619,3.33,0.68,0.392
8.7,0.63,0.28,2.7,0.096,17.0,69.0,0.99734,3.26,0.63,0.344
7.0,0.42,0.19,2.3,0.071,18.0,36.0,0.99476,3.39,0.56,0.504
11.3,0.37,0.5,1.8,0.09,20.0,47.0,0.99734,3.15,0.57,0.482
7.1,0.16,0.44,2.5,0.068,17.0,31.0,0.99328,3.35,0.54,0.519
8.0,0.6,0.08,2.6,0.056,3.0,7.0,0.99286,3.22,0.37,0.656
7.0,0.6,0.3,4.5,0.068,20.0,110.0,0.99914,3.3,1.17,0.467
7.0,0.6,0.3,4.5,0.068,20.0,110.0,0.99914,3.3,1.17,0.467
7.6,0.74,0.0,1.9,0.1,6.0,12.0,0.99521,3.36,0.59,0.51
8.2,0.635,0.1,2.1,0.073,25.0,60.0,0.99638,3.29,0.75,0.392
5.9,0.395,0.13,2.4,0.056,14.0,28.0,0.99362,3.62,0.67,0.519
7.5,0.755,0.0,1.9,0.084,6.0,12.0,0.99672,3.34,0.49,0.583
8.2,0.635,0.1,2.1,0.073,25.0,60.0,0.99638,3.29,0.75,0.392
6.6,0.63,0.0,4.3,0.093,51.0,77.5,0.99558,3.2,0.45,0.441
6.6,0.63,0.0,4.3,0.093,51.0,77.5,0.99558,3.2,0.45,0.441
7.2,0.53,0.14,2.1,0.064,15.0,29.0,0.99323,3.35,0.61,0.492
5.7,0.6,0.0,1.4,0.063,11.0,18.0,0.99191,3.45,0.56,0.501
7.6,1.58,0.0,2.1,0.137,5.0,9.0,0.99476,3.5,0.4,0.758
5.2,0.645,0.0,2.15,0.08,15.0,28.0,0.99444,3.78,0.61,0.528
6.7,0.86,0.07,2.0,0.1,20.0,57.0,0.99598,3.6,0.74,0.457
9.1,0.37,0.32,2.1,0.064,4.0,15.0,0.99576,3.3,0.8,0.416
8.0,0.28,0.44,1.8,0.081,28.0,68.0,0.99501,3.36,0.66,0.522
7.6,0.79,0.21,2.3,0.087,21.0,68.0,0.9955,3.12,0.44,0.433
7.5,0.61,0.26,1.9,0.073,24.0,88.0,0.99612,3.3,0.53,0.451
9.7,0.69,0.32,2.5,0.088,22.0,91.0,0.9979,3.29,0.62,0.463
6.8,0.68,0.09,3.9,0.068,15.0,29.0,0.99524,3.41,0.52,0.637
9.7,0.69,0.32,2.5,0.088,22.0,91.0,0.9979,3.29,0.62,0.463
7.0,0.62,0.1,1.4,0.071,27.0,63.0,0.996,3.28,0.61,0.433
7.5,0.61,0.26,1.9,0.073,24.0,88.0,0.99612,3.3,0.53,0.451
6.5,0.51,0.15,3.0,0.064,12.0,27.0,0.9929,3.33,0.59,0.556
8.0,1.18,0.21,1.9,0.083,14.0,41.0,0.99532,3.34,0.47,0.482
7.0,0.36,0.21,2.3,0.086,20.0,65.0,0.99558,3.4,0.54,0.338
7.0,0.36,0.21,2.4,0.086,24.0,69.0,0.99556,3.4,0.53,0.338
7.5,0.63,0.27,2.0,0.083,17.0,91.0,0.99616,3.26,0.58,0.321
5.4,0.74,0.0,1.2,0.041,16.0,46.0,0.99258,4.01,0.59,0.528
9.9,0.44,0.46,2.2,0.091,10.0,41.0,0.99638,3.18,0.69,0.474
7.5,0.63,0.27,2.0,0.083,17.0,91.0,0.99616,3.26,0.58,0.321
9.1,0.76,0.68,1.7,0.414,18.0,64.0,0.99652,2.9,1.33,0.293
9.7,0.66,0.34,2.6,0.094,12.0,88.0,0.99796,3.26,0.66,0.463
5.0,0.74,0.0,1.2,0.041,16.0,46.0,0.99258,4.01,0.59,0.528
9.1,0.34,0.42,1.8,0.058,9.0,18.0,0.99392,3.18,0.55,0.535
9.1,0.36,0.39,1.8,0.06,21.0,55.0,0.99495,3.18,0.82,0.316
6.7,0.46,0.24,1.7,0.077,18.0,34.0,0.9948,3.39,0.6,0.371
6.7,0.46,0.24,1.7,0.077,18.0,34.0,0.9948,3.39,0.6,0.371
6.7,0.46,0.24,1.7,0.077,18.0,34.0,0.9948,3.39,0.6,0.371
6.7,0.46,0.24,1.7,0.077,18.0,34.0,0.9948,3.39,0.6,0.371
6.5,0.52,0.11,1.8,0.073,13.0,38.0,0.9955,3.34,0.52,0.435
7.4,0.6,0.26,2.1,0.083,17.0,91.0,0.99616,3.29,0.56,0.321
7.4,0.6,0.26,2.1,0.083,17.0,91.0,0.99616,3.29,0.56,0.321
7.8,0.87,0.26,3.8,0.107,31.0,67.0,0.99668,3.26,0.46,0.433
8.4,0.39,0.1,1.7,0.075,6.0,25.0,0.99581,3.09,0.43,0.316
9.1,0.775,0.22,2.2,0.079,12.0,48.0,0.9976,3.18,0.51,0.444
7.2,0.835,0.0,2.0,0.166,4.0,11.0,0.99608,3.39,0.52,0.459
6.6,0.58,0.02,2.4,0.069,19.0,40.0,0.99387,3.38,0.66,0.537
6.0,0.5,0.0,1.4,0.057,15.0,26.0,0.99448,3.36,0.45,0.441
6.0,0.5,0.0,1.4,0.057,15.0,26.0,0.99448,3.36,0.45,0.441
6.0,0.5,0.0,1.4,0.057,15.0,26.0,0.99448,3.36,0.45,0.441
7.5,0.51,0.02,1.7,0.084,13.0,31.0,0.99538,3.36,0.54,0.364
7.5,0.51,0.02,1.7,0.084,13.0,31.0,0.99538,3.36,0.54,0.364
7.5,0.51,0.02,1.7,0.084,13.0,31.0,0.99538,3.36,0.54,0.364
7.6,0.54,0.02,1.7,0.085,17.0,31.0,0.99589,3.37,0.51,0.357
7.5,0.51,0.02,1.7,0.084,13.0,31.0,0.99538,3.36,0.54,0.364
11.5,0.42,0.48,2.6,0.077,8.0,20.0,0.99852,3.09,0.53,0.51
8.2,0.44,0.24,2.3,0.063,10.0,28.0,0.99613,3.25,0.53,0.344
6.1,0.59,0.01,2.1,0.056,5.0,13.0,0.99472,3.52,0.56,0.535
7.2,0.655,0.03,1.8,0.078,7.0,12.0,0.99587,3.34,0.39,0.441
7.2,0.655,0.03,1.8,0.078,7.0,12.0,0.99587,3.34,0.39,0.441
6.9,0.57,0.0,2.8,0.081,21.0,41.0,0.99518,3.41,0.52,0.498
9.0,0.6,0.29,2.0,0.069,32.0,73.0,0.99654,3.34,0.57,0.459
7.2,0.62,0.01,2.3,0.065,8.0,46.0,0.99332,3.32,0.51,0.466
7.6,0.645,0.03,1.9,0.086,14.0,57.0,0.9969,3.37,0.46,0.472
7.6,0.645,0.03,1.9,0.086,14.0,57.0,0.9969,3.37,0.46,0.472
7.2,0.58,0.03,2.3,0.077,7.0,28.0,0.99568,3.35,0.52,0.459
6.1,0.32,0.25,1.8,0.086,5.0,32.0,0.99464,3.36,0.44,0.463
6.1,0.34,0.25,1.8,0.084,4.0,28.0,0.99464,3.36,0.44,0.463
7.3,0.43,0.24,2.5,0.078,27.0,67.0,0.99648,3.6,0.59,0.408
7.4,0.64,0.17,5.4,0.168,52.0,98.0,0.99736,3.28,0.5,0.441
11.6,0.475,0.4,1.4,0.091,6.0,28.0,0.99704,3.07,0.65,0.334
9.2,0.54,0.31,2.3,0.112,11.0,38.0,0.99699,3.24,0.56,0.504
8.3,0.85,0.14,2.5,0.093,13.0,54.0,0.99724,3.36,0.54,0.463
11.6,0.475,0.4,1.4,0.091,6.0,28.0,0.99704,3.07,0.65,0.334
8.0,0.83,0.27,2.0,0.08,11.0,63.0,0.99652,3.29,0.48,0.586
7.2,0.605,0.02,1.9,0.096,10.0,31.0,0.995,3.46,0.53,0.466
7.8,0.5,0.09,2.2,0.115,10.0,42.0,0.9971,3.18,0.62,0.441
7.3,0.74,0.08,1.7,0.094,10.0,45.0,0.99576,3.24,0.5,0.451
6.9,0.54,0.3,2.2,0.088,9.0,105.0,0.99725,3.25,1.18,0.364
8.0,0.77,0.32,2.1,0.079,16.0,74.0,0.99656,3.27,0.5,0.321
6.6,0.61,0.0,1.6,0.069,4.0,8.0,0.99396,3.33,0.37,0.606
8.7,0.78,0.51,1.7,0.415,12.0,66.0,0.99623,3.0,1.17,0.433
7.5,0.58,0.56,3.1,0.153,5.0,14.0,0.99476,3.21,1.03,0.449
8.7,0.78,0.51,1.7,0.415,12.0,66.0,0.99623,3.0,1.17,0.433
7.7,0.75,0.27,3.8,0.11,34.0,89.0,0.99664,3.24,0.45,0.435
6.8,0.815,0.0,1.2,0.267,16.0,29.0,0.99471,3.32,0.51,0.723
7.2,0.56,0.26,2.0,0.083,13.0,100.0,0.99586,3.26,0.52,0.455
8.2,0.885,0.2,1.4,0.086,7.0,31.0,0.9946,3.11,0.46,0.459
5.2,0.49,0.26,2.3,0.09,23.0,74.0,0.9953,3.71,0.62,0.501
7.2,0.45,0.15,2.0,0.078,10.0,28.0,0.99609,3.29,0.51,0.327
7.5,0.57,0.02,2.6,0.077,11.0,35.0,0.99557,3.36,0.62,0.385
7.5,0.57,0.02,2.6,0.077,11.0,35.0,0.99557,3.36,0.62,0.385
6.8,0.83,0.09,1.8,0.074,4.0,25.0,0.99534,3.38,0.45,0.444
8.0,0.6,0.22,2.1,0.08,25.0,105.0,0.99613,3.3,0.49,0.455
8.0,0.6,0.22,2.1,0.08,25.0,105.0,0.99613,3.3,0.49,0.455
7.1,0.755,0.15,1.8,0.107,20.0,84.0,0.99593,3.19,0.5,0.441
8.0,0.81,0.25,3.4,0.076,34.0,85.0,0.99668,3.19,0.42,0.433
7.4,0.64,0.07,1.8,0.1,8.0,23.0,0.9961,3.3,0.58,0.444
7.4,0.64,0.07,1.8,0.1,8.0,23.0,0.9961,3.3,0.58,0.444
6.6,0.64,0.31,6.1,0.083,7.0,49.0,0.99718,3.35,0.68,0.472
6.7,0.48,0.02,2.2,0.08,36.0,111.0,0.99524,3.1,0.53,0.447
6.0,0.49,0.0,2.3,0.068,15.0,33.0,0.99292,3.58,0.59,0.528
8.0,0.64,0.22,2.4,0.094,5.0,33.0,0.99612,3.37,0.58,0.51
7.1,0.62,0.06,1.3,0.07,5.0,12.0,0.9942,3.17,0.48,0.451
8.0,0.52,0.25,2.0,0.078,19.0,59.0,0.99612,3.3,0.48,0.467
6.4,0.57,0.14,3.9,0.07,27.0,73.0,0.99669,3.32,0.48,0.433
8.6,0.685,0.1,1.6,0.092,3.0,12.0,0.99745,3.31,0.65,0.309
8.7,0.675,0.1,1.6,0.09,4.0,11.0,0.99745,3.31,0.65,0.442
7.3,0.59,0.26,2.0,0.08,17.0,104.0,0.99584,3.28,0.52,0.455
7.0,0.6,0.12,2.2,0.083,13.0,28.0,0.9966,3.52,0.62,0.242
7.2,0.67,0.0,2.2,0.068,10.0,24.0,0.9956,3.42,0.72,0.408
7.9,0.69,0.21,2.1,0.08,33.0,141.0,0.9962,3.25,0.51,0.455
7.9,0.69,0.21,2.1,0.08,33.0,141.0,0.9962,3.25,0.51,0.455
7.6,0.3,0.42,2.0,0.052,6.0,24.0,0.9963,3.44,0.82,0.474
7.2,0.33,0.33,1.7,0.061,3.0,13.0,0.996,3.23,1.1,0.174
8.0,0.5,0.39,2.6,0.082,12.0,46.0,0.9985,3.43,0.62,0.378
7.7,0.28,0.3,2.0,0.062,18.0,34.0,0.9952,3.28,0.9,0.346
8.2,0.24,0.34,5.1,0.062,8.0,22.0,0.9974,3.22,0.94,0.392
6.0,0.51,0.0,2.1,0.064,40.0,54.0,0.995,3.54,0.93,0.378
8.1,0.29,0.36,2.2,0.048,35.0,53.0,0.995,3.27,1.01,0.458
6.0,0.51,0.0,2.1,0.064,40.0,54.0,0.995,3.54,0.93,0.378
6.6,0.96,0.0,1.8,0.082,5.0,16.0,0.9936,3.5,0.44,0.474
6.4,0.47,0.4,2.4,0.071,8.0,19.0,0.9963,3.56,0.73,0.371
8.2,0.24,0.34,5.1,0.062,8.0,22.0,0.9974,3.22,0.94,0.392
9.9,0.57,0.25,2.0,0.104,12.0,89.0,0.9963,3.04,0.9,0.463
10.0,0.32,0.59,2.2,0.077,3.0,15.0,0.9994,3.2,0.78,0.444
6.2,0.58,0.0,1.6,0.065,8.0,18.0,0.9966,3.56,0.84,0.438
10.0,0.32,0.59,2.2,0.077,3.0,15.0,0.9994,3.2,0.78,0.444
7.3,0.34,0.33,2.5,0.064,21.0,37.0,0.9952,3.35,0.77,0.427
7.8,0.53,0.01,1.6,0.077,3.0,19.0,0.995,3.16,0.46,0.451
7.7,0.64,0.21,2.2,0.077,32.0,133.0,0.9956,3.27,0.45,0.455
7.8,0.53,0.01,1.6,0.077,3.0,19.0,0.995,3.16,0.46,0.451
7.5,0.4,0.18,1.6,0.079,24.0,58.0,0.9965,3.34,0.58,0.438
7.0,0.54,0.0,2.1,0.079,39.0,55.0,0.9956,3.39,0.84,0.432
6.4,0.53,0.09,3.9,0.123,14.0,31.0,0.9968,3.5,0.67,0.632
8.3,0.26,0.37,1.4,0.076,8.0,23.0,0.9974,3.26,0.7,0.312
8.3,0.26,0.37,1.4,0.076,8.0,23.0,0.9974,3.26,0.7,0.312
7.7,0.23,0.37,1.8,0.046,23.0,60.0,0.9971,3.41,0.71,0.492
7.6,0.41,0.33,2.5,0.078,6.0,23.0,0.9957,3.3,0.58,0.522
7.8,0.64,0.0,1.9,0.072,27.0,55.0,0.9962,3.31,0.63,0.51
7.9,0.18,0.4,2.2,0.049,38.0,67.0,0.996,3.33,0.93,0.529
7.4,0.41,0.24,1.8,0.066,18.0,47.0,0.9956,3.37,0.62,0.477
7.6,0.43,0.31,2.1,0.069,13.0,74.0,0.9958,3.26,0.54,0.327
5.9,0.44,0.0,1.6,0.042,3.0,11.0,0.9944,3.48,0.85,0.457
6.1,0.4,0.16,1.8,0.069,11.0,25.0,0.9955,3.42,0.74,0.233
10.2,0.54,0.37,15.4,0.214,55.0,95.0,1.00369,3.18,0.77,0.29
10.2,0.54,0.37,15.4,0.214,55.0,95.0,1.00369,3.18,0.77,0.29
10.0,0.38,0.38,1.6,0.169,27.0,90.0,0.99914,3.15,0.65,0.424
6.8,0.915,0.29,4.8,0.07,15.0,39.0,0.99577,3.53,0.54,0.516
7.0,0.59,0.0,1.7,0.052,3.0,8.0,0.996,3.41,0.47,0.472
7.3,0.67,0.02,2.2,0.072,31.0,92.0,0.99566,3.32,0.68,0.405
7.2,0.37,0.32,2.0,0.062,15.0,28.0,0.9947,3.23,0.73,0.346
7.4,0.785,0.19,5.2,0.094,19.0,98.0,0.99713,3.16,0.52,0.31
6.9,0.63,0.02,1.9,0.078,18.0,30.0,0.99712,3.4,0.75,0.451
6.9,0.58,0.2,1.75,0.058,8.0,22.0,0.99322,3.38,0.49,0.556
7.3,0.67,0.02,2.2,0.072,31.0,92.0,0.99566,3.32,0.68,0.408
7.4,0.785,0.19,5.2,0.094,19.0,98.0,0.99713,3.16,0.52,0.312
6.9,0.63,0.02,1.9,0.078,18.0,30.0,0.99712,3.4,0.75,0.451
6.8,0.67,0.0,1.9,0.08,22.0,39.0,0.99701,3.4,0.74,0.447
6.9,0.58,0.01,1.9,0.08,40.0,54.0,0.99683,3.4,0.73,0.447
7.2,0.38,0.31,2.0,0.056,15.0,29.0,0.99472,3.23,0.76,0.315
7.2,0.37,0.32,2.0,0.062,15.0,28.0,0.9947,3.23,0.73,0.346
7.8,0.32,0.44,2.7,0.104,8.0,17.0,0.99732,3.33,0.78,0.316
6.6,0.58,0.02,2.0,0.062,37.0,53.0,0.99374,3.35,0.76,0.376
7.6,0.49,0.33,1.9,0.074,27.0,85.0,0.99706,3.41,0.58,0.429
11.7,0.45,0.63,2.2,0.073,7.0,23.0,0.99974,3.21,0.69,0.392
6.5,0.9,0.0,1.6,0.052,9.0,17.0,0.99467,3.5,0.63,0.392
6.0,0.54,0.06,1.8,0.05,38.0,89.0,0.99236,3.3,0.5,0.367
7.6,0.49,0.33,1.9,0.074,27.0,85.0,0.99706,3.41,0.58,0.429
8.4,0.29,0.4,1.7,0.067,8.0,20.0,0.99603,3.39,0.6,0.482
7.9,0.2,0.35,1.7,0.054,7.0,15.0,0.99458,3.32,0.8,0.406
6.4,0.42,0.09,2.3,0.054,34.0,64.0,0.99724,3.41,0.68,0.357
6.2,0.785,0.0,2.1,0.06,6.0,13.0,0.99664,3.59,0.61,0.592
6.8,0.64,0.03,2.3,0.075,14.0,31.0,0.99545,3.36,0.58,0.357
6.9,0.63,0.01,2.4,0.076,14.0,39.0,0.99522,3.34,0.53,0.385
6.8,0.59,0.1,1.7,0.063,34.0,53.0,0.9958,3.41,0.67,0.447
6.8,0.59,0.1,1.7,0.063,34.0,53.0,0.9958,3.41,0.67,0.447
7.3,0.48,0.32,2.1,0.062,31.0,54.0,0.99728,3.3,0.65,0.224
6.7,1.04,0.08,2.3,0.067,19.0,32.0,0.99648,3.52,0.57,0.632
7.3,0.48,0.32,2.1,0.062,31.0,54.0,0.99728,3.3,0.65,0.224
7.3,0.98,0.05,2.1,0.061,20.0,49.0,0.99705,3.31,0.55,0.721
10.0,0.69,0.11,1.4,0.084,8.0,24.0,0.99578,2.88,0.47,0.447
6.7,0.7,0.08,3.75,0.067,8.0,16.0,0.99334,3.43,0.52,0.624
7.6,0.35,0.6,2.6,0.073,23.0,44.0,0.99656,3.38,0.79,0.408
6.1,0.6,0.08,1.8,0.071,14.0,45.0,0.99336,3.38,0.54,0.51
9.9,0.5,0.5,13.8,0.205,48.0,82.0,1.00242,3.16,0.75,0.426
5.3,0.47,0.11,2.2,0.048,16.0,89.0,0.99182,3.54,0.88,0.58
9.9,0.5,0.5,13.8,0.205,48.0,82.0,1.00242,3.16,0.75,0.426
5.3,0.47,0.11,2.2,0.048,16.0,89.0,0.99182,3.54,0.88,0.583
7.1,0.875,0.05,5.7,0.082,3.0,14.0,0.99808,3.4,0.52,0.734
8.2,0.28,0.6,3.0,0.104,10.0,22.0,0.99828,3.39,0.68,0.487
5.6,0.62,0.03,1.5,0.08,6.0,13.0,0.99498,3.66,0.62,0.595
8.2,0.28,0.6,3.0,0.104,10.0,22.0,0.99828,3.39,0.68,0.487
7.2,0.58,0.54,2.1,0.114,3.0,9.0,0.99719,3.33,0.57,0.602
8.1,0.33,0.44,1.5,0.042,6.0,12.0,0.99542,3.35,0.61,0.493
6.8,0.91,0.06,2.0,0.06,4.0,11.0,0.99592,3.53,0.64,0.628
7.0,0.655,0.16,2.1,0.074,8.0,25.0,0.99606,3.37,0.55,0.447
6.8,0.68,0.21,2.1,0.07,9.0,23.0,0.99546,3.38,0.6,0.472
6.0,0.64,0.05,1.9,0.066,9.0,17.0,0.99496,3.52,0.78,0.487
5.6,0.54,0.04,1.7,0.049,5.0,13.0,0.9942,3.72,0.58,0.535
6.2,0.57,0.1,2.1,0.048,4.0,11.0,0.99448,3.44,0.76,0.385
7.1,0.22,0.49,1.8,0.039,8.0,18.0,0.99344,3.39,0.56,0.519
5.6,0.54,0.04,1.7,0.049,5.0,13.0,0.9942,3.72,0.58,0.535
6.2,0.65,0.06,1.6,0.05,6.0,18.0,0.99348,3.57,0.54,0.574
7.7,0.54,0.26,1.9,0.089,23.0,147.0,0.99636,3.26,0.59,0.447
6.4,0.31,0.09,1.4,0.066,15.0,28.0,0.99459,3.42,0.7,0.224
7.0,0.43,0.02,1.9,0.08,15.0,28.0,0.99492,3.35,0.81,0.371
7.7,0.54,0.26,1.9,0.089,23.0,147.0,0.99636,3.26,0.59,0.447
6.9,0.74,0.03,2.3,0.054,7.0,16.0,0.99508,3.45,0.63,0.44
6.6,0.895,0.04,2.3,0.068,7.0,13.0,0.99582,3.53,0.58,0.385
6.9,0.74,0.03,2.3,0.054,7.0,16.0,0.99508,3.45,0.63,0.44
7.5,0.725,0.04,1.5,0.076,8.0,15.0,0.99508,3.26,0.53,0.444
7.8,0.82,0.29,4.3,0.083,21.0,64.0,0.99642,3.16,0.53,0.438
7.3,0.585,0.18,2.4,0.078,15.0,60.0,0.99638,3.31,0.54,0.451
6.2,0.44,0.39,2.5,0.077,6.0,14.0,0.99555,3.51,0.69,0.4
7.5,0.38,0.57,2.3,0.106,5.0,12.0,0.99605,3.36,0.55,0.432
6.7,0.76,0.02,1.8,0.078,6.0,12.0,0.996,3.55,0.63,0.727
6.8,0.81,0.05,2.0,0.07,6.0,14.0,0.99562,3.51,0.66,0.385
7.5,0.38,0.57,2.3,0.106,5.0,12.0,0.99605,3.36,0.55,0.432
7.1,0.27,0.6,2.1,0.074,17.0,25.0,0.99814,3.38,0.72,0.371
7.9,0.18,0.4,1.8,0.062,7.0,20.0,0.9941,3.28,0.7,0.516
6.4,0.36,0.21,2.2,0.047,26.0,48.0,0.99661,3.47,0.77,0.316
7.1,0.69,0.04,2.1,0.068,19.0,27.0,0.99712,3.44,0.67,0.451
6.4,0.79,0.04,2.2,0.061,11.0,17.0,0.99588,3.53,0.65,0.357
6.4,0.56,0.15,1.8,0.078,17.0,65.0,0.99294,3.33,0.6,0.364
6.9,0.84,0.21,4.1,0.074,16.0,65.0,0.99842,3.53,0.72,0.297
6.9,0.84,0.21,4.1,0.074,16.0,65.0,0.99842,3.53,0.72,0.298
6.1,0.32,0.25,2.3,0.071,23.0,58.0,0.99633,3.42,0.97,0.487
6.5,0.53,0.06,2.0,0.063,29.0,44.0,0.99489,3.38,0.83,0.35
7.4,0.47,0.46,2.2,0.114,7.0,20.0,0.99647,3.32,0.63,0.482
6.6,0.7,0.08,2.6,0.106,14.0,27.0,0.99665,3.44,0.58,0.467
6.5,0.53,0.06,2.0,0.063,29.0,44.0,0.99489,3.38,0.83,0.35
6.9,0.48,0.2,1.9,0.082,9.0,23.0,0.99585,3.39,0.43,0.57
6.1,0.32,0.25,2.3,0.071,23.0,58.0,0.99633,3.42,0.97,0.487
6.8,0.48,0.25,2.0,0.076,29.0,61.0,0.9953,3.34,0.6,0.477
6.0,0.42,0.19,2.0,0.075,22.0,47.0,0.99522,3.39,0.78,0.332
6.7,0.48,0.08,2.1,0.064,18.0,34.0,0.99552,3.33,0.64,0.447
6.8,0.47,0.08,2.2,0.064,18.0,38.0,0.99553,3.3,0.65,0.312
7.1,0.53,0.07,1.7,0.071,15.0,24.0,0.9951,3.29,0.66,0.385
7.9,0.29,0.49,2.2,0.096,21.0,59.0,0.99714,3.31,0.67,0.338
7.1,0.69,0.08,2.1,0.063,42.0,52.0,0.99608,3.42,0.6,0.344
6.6,0.44,0.09,2.2,0.063,9.0,18.0,0.99444,3.42,0.69,0.424
6.1,0.705,0.1,2.8,0.081,13.0,28.0,0.99631,3.6,0.66,0.467
7.2,0.53,0.13,2.0,0.058,18.0,22.0,0.99573,3.21,0.68,0.327
8.0,0.39,0.3,1.9,0.074,32.0,84.0,0.99717,3.39,0.61,0.429
6.6,0.56,0.14,2.4,0.064,13.0,29.0,0.99397,3.42,0.62,0.386
7.0,0.55,0.13,2.2,0.075,15.0,35.0,0.9959,3.36,0.59,0.316
6.1,0.53,0.08,1.9,0.077,24.0,45.0,0.99528,3.6,0.68,0.35
5.4,0.58,0.08,1.9,0.059,20.0,31.0,0.99484,3.5,0.64,0.344
6.2,0.64,0.09,2.5,0.081,15.0,26.0,0.99538,3.57,0.63,0.577
7.2,0.39,0.32,1.8,0.065,34.0,60.0,0.99714,3.46,0.78,0.455
6.2,0.52,0.08,4.4,0.071,11.0,32.0,0.99646,3.56,0.63,0.449
7.4,0.25,0.29,2.2,0.054,19.0,49.0,0.99666,3.4,0.76,0.307
6.7,0.855,0.02,1.9,0.064,29.0,38.0,0.99472,3.3,0.56,0.381
11.1,0.44,0.42,2.2,0.064,14.0,19.0,0.99758,3.25,0.57,0.357
8.4,0.37,0.43,2.3,0.063,12.0,19.0,0.9955,3.17,0.81,0.336
6.5,0.63,0.33,1.8,0.059,16.0,28.0,0.99531,3.36,0.64,0.338
7.0,0.57,0.02,2.0,0.072,17.0,26.0,0.99575,3.36,0.61,0.467
6.3,0.6,0.1,1.6,0.048,12.0,26.0,0.99306,3.55,0.51,0.585
11.2,0.4,0.5,2.0,0.099,19.0,50.0,0.99783,3.1,0.58,0.477
7.4,0.36,0.3,1.8,0.074,17.0,24.0,0.99419,3.24,0.7,0.326
7.1,0.68,0.0,2.3,0.087,17.0,26.0,0.99783,3.45,0.53,0.441
7.1,0.67,0.0,2.3,0.083,18.0,27.0,0.99768,3.44,0.54,0.438
6.3,0.68,0.01,3.7,0.103,32.0,54.0,0.99586,3.51,0.66,0.424
7.3,0.735,0.0,2.2,0.08,18.0,28.0,0.99765,3.41,0.6,0.438
6.6,0.855,0.02,2.4,0.062,15.0,23.0,0.99627,3.54,0.6,0.4
7.0,0.56,0.17,1.7,0.065,15.0,24.0,0.99514,3.44,0.68,0.273
6.6,0.88,0.04,2.2,0.066,12.0,20.0,0.99636,3.53,0.56,0.455
6.6,0.855,0.02,2.4,0.062,15.0,23.0,0.99627,3.54,0.6,0.4
6.9,0.63,0.33,6.7,0.235,66.0,115.0,0.99787,3.22,0.56,0.441
7.8,0.6,0.26,2.0,0.08,31.0,131.0,0.99622,3.21,0.52,0.455
7.8,0.6,0.26,2.0,0.08,31.0,131.0,0.99622,3.21,0.52,0.455
7.8,0.6,0.26,2.0,0.08,31.0,131.0,0.99622,3.21,0.52,0.455
7.2,0.695,0.13,2.0,0.076,12.0,20.0,0.99546,3.29,0.54,0.463
7.2,0.695,0.13,2.0,0.076,12.0,20.0,0.99546,3.29,0.54,0.463
7.2,0.695,0.13,2.0,0.076,12.0,20.0,0.99546,3.29,0.54,0.463
6.7,0.67,0.02,1.9,0.061,26.0,42.0,0.99489,3.39,0.82,0.392
6.7,0.16,0.64,2.1,0.059,24.0,52.0,0.99494,3.34,0.71,0.416
7.2,0.695,0.13,2.0,0.076,12.0,20.0,0.99546,3.29,0.54,0.463
7.0,0.56,0.13,1.6,0.077,25.0,42.0,0.99629,3.34,0.59,0.433
6.2,0.51,0.14,1.9,0.056,15.0,34.0,0.99396,3.48,0.57,0.44
6.4,0.36,0.53,2.2,0.23,19.0,35.0,0.9934,3.37,0.93,0.519
6.4,0.38,0.14,2.2,0.038,15.0,25.0,0.99514,3.44,0.65,0.408
7.3,0.69,0.32,2.2,0.069,35.0,104.0,0.99632,3.33,0.51,0.441
6.0,0.58,0.2,2.4,0.075,15.0,50.0,0.99467,3.58,0.67,0.528
5.6,0.31,0.78,13.9,0.074,23.0,92.0,0.99677,3.39,0.48,0.364
7.5,0.52,0.4,2.2,0.06,12.0,20.0,0.99474,3.26,0.64,0.466
8.0,0.3,0.63,1.6,0.081,16.0,29.0,0.99588,3.3,0.78,0.385
6.2,0.7,0.15,5.1,0.076,13.0,27.0,0.99622,3.54,0.6,0.474
6.8,0.67,0.15,1.8,0.118,13.0,20.0,0.9954,3.42,0.67,0.424
6.2,0.56,0.09,1.7,0.053,24.0,32.0,0.99402,3.54,0.6,0.529
7.4,0.35,0.33,2.4,0.068,9.0,26.0,0.9947,3.36,0.6,0.474
6.2,0.56,0.09,1.7,0.053,24.0,32.0,0.99402,3.54,0.6,0.529
6.1,0.715,0.1,2.6,0.053,13.0,27.0,0.99362,3.57,0.5,0.57
6.2,0.46,0.29,2.1,0.074,32.0,98.0,0.99578,3.33,0.62,0.451
6.7,0.32,0.44,2.4,0.061,24.0,34.0,0.99484,3.29,0.8,0.376
7.2,0.39,0.44,2.6,0.066,22.0,48.0,0.99494,3.3,0.84,0.44
7.5,0.31,0.41,2.4,0.065,34.0,60.0,0.99492,3.34,0.85,0.432
5.8,0.61,0.11,1.8,0.066,18.0,28.0,0.99483,3.55,0.66,0.392
7.2,0.66,0.33,2.5,0.068,34.0,102.0,0.99414,3.27,0.78,0.556
6.6,0.725,0.2,7.8,0.073,29.0,79.0,0.9977,3.29,0.54,0.433
6.3,0.55,0.15,1.8,0.077,26.0,35.0,0.99314,3.32,0.82,0.449
5.4,0.74,0.09,1.7,0.089,16.0,26.0,0.99402,3.67,0.56,0.449
6.3,0.51,0.13,2.3,0.076,29.0,40.0,0.99574,3.42,0.75,0.4
6.8,0.62,0.08,1.9,0.068,28.0,38.0,0.99651,3.42,0.82,0.307
6.2,0.6,0.08,2.0,0.09,32.0,44.0,0.9949,3.45,0.58,0.482
5.9,0.55,0.1,2.2,0.062,39.0,51.0,0.99512,3.52,0.76,0.416
6.3,0.51,0.13,2.3,0.076,29.0,40.0,0.99574,3.42,0.75,0.4
5.9,0.645,0.12,2.0,0.075,32.0,44.0,0.99547,3.57,0.71,0.467
6.0,0.31,0.47,3.6,0.067,18.0,42.0,0.99549,3.39,0.66,0.4
