n_estimators,max_depth,mse
1,1,0.001825514246946876
2,1,0.0017736226946256579
3,1,0.0017744781148229625
4,1,0.0017831315889096067
5,1,0.0017670518695929941
6,1,0.0017444502446268028
7,1,0.0017378050498443765
8,1,0.0017422920719949101
9,1,0.00173768949868991
10,1,0.001739363274173032
11,1,0.0017403813510374247
12,1,0.001742214000438677
13,1,0.0017423994450889027
14,1,0.001745856626045262
15,1,0.0017472753285982447
16,1,0.0017394952185236917
17,1,0.001741312681739818
18,1,0.0017421634615217185
19,1,0.0017415256996765978
20,1,0.0017427202715975581
21,1,0.001743602066890905
22,1,0.0017424381436705566
23,1,0.0017440233336186827
24,1,0.0017439760936336216
25,1,0.0017441578735913072
26,1,0.0017436720621740376
27,1,0.001739954985042821
28,1,0.0017379921735053638
29,1,0.001739415897581637
30,1,0.0017392547191892494
31,1,0.0017380377127355299
32,1,0.0017375905494019573
33,1,0.0017379711940331566
34,1,0.0017368449025701154
35,1,0.0017375811958243903
36,1,0.0017374758369517445
37,1,0.001738602499210512
38,1,0.0017389470950222952
39,1,0.0017388422175232754
40,1,0.0017361129207657262
41,1,0.0017371577462809143
42,1,0.001737957815437205
43,1,0.0017380856718133245
44,1,0.0017387904117473591
45,1,0.001739178380087087
46,1,0.0017401306947552812
47,1,0.0017381804819781388
48,1,0.001736651382996399
49,1,0.0017359692861293923
50,1,0.001736361864589624
51,1,0.0017357077752022275
52,1,0.001735553093740745
53,1,0.001736312233409145
54,1,0.0017365866091629007
55,1,0.001737341794560312
56,1,0.001735957280365913
57,1,0.001735723965078489
58,1,0.00173644663379584
59,1,0.0017363374768455233
60,1,0.0017349741900085259
61,1,0.001735969679079783
62,1,0.0017358201903328906
63,1,0.0017364863445160387
64,1,0.001736620954394716
65,1,0.0017363872287244626
66,1,0.0017367768080740254
67,1,0.0017370015137717037
68,1,0.0017372233395802402
69,1,0.0017377511166710377
70,1,0.0017378939475528744
71,1,0.001738282090172306
72,1,0.0017387507481378345
73,1,0.0017386973276795627
74,1,0.0017390125692719632
75,1,0.001739430433429618
76,1,0.00173994424599616
77,1,0.0017403860732508223
78,1,0.0017398111340850696
79,1,0.0017401580975612782
80,1,0.001740392730479076
81,1,0.0017408338296128188
82,1,0.0017411376708000074
83,1,0.00174174733791379
84,1,0.0017416651758486576
85,1,0.0017416043634841888
86,1,0.0017413985135830787
87,1,0.0017411498900542339
88,1,0.0017413697488845136
89,1,0.0017415999865893512
90,1,0.0017413805167585243
91,1,0.0017416677754342443
92,1,0.0017419791082814886
93,1,0.0017422637483804578
94,1,0.0017427781213090055
95,1,0.0017427278673734243
96,1,0.0017431809389600733
97,1,0.0017436133589795475
98,1,0.0017437713685784046
99,1,0.0017438321916705007
100,1,0.0017427502367454483
1,2,0.0017648927893430312
2,2,0.001689038887903243
3,2,0.0015920024393803434
4,2,0.0016247478658291332
5,2,0.0016211972678336867
6,2,0.0016254348963280823
7,2,0.0016372882168231128
8,2,0.0016464803911223247
9,2,0.001658136879862042
10,2,0.0016513905574909657
11,2,0.0016296438202286223
12,2,0.001641076443852912
13,2,0.0016399701007076292
14,2,0.0016502682040120936
15,2,0.0016509046380197923
16,2,0.001643538272023619
17,2,0.0016470395839669081
18,2,0.001631307879038177
19,2,0.0016268894818503134
20,2,0.0016251712860163837
21,2,0.001629226619052101
22,2,0.0016292455700278312
23,2,0.001632071245822857
24,2,0.0016214193406683414
25,2,0.0016203558834009093
26,2,0.0016227677641712133
27,2,0.0016208571481279022
28,2,0.0016157375093313032
29,2,0.0016078234607034608
30,2,0.0016112131032677765
31,2,0.00161508462279355
32,2,0.0016158347185436855
33,2,0.0016164515137623424
34,2,0.0016116877114983185
35,2,0.0016140711317578877
36,2,0.0016178777010329582
37,2,0.0016214923734789184
38,2,0.0016219804324973891
39,2,0.0016216825924588063
40,2,0.0016198103634313217
41,2,0.0016154717548803796
42,2,0.001616252954498804
43,2,0.0016173891810373625
44,2,0.0016180741045455716
45,2,0.001618400038790763
46,2,0.0016199401092583643
47,2,0.0016181842869169704
48,2,0.0016162229593287725
49,2,0.001619667747534202
50,2,0.0016157603884143163
51,2,0.001614815185287678
52,2,0.001615673927134426
53,2,0.0016169003529343962
54,2,0.001619096055145934
55,2,0.0016197852785497383
56,2,0.0016185352858835433
57,2,0.0016186572675937038
58,2,0.001620558707658112
59,2,0.0016226151602722553
60,2,0.0016176499721350158
61,2,0.0016182962089647257
62,2,0.0016187521255952013
63,2,0.0016177222950825494
64,2,0.0016190047225114865
65,2,0.001618421032823444
66,2,0.0016199645326336698
67,2,0.0016214251310796611
68,2,0.0016236469469851028
69,2,0.001623933114884264
70,2,0.0016263051932071222
71,2,0.0016264901525924337
72,2,0.0016273314964633434
73,2,0.0016284081874111528
74,2,0.0016259792372355338
75,2,0.0016277984320135091
76,2,0.0016288102413625255
77,2,0.0016296833506045897
78,2,0.0016288942028466055
79,2,0.001629566218122417
80,2,0.0016304081511872531
81,2,0.0016313991014254652
82,2,0.001631807099884004
83,2,0.0016326189868693984
84,2,0.0016334158198238401
85,2,0.001633271030150925
86,2,0.0016336263308038123
87,2,0.0016345795047226837
88,2,0.0016357667809191602
89,2,0.0016367273405701566
90,2,0.0016369857840864165
91,2,0.0016371548365331993
92,2,0.0016377422481361997
93,2,0.0016380876468080016
94,2,0.0016382035046463039
95,2,0.001639000506097445
96,2,0.001639943209303975
97,2,0.0016402370897288165
98,2,0.001640300895464973
99,2,0.0016409909717989251
100,2,0.0016375175633649957
1,3,0.0018452304903900621
2,3,0.0017593036626467457
3,3,0.0016124548085139972
4,3,0.0016567561185110446
5,3,0.001647605281947333
6,3,0.0015976543117150245
7,3,0.0016076860816742044
8,3,0.0016169418113980117
9,3,0.0016270780056358391
10,3,0.001614888415712159
11,3,0.001588102850231753
12,3,0.001586872773410759
13,3,0.0015777177193824975
14,3,0.0015928087477814175
15,3,0.0015916975536302788
16,3,0.001585415001933353
17,3,0.00157864832863024
18,3,0.001564029774689114
19,3,0.0015651887044208935
20,3,0.0015700125224982775
21,3,0.0015764580875403645
22,3,0.0015816361790328424
23,3,0.001586121155273672
24,3,0.0015655639311619484
25,3,0.0015576662330669883
26,3,0.0015631744170080731
27,3,0.0015530498884883265
28,3,0.0015413926581310342
29,3,0.0015302321560878621
30,3,0.0015339875536019244
31,3,0.0015393493658907216
32,3,0.001542202940289084
33,3,0.0015406673107356164
34,3,0.0015353203517552566
35,3,0.0015344140536255712
36,3,0.001541054806846241
37,3,0.0015417089605989649
38,3,0.0015427296621129624
39,3,0.0015419235856713315
40,3,0.0015420653910215103
41,3,0.0015377127502259026
42,3,0.0015403827809852616
43,3,0.001537444866685635
44,3,0.0015387925167197006
45,3,0.0015416653427666556
46,3,0.0015453573079597458
47,3,0.001546926255511041
48,3,0.0015458970577485942
49,3,0.0015501171967041464
50,3,0.0015457562556819968
51,3,0.001539528282197708
52,3,0.0015423905077093557
53,3,0.0015442808167775235
54,3,0.0015418401407435859
55,3,0.001543335455607528
56,3,0.0015429559933831396
57,3,0.0015411192499193336
58,3,0.0015404280486080507
59,3,0.0015441199758604366
60,3,0.0015412901915974615
61,3,0.0015436850171922547
62,3,0.0015388853444847112
63,3,0.001540010102007822
64,3,0.0015424322510498585
65,3,0.0015375193735420764
66,3,0.00153579262067565
67,3,0.0015391034463134762
68,3,0.001538699718120422
69,3,0.0015392927534541967
70,3,0.0015434476740492668
71,3,0.0015457835778872292
72,3,0.001546540471117642
73,3,0.001545561764805775
74,3,0.0015441710413524835
75,3,0.001543810279327415
76,3,0.001543512148247918
77,3,0.0015458899754008755
78,3,0.001546276744268424
79,3,0.0015483001118727923
80,3,0.0015490686955287347
81,3,0.0015510806818955535
82,3,0.0015523970763311442
83,3,0.0015522536062147672
84,3,0.001553803374975778
85,3,0.0015545744716739807
86,3,0.0015550187748506355
87,3,0.0015562257443187406
88,3,0.0015576080482905728
89,3,0.0015593657365760127
90,3,0.0015608946142372845
91,3,0.0015622701881895362
92,3,0.0015630773362390316
93,3,0.0015644919822930337
94,3,0.0015655307951363692
95,3,0.001566600547615176
96,3,0.0015672607101871224
97,3,0.0015668281894062163
98,3,0.0015673968248845966
99,3,0.001567051615236293
100,3,0.0015632255255085175
1,4,0.0018537280070474943
2,4,0.0017169845073527468
3,4,0.0015861573113973495
4,4,0.0016137286607165735
5,4,0.0015847827117504837
6,4,0.001554938141220548
7,4,0.0015480557623681484
8,4,0.001533975101080699
9,4,0.0015372363578042348
10,4,0.0015490295167420159
11,4,0.0015382565059464356
12,4,0.0015311754645535875
13,4,0.0015263388505566012
14,4,0.0015304734723299302
15,4,0.0015168467446783314
16,4,0.0015081793844249542
17,4,0.0015012846280034204
18,4,0.0014940023188218419
19,4,0.0014923787609294414
20,4,0.0014945546285256358
21,4,0.0014949708613179451
22,4,0.0014962884070581022
23,4,0.0014983894674100906
24,4,0.0014809529508339556
25,4,0.0014698458952652515
26,4,0.0014765666489953047
27,4,0.0014702741397786016
28,4,0.0014649403880542505
29,4,0.00145735565632917
30,4,0.0014575305063030525
31,4,0.0014564522481122283
32,4,0.0014576839098600072
33,4,0.001458439902021733
34,4,0.0014574229990358054
35,4,0.0014587470066562698
36,4,0.001460767851463338
37,4,0.0014630871342135644
38,4,0.0014624572521184168
39,4,0.0014593655051091592
40,4,0.001458473844596307
41,4,0.0014531062408862847
42,4,0.001456956633925057
43,4,0.0014534211198024066
44,4,0.0014515636498570383
45,4,0.0014515259680701125
46,4,0.0014548391696644276
47,4,0.001459101757201522
48,4,0.0014606844182279202
49,4,0.0014622158418115217
50,4,0.001460976557312788
51,4,0.0014568274380989614
52,4,0.0014592527284275239
53,4,0.0014595654709877361
54,4,0.0014597973150933332
55,4,0.0014593775776011982
56,4,0.0014572795531007476
57,4,0.0014546000602912615
58,4,0.0014559805098454449
59,4,0.001458615264488399
60,4,0.0014587528013122527
61,4,0.0014594162379367897
62,4,0.0014563831701763826
63,4,0.0014579495612856745
64,4,0.0014600593724357117
65,4,0.0014572753302798463
66,4,0.0014575331396771652
67,4,0.0014600849985338443
68,4,0.0014609484180315125
69,4,0.0014620062965311272
70,4,0.0014642590191035266
71,4,0.001465407098860167
72,4,0.0014649131365903362
73,4,0.001466463644982987
74,4,0.0014684716315750993
75,4,0.0014700099814506434
76,4,0.0014688224170789318
77,4,0.0014711871720656956
78,4,0.0014704750814783921
79,4,0.0014705735519249489
80,4,0.0014709300223099758
81,4,0.001473315216221478
82,4,0.0014725008074138485
83,4,0.0014729069563640452
84,4,0.001474433741141584
85,4,0.0014756643492995752
86,4,0.0014751359315495654
87,4,0.0014763754827913688
88,4,0.001475798836908136
89,4,0.0014774753518511047
90,4,0.0014785278075382321
91,4,0.001479434909376712
92,4,0.0014804106530753253
93,4,0.001481037037697356
94,4,0.0014827090346868938
95,4,0.0014832325141236897
96,4,0.0014831317697347258
97,4,0.0014827247893649425
98,4,0.0014827311341354277
99,4,0.0014835573914863253
100,4,0.0014806723664997445
1,5,0.001773529565531907
2,5,0.0016034270821633052
3,5,0.0015027649826818942
4,5,0.0015531065948303682
5,5,0.0015106969467636347
6,5,0.001453156096202419
7,5,0.0014413926081713352
8,5,0.0014526632730294798
9,5,0.0014482571005310215
10,5,0.0014516881820858844
11,5,0.0014445466681986424
12,5,0.0014395823448433245
13,5,0.001433683577675382
14,5,0.0014300882472037422
15,5,0.0014196519895043503
16,5,0.0014234699178092942
17,5,0.0014161800829692068
18,5,0.0014142441015369317
19,5,0.00141405604754708
20,5,0.0014137901067312907
21,5,0.0014108933277459767
22,5,0.001403675224504074
23,5,0.001402280869561976
24,5,0.0013844398660816737
25,5,0.0013780678683356696
26,5,0.0013824972294086027
27,5,0.0013775145407997087
28,5,0.0013779831204927006
29,5,0.0013728333096093015
30,5,0.0013709532236356988
31,5,0.0013692780139151922
32,5,0.001368555995757353
33,5,0.0013673866976543145
34,5,0.001368376930671602
35,5,0.001371614625043275
36,5,0.001373703335845556
37,5,0.0013782372248677826
38,5,0.001377245066454444
39,5,0.0013733576840240424
40,5,0.0013735203658466163
41,5,0.0013728524477650671
42,5,0.0013724052496899078
43,5,0.0013699517110050572
44,5,0.001368304741846909
45,5,0.001368072838332719
46,5,0.0013705616841885365
47,5,0.0013737842189044905
48,5,0.0013764965452413298
49,5,0.0013755553265071088
50,5,0.001374746759133026
51,5,0.001374281145017041
52,5,0.0013779681105546354
53,5,0.0013760302711936208
54,5,0.001378373361443655
55,5,0.0013777875032249787
56,5,0.0013754515227401515
57,5,0.0013756837132616285
58,5,0.001378346926580059
59,5,0.0013803281611762452
60,5,0.0013825369972126998
61,5,0.001385381583332733
62,5,0.0013861932388796788
63,5,0.001386549750260792
64,5,0.001387077818587788
65,5,0.001387104569300358
66,5,0.0013885812639108108
67,5,0.0013886456263910295
68,5,0.0013872121594935881
69,5,0.0013882470234606674
70,5,0.0013887770033251463
71,5,0.0013894630526996002
72,5,0.0013895663084166749
73,5,0.001389771565804649
74,5,0.0013909322835768526
75,5,0.0013919008630717692
76,5,0.0013897469725581433
77,5,0.0013934593368912806
78,5,0.0013947267788280337
79,5,0.001394530745318818
80,5,0.0013944346031053534
81,5,0.0013968311164897886
82,5,0.001395583314444469
83,5,0.0013964357774942588
84,5,0.001396617092170405
85,5,0.0013982530579480722
86,5,0.001395866812032902
87,5,0.001396046327583947
88,5,0.0013954843340347894
89,5,0.001395881519285141
90,5,0.0013962499573122239
91,5,0.0013956113520165849
92,5,0.0013963751037619134
93,5,0.0013960224706793289
94,5,0.0013966770604118153
95,5,0.0013957307207030823
96,5,0.0013956220940940277
97,5,0.001395466896874066
98,5,0.0013952434882857012
99,5,0.0013956558416452574
100,5,0.0013952678665439156
1,6,0.0018819102246522873
2,6,0.0015578883505300975
3,6,0.0014826424439276502
4,6,0.0015267733692528236
5,6,0.0014993834474752966
6,6,0.0014492680487021804
7,6,0.0014430002885520215
8,6,0.001454619034366173
9,6,0.0014570835558640844
10,6,0.0014638711798915477
11,6,0.001450808978268511
12,6,0.001431824487379484
13,6,0.0014315075307129365
14,6,0.0014215349383093264
15,6,0.001417681869231791
16,6,0.0014252559287978534
17,6,0.001407861809596571
18,6,0.001406411705904165
19,6,0.0013966993609814463
20,6,0.0013916419778231182
21,6,0.0013944896375605378
22,6,0.0013895204526716862
23,6,0.0013878431862454604
24,6,0.0013704274037417358
25,6,0.001364786196586163
26,6,0.001368542327441115
27,6,0.0013627043435578015
28,6,0.001362961803890301
29,6,0.0013630615905205585
30,6,0.0013594676323914778
31,6,0.0013591214933481115
32,6,0.0013607823897164
33,6,0.001360638273693632
34,6,0.001358559056216296
35,6,0.001359346248992384
36,6,0.0013604707952908873
37,6,0.001360278763437049
38,6,0.001356187414098854
39,6,0.0013521558822841167
40,6,0.0013541995695172484
41,6,0.0013527379156286117
42,6,0.0013509264864511833
43,6,0.0013528667384262935
44,6,0.0013546750305689123
45,6,0.0013536065686444321
46,6,0.0013557449495197047
47,6,0.0013570292722224842
48,6,0.0013592645437505984
49,6,0.001359549265378318
50,6,0.0013540268491349869
51,6,0.0013547198046015623
52,6,0.0013590946756940863
53,6,0.0013554584592401669
54,6,0.001356393640445231
55,6,0.0013559851809284184
56,6,0.0013507953356251712
57,6,0.0013529395834618102
58,6,0.0013555268655707194
59,6,0.001358406618353356
60,6,0.0013608745259569232
61,6,0.0013647279377481869
62,6,0.0013650228782374869
63,6,0.0013632160062492275
64,6,0.0013645464483942446
65,6,0.001365375438097257
66,6,0.001364429600049319
67,6,0.0013643449712019277
68,6,0.0013626368322334403
69,6,0.001365529379794696
70,6,0.001366073951772579
71,6,0.0013688642699987235
72,6,0.001368338750303107
73,6,0.0013684286941121942
74,6,0.0013714130395603142
75,6,0.0013716722928592301
76,6,0.0013707170222901385
77,6,0.0013734890556376814
78,6,0.0013734728392982714
79,6,0.0013743741320420822
80,6,0.0013727062065607054
81,6,0.0013755035225575284
82,6,0.0013751168875243609
83,6,0.0013755660352440518
84,6,0.001376189752203548
85,6,0.001378056828043859
86,6,0.0013777354188440282
87,6,0.0013786566352862934
88,6,0.0013788535050616249
89,6,0.0013800845578905215
90,6,0.0013809089320250168
91,6,0.0013809337508340251
92,6,0.001382539923093265
93,6,0.0013817643658594935
94,6,0.0013829019765186149
95,6,0.0013810151396031623
96,6,0.0013805413229229214
97,6,0.0013802168137829385
98,6,0.0013808333284000252
99,6,0.0013807634950147834
100,6,0.0013799533115912339
1,7,0.0019517458219600486
2,7,0.0016256729865799608
3,7,0.0015548987217575217
4,7,0.0015660185800122745
5,7,0.001528426763192994
6,7,0.0014963760566992028
7,7,0.0014851387902043787
8,7,0.0014949215211252564
9,7,0.001489582336678621
10,7,0.001495747175710757
11,7,0.001484512238339517
12,7,0.001467859927686721
13,7,0.0014629127794410033
14,7,0.0014497875209519046
15,7,0.0014430714864708876
16,7,0.0014456988234628823
17,7,0.0014241740621295002
18,7,0.0014145441572766231
19,7,0.0014143574012670996
20,7,0.0014006649028094741
21,7,0.0014005384740286453
22,7,0.001398858099370274
23,7,0.0013940728949471187
24,7,0.0013770177608614105
25,7,0.0013690318708744237
26,7,0.0013706487327056394
27,7,0.001363520162150975
28,7,0.001359560102065237
29,7,0.0013575664599475195
30,7,0.001356227779700605
31,7,0.0013534056419165653
32,7,0.0013576088264280514
33,7,0.0013607154207945457
34,7,0.0013607228725400664
35,7,0.001359742606806085
36,7,0.0013627071509112892
37,7,0.0013600641576967506
38,7,0.0013554091250929372
39,7,0.0013524044930559379
40,7,0.001350521218982955
41,7,0.0013492992655686803
42,7,0.0013467249939689663
43,7,0.0013494119479695416
44,7,0.001353361898509869
45,7,0.0013554758657188181
46,7,0.0013573446609117256
47,7,0.0013556915015888983
48,7,0.0013586511774075739
49,7,0.0013563928272213026
50,7,0.0013498704817013546
51,7,0.0013512074603446859
52,7,0.001355863131975133
53,7,0.0013539586694524671
54,7,0.001354332163226798
55,7,0.0013543595669231062
56,7,0.001348297196329804
57,7,0.0013481596072185548
58,7,0.0013510399874617845
59,7,0.0013537275037572762
60,7,0.0013566491510710451
61,7,0.001360734957775071
62,7,0.001361354602946207
63,7,0.0013587530862796333
64,7,0.0013599706172416587
65,7,0.0013609972972656325
66,7,0.0013596716654027071
67,7,0.0013589557654845792
68,7,0.001360414819458506
69,7,0.001361903692233285
70,7,0.0013626545385839745
71,7,0.001366020170393684
72,7,0.0013654088306729367
73,7,0.0013653607886309155
74,7,0.0013696265782911327
75,7,0.0013713002188215542
76,7,0.0013725190832740487
77,7,0.0013744991722269026
78,7,0.0013749350231405627
79,7,0.0013773048268814298
80,7,0.0013757841934378457
81,7,0.001377893370199396
82,7,0.0013777974099644318
83,7,0.0013775189304341337
84,7,0.0013771863795430115
85,7,0.0013795586475749905
86,7,0.001378464778712713
87,7,0.0013790153135976957
88,7,0.0013796032410140413
89,7,0.001381571482847519
90,7,0.001381775673004691
91,7,0.0013815301188023015
92,7,0.0013835736478838747
93,7,0.0013841858096626577
94,7,0.0013852975598311302
95,7,0.0013824326979513524
96,7,0.0013813492740423674
97,7,0.0013818522878300892
98,7,0.0013836557353535586
99,7,0.001385035745120373
100,7,0.0013839670118166933
1,8,0.0020714763196458515
2,8,0.001756616797418908
3,8,0.0017085474575967803
4,8,0.0016635395547524182
5,8,0.0015961843780802226
6,8,0.001553493321808238
7,8,0.0015176955728000675
8,8,0.001497016303940113
9,8,0.0014828762331596278
10,8,0.0014964406918971114
11,8,0.0014811318930979481
12,8,0.0014579348534068143
13,8,0.0014580130396059593
14,8,0.0014426612686922124
15,8,0.0014403895424435211
16,8,0.0014383484252380712
17,8,0.0014230749582286137
18,8,0.0014136413546722451
19,8,0.0014103724386272385
20,8,0.001393474604277544
21,8,0.0013924159581779937
22,8,0.001392785744228106
23,8,0.001386363985333841
24,8,0.0013706291089799717
25,8,0.0013668689501447624
26,8,0.0013688254170903464
27,8,0.0013607312144831825
28,8,0.0013575486502207792
29,8,0.0013592734558372393
30,8,0.0013609093311759879
31,8,0.0013572610348591772
32,8,0.0013637412282707562
33,8,0.00136545947930957
34,8,0.0013630302366458202
35,8,0.0013647890202884618
36,8,0.0013664542933869749
37,8,0.001362535598974161
38,8,0.0013579369732926016
39,8,0.0013577713446640072
40,8,0.0013608966094047872
41,8,0.001359407076465814
42,8,0.00135905664162281
43,8,0.0013608232276803719
44,8,0.0013642835256474715
45,8,0.0013607424169776417
46,8,0.0013595426440050169
47,8,0.0013606589755922108
48,8,0.00136445104528401
49,8,0.0013610156583202754
50,8,0.0013583064647415476
51,8,0.001360740816894352
52,8,0.0013616135968787248
53,8,0.0013591887786384433
54,8,0.0013585497133447042
55,8,0.00136093088658575
56,8,0.0013557075036294212
57,8,0.0013544846850141149
58,8,0.0013572984575005403
59,8,0.0013585453796497921
60,8,0.0013652367814724923
61,8,0.0013690922340554035
62,8,0.0013699074264734246
63,8,0.0013674970780697632
64,8,0.0013679936340718214
65,8,0.0013688240770048704
66,8,0.0013651824814867055
67,8,0.0013646020315839608
68,8,0.0013654749172848514
69,8,0.0013694380865424403
70,8,0.0013700846720490784
71,8,0.0013740194208230266
72,8,0.0013733859160922465
73,8,0.001372662942837975
74,8,0.0013788850960803523
75,8,0.0013801867733524722
76,8,0.0013806470676079432
77,8,0.001382692152734447
78,8,0.0013813747715094712
79,8,0.0013819749063390039
80,8,0.0013784502467374393
81,8,0.0013801644716651415
82,8,0.0013810714590582625
83,8,0.0013807129740397094
84,8,0.0013801370415220222
85,8,0.001383080095474917
86,8,0.001382599194498048
87,8,0.0013819198541458995
88,8,0.0013815453824408935
89,8,0.0013809654077876767
90,8,0.0013809787537229024
91,8,0.0013808462379338218
92,8,0.00138287741339396
93,8,0.001383266458950046
94,8,0.0013857252982568313
95,8,0.0013818218766436941
96,8,0.001381713368398213
97,8,0.0013802422710128398
98,8,0.0013812285715128164
99,8,0.001383345804559447
100,8,0.0013816296100874332
1,9,0.002058872482957994
2,9,0.0016938938551691578
3,9,0.0016721040160467995
4,9,0.0016196211613751605
5,9,0.0015825502552549529
6,9,0.0015530158285087027
7,9,0.0015261271689816969
8,9,0.0015122506739929343
9,9,0.0014802898901168087
10,9,0.0014917880022296854
11,9,0.0014800595703030196
12,9,0.0014516273175998692
13,9,0.0014554712633822325
14,9,0.0014416348158030605
15,9,0.0014335344800038314
16,9,0.001432857305114589
17,9,0.001416740449803369
18,9,0.00140081696455164
19,9,0.0014045267803265622
20,9,0.0013845734777794768
21,9,0.0013858123482442266
22,9,0.0013903326745899442
23,9,0.0013869602724328762
24,9,0.0013700717953741947
25,9,0.0013689619112834267
26,9,0.0013708830577610109
27,9,0.0013721140729978487
28,9,0.0013592847791370477
29,9,0.0013593464004845845
30,9,0.0013626896754344408
31,9,0.001361873393549164
32,9,0.0013635029961212794
33,9,0.0013631089206229002
34,9,0.0013594586648063855
35,9,0.0013601979458157793
36,9,0.0013622774072978095
37,9,0.0013586377967878516
38,9,0.0013546415277034124
39,9,0.0013539561541142716
40,9,0.0013572310111036661
41,9,0.001354490560028545
42,9,0.0013525292169346192
43,9,0.001357445486987041
44,9,0.0013621635838091779
45,9,0.0013612324440253761
46,9,0.0013601197188670261
47,9,0.0013622685574109165
48,9,0.001369647775145648
49,9,0.0013678289282677992
50,9,0.0013669282208727774
51,9,0.0013682230261595149
52,9,0.0013706912177109715
53,9,0.0013675310634107928
54,9,0.0013626819877259396
55,9,0.001365171667305823
56,9,0.0013590104874551445
57,9,0.0013600487411954615
58,9,0.0013622550919837877
59,9,0.0013673284063497981
60,9,0.0013689378555704012
61,9,0.0013713847299917073
62,9,0.0013712119152806221
63,9,0.0013678231606759012
64,9,0.001366572144315423
65,9,0.0013668847369628801
66,9,0.0013654418774662065
67,9,0.0013653976352477584
68,9,0.0013663039986876683
69,9,0.0013674526984594122
70,9,0.001369142251789127
71,9,0.001375127883779723
72,9,0.0013727757205868843
73,9,0.0013719444855405554
74,9,0.0013776311186956
75,9,0.0013809649482495663
76,9,0.0013809616660949025
77,9,0.0013829628684172998
78,9,0.001382961595647233
79,9,0.0013826357860031741
80,9,0.0013790912819034258
81,9,0.0013817017424723012
82,9,0.0013813822751576111
83,9,0.0013795338540439912
84,9,0.001377404535801901
85,9,0.0013803194343068642
86,9,0.0013779230079879554
87,9,0.0013774974291524838
88,9,0.0013772869203994963
89,9,0.0013755859272028888
90,9,0.0013761729569570142
91,9,0.0013757850328316428
92,9,0.0013781861663843481
93,9,0.001376852819516946
94,9,0.0013786914925176328
95,9,0.0013748793395306448
96,9,0.0013750125576276297
97,9,0.0013736293192748044
98,9,0.001374621508218983
99,9,0.0013755766029308343
100,9,0.0013740812984300104
1,10,0.0022279207057974044
2,10,0.0018478703245711236
3,10,0.0017493342743035384
4,10,0.0016955964761280159
5,10,0.0016279747400505331
6,10,0.0016170768115256126
7,10,0.001583010146221034
8,10,0.0015670726162369864
9,10,0.0015289305575167248
10,10,0.0015325243647481607
11,10,0.0015066451696888756
12,10,0.0014643330996410206
13,10,0.0014588285713157806
14,10,0.0014370900068155462
15,10,0.0014294920810311775
16,10,0.0014288880019038205
17,10,0.0014136069938119578
18,10,0.0013966332787139063
19,10,0.0013985927182551144
20,10,0.0013724658470731271
21,10,0.0013736639960248028
22,10,0.001378538391003253
23,10,0.0013744566967814392
24,10,0.0013557749348913218
25,10,0.0013511372166340196
26,10,0.0013549640143366898
27,10,0.0013509624130414832
28,10,0.0013299311250530332
29,10,0.001332238460882422
30,10,0.0013351511142587324
31,10,0.0013339181768871374
32,10,0.0013343253967095146
33,10,0.0013294339094796102
34,10,0.0013264295476102888
35,10,0.001328106956130679
36,10,0.0013294134783910622
37,10,0.0013235502028174923
38,10,0.0013216655061306195
39,10,0.0013240448090762241
40,10,0.0013327330694942801
41,10,0.0013296947102416764
42,10,0.0013300529902741665
43,10,0.0013330529294815845
44,10,0.0013384931564586376
45,10,0.001336314650342395
46,10,0.0013413479845658177
47,10,0.0013429871717306851
48,10,0.001347713000854459
49,10,0.0013453855785729501
50,10,0.0013467302771427647
51,10,0.0013465844560607736
52,10,0.001347197343263088
53,10,0.0013433089247803529
54,10,0.0013391513904827013
55,10,0.0013430517368054214
56,10,0.0013373082919303889
57,10,0.0013385192023616884
58,10,0.0013438436914918936
59,10,0.0013475097860548935
60,10,0.0013514961713080003
61,10,0.0013534418079171177
62,10,0.0013537493863794191
63,10,0.0013502398008308093
64,10,0.0013514641335000905
65,10,0.0013513342268692574
66,10,0.0013466900729326564
67,10,0.0013490484768539123
68,10,0.0013489990994680462
69,10,0.0013550187919279713
70,10,0.0013552658845421462
71,10,0.001359051575125831
72,10,0.0013593914156418312
73,10,0.0013585757890764555
74,10,0.0013644419401486485
75,10,0.0013681171374373318
76,10,0.0013693429853409843
77,10,0.0013702300278444716
78,10,0.0013685818191451317
79,10,0.001370882970719021
80,10,0.0013669579682313083
81,10,0.0013696667964576575
82,10,0.0013692987425462258
83,10,0.0013683616697906526
84,10,0.0013665735722167343
85,10,0.0013675977463449714
86,10,0.0013681735034937967
87,10,0.001367500495068395
88,10,0.0013680286027322654
89,10,0.0013658685966529607
90,10,0.0013647840518934886
91,10,0.001364337624098354
92,10,0.0013675781935210973
93,10,0.0013660937150897124
94,10,0.0013683508918420648
95,10,0.0013646596560812092
96,10,0.001364509135561991
97,10,0.001363101152759488
98,10,0.0013615115636679543
99,10,0.0013639682553292893
100,10,0.001362645117644865
1,11,0.002502488463534151
2,11,0.001912453156923562
3,11,0.001857425495449153
4,11,0.001756049595952712
5,11,0.0016355907672120067
6,11,0.001610133770943849
7,11,0.0015812287617526066
8,11,0.0015490525139208117
9,11,0.001519287534183486
10,11,0.0015078710893304719
11,11,0.0014931546913888793
12,11,0.0014520725966313563
13,11,0.001444103008196716
14,11,0.0014254341509995654
15,11,0.0014149754867933393
16,11,0.0014162160602067641
17,11,0.0014047821477207565
18,11,0.0013910467620330013
19,11,0.001394863316251925
20,11,0.0013773084000542285
21,11,0.0013696577624744985
22,11,0.0013780741281994979
23,11,0.0013779603146701377
24,11,0.0013639993567414136
25,11,0.0013571097975049644
26,11,0.001368225456312449
27,11,0.001364395170986417
28,11,0.0013413714230552294
29,11,0.0013413127136039271
30,11,0.0013433672710319268
31,11,0.0013393958099797995
32,11,0.001342514385445804
33,11,0.0013450619424359043
34,11,0.0013401163562704915
35,11,0.001339521401182746
36,11,0.0013415475112315562
37,11,0.0013355054337794152
38,11,0.0013325901098261525
39,11,0.0013350406752512345
40,11,0.001340383287979725
41,11,0.001340132808455708
42,11,0.0013406850507736436
43,11,0.0013444044325990664
44,11,0.0013499965516229938
45,11,0.0013432771529010862
46,11,0.001349050294939161
47,11,0.0013508099506748933
48,11,0.001357323031590242
49,11,0.0013575661914054433
50,11,0.001359341195837958
51,11,0.001360912675971815
52,11,0.0013581417389926156
53,11,0.0013553561153868232
54,11,0.0013510136672146306
55,11,0.0013549829589370828
56,11,0.0013489472526971953
57,11,0.001350900850241078
58,11,0.0013537007281658115
59,11,0.0013545378412070997
60,11,0.0013577264647645904
61,11,0.001360027318050361
62,11,0.0013600199410832114
63,11,0.0013579001615711744
64,11,0.001360774410566313
65,11,0.0013587705696171356
66,11,0.0013529606106245618
67,11,0.0013551828165109998
68,11,0.0013535758301789222
69,11,0.0013562397956495065
70,11,0.0013550022062723888
71,11,0.0013582744868628493
72,11,0.0013578693044736239
73,11,0.0013569972190977935
74,11,0.0013611713468703352
75,11,0.00136536584680595
76,11,0.001366484566355975
77,11,0.001367952183233007
78,11,0.0013647626217303719
79,11,0.001366094009232452
80,11,0.0013622578932828875
81,11,0.00136551221737036
82,11,0.0013653574692192147
83,11,0.0013636581795426763
84,11,0.001362218350776472
85,11,0.0013635410257669457
86,11,0.0013649651197318174
87,11,0.0013653100726491502
88,11,0.0013645286009823726
89,11,0.0013632733658365032
90,11,0.0013634710459275296
91,11,0.0013646238881943585
92,11,0.0013684128704537458
93,11,0.0013669023084213123
94,11,0.0013678630307911816
95,11,0.0013647381148040707
96,11,0.0013623845499784065
97,11,0.0013613212706594748
98,11,0.0013608542702008828
99,11,0.001363973698427396
100,11,0.001364174270151268
1,12,0.0026569727824429096
2,12,0.0020058041475322806
3,12,0.001906090176857821
4,12,0.0017788304805711785
5,12,0.0016447014082038786
6,12,0.0016270854773730856
7,12,0.0016077352409179413
8,12,0.001580525634222978
9,12,0.0015305558752906731
10,12,0.0015226314425087206
11,12,0.0015097512229476193
12,12,0.0014742099162602027
13,12,0.0014537092910431263
14,12,0.0014328586500818872
15,12,0.0014168961415519665
16,12,0.001421423864890741
17,12,0.0014171323608498394
18,12,0.001405751535074785
19,12,0.0014000614445310211
20,12,0.0013805617345209297
21,12,0.0013746191902032079
22,12,0.0013758288580209069
23,12,0.001374827048529858
24,12,0.0013579745796968392
25,12,0.0013482495597875793
26,12,0.0013550168509855393
27,12,0.0013517937959243176
28,12,0.001332032235984674
29,12,0.0013335712065422377
30,12,0.0013352191270826535
31,12,0.0013343976288124804
32,12,0.0013305344498424842
33,12,0.001332348505168406
34,12,0.001328645390644905
35,12,0.001330179372786047
36,12,0.001329417347211757
37,12,0.0013223644606200646
38,12,0.001317945326244022
39,12,0.0013189889216122163
40,12,0.001324574692434552
41,12,0.0013264456929232263
42,12,0.001328534237969783
43,12,0.0013327951559130202
44,12,0.0013368051168824782
45,12,0.0013363493919711553
46,12,0.0013417112144699722
47,12,0.001343075670398233
48,12,0.0013480641701317697
49,12,0.0013449986601181375
50,12,0.0013461164248223317
51,12,0.001347117339321645
52,12,0.0013453944237995597
53,12,0.0013428125488958722
54,12,0.0013367120407279639
55,12,0.00134410301119561
56,12,0.0013387296971037455
57,12,0.0013409639486871175
58,12,0.0013467572920625647
59,12,0.0013465539659374948
60,12,0.0013514905102771924
61,12,0.0013535111019349155
62,12,0.001353161491623119
63,12,0.0013508266496968153
64,12,0.0013514986131480547
65,12,0.0013494953568178307
66,12,0.0013435806965394121
67,12,0.0013459451849777554
68,12,0.0013461289005366245
69,12,0.0013485441835513307
70,12,0.0013479335088154897
71,12,0.0013529214638820545
72,12,0.001352522095000257
73,12,0.0013532496816753253
74,12,0.0013581788664789008
75,12,0.0013583112713663578
76,12,0.0013622895017066454
77,12,0.001366035875109987
78,12,0.0013622419014585356
79,12,0.0013625111885213865
80,12,0.0013568847765824373
81,12,0.0013603087480424834
82,12,0.001357817829089999
83,12,0.0013555895536393687
84,12,0.0013531409074907855
85,12,0.001354501659470978
86,12,0.0013547728612340055
87,12,0.0013537480086139846
88,12,0.0013522303134248913
89,12,0.0013528551613880984
90,12,0.0013544224080162543
91,12,0.0013550738796898364
92,12,0.0013597003588975626
93,12,0.0013564286515511087
94,12,0.001358674167202642
95,12,0.001356369206011801
96,12,0.0013554409165771441
97,12,0.001354307446502253
98,12,0.001351290059634241
99,12,0.0013544695155528472
100,12,0.0013539329732404986
1,13,0.0028684017701290886
2,13,0.0021015665781774005
3,13,0.0019226165643516852
4,13,0.0017663239480635844
5,13,0.0016611361587095092
6,13,0.0016193455654401076
7,13,0.0016019218250613837
8,13,0.0015532921996035053
9,13,0.0015045484473998078
10,13,0.0014945613775335387
11,13,0.0014738425872967442
12,13,0.0014258412365127412
13,13,0.0014094713895869844
14,13,0.0013926110214217812
15,13,0.001378259018122607
16,13,0.0013881359698862917
17,13,0.001386178041417715
18,13,0.0013771998444772034
19,13,0.0013717388342489969
20,13,0.0013632005535496167
21,13,0.0013519646263489618
22,13,0.001354170950586429
23,13,0.0013533262679426344
24,13,0.0013323543886480987
25,13,0.0013257991760455945
26,13,0.0013334313974543899
27,13,0.0013357089774286856
28,13,0.0013143192370244066
29,13,0.0013191117053201159
30,13,0.0013222236235147379
31,13,0.0013197964882561408
32,13,0.0013173131326543238
33,13,0.001318717525547892
34,13,0.0013146776482935428
35,13,0.0013136267208863944
36,13,0.0013163841718920532
37,13,0.0013114618904989184
38,13,0.0013107026427704382
39,13,0.0013104451953692205
40,13,0.0013130120114196913
41,13,0.0013132705729393024
42,13,0.001315723829345368
43,13,0.0013196779611554072
44,13,0.0013233260610795966
45,13,0.0013223394637118784
46,13,0.001324074838774575
47,13,0.0013254963952424664
48,13,0.0013319274803652653
49,13,0.0013301396984003527
50,13,0.0013307690715118814
51,13,0.0013311635852463722
52,13,0.0013320746855027376
53,13,0.0013295129971386888
54,13,0.0013228222750075239
55,13,0.0013307843215278564
56,13,0.0013264363279901026
57,13,0.001328829433293645
58,13,0.001336008981018965
59,13,0.001336928293530687
60,13,0.0013428381730955586
61,13,0.001346879098241659
62,13,0.0013493028555999341
63,13,0.0013468016851082582
64,13,0.001347173094243963
65,13,0.001343910380902612
66,13,0.0013396242247295507
67,13,0.0013412321768911572
68,13,0.0013418806087122815
69,13,0.0013456598906995865
70,13,0.0013456107932908043
71,13,0.0013481499790072534
72,13,0.0013481151807605255
73,13,0.0013510767378196748
74,13,0.0013569932173621757
75,13,0.0013593408131609035
76,13,0.0013600980661435038
77,13,0.0013622611148868147
78,13,0.0013609832811194995
79,13,0.0013614701221044314
80,13,0.0013551633476546043
81,13,0.0013570487244399727
82,13,0.0013549128769378591
83,13,0.0013524858553921398
84,13,0.001350790404678784
85,13,0.0013521252348338987
86,13,0.0013528535341028269
87,13,0.0013523858093936153
88,13,0.0013503135614891717
89,13,0.001351368675828953
90,13,0.0013514659309429937
91,13,0.0013523408218502292
92,13,0.0013560845927572504
93,13,0.0013532650906136429
94,13,0.0013562428981299152
95,13,0.0013529925125093667
96,13,0.0013512847201112156
97,13,0.0013509467605083369
98,13,0.0013469127994551232
99,13,0.0013475948495919093
100,13,0.001346742355170171
1,14,0.0028736993646936095
2,14,0.002107300029698208
3,14,0.0019816046272156267
4,14,0.0018224581140298974
5,14,0.0016824308295308114
6,14,0.0016661741272570607
7,14,0.0016298354431156486
8,14,0.0015945110278168873
9,14,0.0015533301004192468
10,14,0.0015464387836320133
11,14,0.001536328574304565
12,14,0.001479684941474459
13,14,0.0014587728541613726
14,14,0.0014414051254045088
15,14,0.0014301178277720179
16,14,0.001431060270292378
17,14,0.0014270802290527723
18,14,0.0014145350652396773
19,14,0.0014038551579280256
20,14,0.001381918639924787
21,14,0.001365399858969955
22,14,0.0013698637234620572
23,14,0.0013691536162334927
24,14,0.0013552690341559087
25,14,0.0013473713428959002
26,14,0.001358159659182074
27,14,0.0013653421369437735
28,14,0.0013450357478790728
29,14,0.0013479623733500478
30,14,0.0013442924114144591
31,14,0.0013392198938031918
32,14,0.0013376121180100182
33,14,0.0013374386458427157
34,14,0.001334861797769629
35,14,0.0013335698677773649
36,14,0.001334511037429978
37,14,0.0013291453938192132
38,14,0.0013317035024924145
39,14,0.0013316551041202317
40,14,0.0013388232803608613
41,14,0.0013378454783232947
42,14,0.0013409278295788613
43,14,0.001345239305492457
44,14,0.0013453789525722287
45,14,0.0013481139227054801
46,14,0.0013521202832333912
47,14,0.0013518856722670237
48,14,0.001355198269083301
49,14,0.0013542541002964708
50,14,0.0013581068777492123
51,14,0.0013607495449325263
52,14,0.001357039545125245
53,14,0.0013534651147159035
54,14,0.0013437005360098188
55,14,0.001352828994616007
56,14,0.0013483861878126411
57,14,0.001350213584538139
58,14,0.001355449253117139
59,14,0.001353485385459159
60,14,0.0013595497449839077
61,14,0.001361445938991434
62,14,0.0013654970545936818
63,14,0.0013618560590420003
64,14,0.0013626796582788348
65,14,0.0013585682235543422
66,14,0.001350183536338932
67,14,0.0013517401690591785
68,14,0.0013519820209831378
69,14,0.001352064548185909
70,14,0.00135386279923762
71,14,0.0013578945622070777
72,14,0.001357803701918888
73,14,0.0013590244006395646
74,14,0.001363937780554987
75,14,0.0013644250726894214
76,14,0.0013652420928612014
77,14,0.001367786940867499
78,14,0.0013663354756798323
79,14,0.0013669259964541778
80,14,0.0013600532313768898
81,14,0.0013628805864920493
82,14,0.001359411814303032
83,14,0.0013558802276144796
84,14,0.0013533780752635976
85,14,0.001354520527205888
86,14,0.0013545370410511723
87,14,0.0013544148975804524
88,14,0.0013502644378276423
89,14,0.001349856338161748
90,14,0.0013506688275010772
91,14,0.0013514969427933844
92,14,0.001356415752415017
93,14,0.0013551749419667798
94,14,0.0013578520385112676
95,14,0.0013536691906926546
96,14,0.0013515516744910625
97,14,0.001353564593468471
98,14,0.0013511861532217995
99,14,0.001352888939209212
100,14,0.0013513623926458928
1,15,0.0029009998959015014
2,15,0.002132221976001375
3,15,0.002005763083405051
4,15,0.0018678233881407715
5,15,0.0016910794353864245
6,15,0.0016797142890758476
7,15,0.0016165680851942322
8,15,0.001573179621311564
9,15,0.0015177880296702694
10,15,0.0015144554536618451
11,15,0.001507272368180617
12,15,0.0014642062882367713
13,15,0.0014493093719301158
14,15,0.0014359134066915902
15,15,0.0014179853454688914
16,15,0.0014232303779308877
17,15,0.001417637432007938
18,15,0.0013990582925705291
19,15,0.0013922246177535203
20,15,0.0013766745194563653
21,15,0.001359782027617587
22,15,0.0013674644547164733
23,15,0.001367975054537575
24,15,0.001347597667827255
25,15,0.001334880512324175
26,15,0.001345517414991706
27,15,0.0013465780361700643
28,15,0.001326859748645067
29,15,0.001337074632733371
30,15,0.0013282768254666922
31,15,0.001325897289550705
32,15,0.0013264823604149584
33,15,0.0013301442830515916
34,15,0.0013255752910092933
35,15,0.0013219141891656716
36,15,0.0013255637184595031
37,15,0.0013201252512324033
38,15,0.0013187543182194227
39,15,0.0013193853838882872
40,15,0.0013268514399918593
41,15,0.0013255557905001338
42,15,0.0013289988081582492
43,15,0.001332141083017755
44,15,0.0013314981323928887
45,15,0.0013328423584407045
46,15,0.0013353900012217617
47,15,0.001337407067882601
48,15,0.0013376478374665212
49,15,0.0013378334109650752
50,15,0.0013412229239055907
51,15,0.0013419988912137081
52,15,0.0013401854123805215
53,15,0.0013411028647321891
54,15,0.0013328888279872334
55,15,0.0013405778502203576
56,15,0.001337678544382993
57,15,0.0013369635637080844
58,15,0.0013418811265344147
59,15,0.0013405977561965318
60,15,0.0013491065390857304
61,15,0.0013510653895039105
62,15,0.0013558452165901927
63,15,0.0013525357138794499
64,15,0.0013525730163703163
65,15,0.0013490035066741207
66,15,0.0013413414055079187
67,15,0.0013420533743915969
68,15,0.0013432054334203947
69,15,0.0013462672763215582
70,15,0.0013476043908763763
71,15,0.001352285912734221
72,15,0.0013526425613225796
73,15,0.0013523828110695302
74,15,0.0013585531732513043
75,15,0.0013603711412133574
76,15,0.00136147313477669
77,15,0.0013636539509868084
78,15,0.0013617166093898092
79,15,0.0013603549497807979
80,15,0.0013548010802601949
81,15,0.0013558187660022184
82,15,0.0013524469309452102
83,15,0.0013479176994757535
84,15,0.0013462293720334887
85,15,0.001346929607213117
86,15,0.001345615743961056
87,15,0.001345517625735142
88,15,0.0013445202584581645
89,15,0.001344527870842292
90,15,0.0013452498430772616
91,15,0.001345377447402772
92,15,0.0013506947543452915
93,15,0.0013498220622797973
94,15,0.0013515066175868596
95,15,0.0013481315826018763
96,15,0.001345966401763301
97,15,0.00134594996873007
98,15,0.001344461720942579
99,15,0.00134518327064993
100,15,0.001345438769268989
1,16,0.0030208862000000005
2,16,0.0020589669652777776
3,16,0.001998272150181646
4,16,0.001866883092340944
5,16,0.0017015969798231134
6,16,0.0016621819074839153
7,16,0.0016060736361757882
8,16,0.0015518361622088395
9,16,0.0015123093337415286
10,16,0.0015203506569325342
11,16,0.0015120531782092605
12,16,0.001459948188705553
13,16,0.0014377208537263509
14,16,0.001423654880438287
15,16,0.001405094647081956
16,16,0.0014076969967761748
17,16,0.001414656554669126
18,16,0.0014005834472529616
19,16,0.0013944849445147135
20,16,0.0013754607875237407
21,16,0.0013605727470460982
22,16,0.0013728598117764296
23,16,0.0013671607635697095
24,16,0.0013547709573093767
25,16,0.0013451259998062467
26,16,0.0013526812628324647
27,16,0.0013601560767676157
28,16,0.0013398327281337005
29,16,0.0013437336552386441
30,16,0.0013363075588280508
31,16,0.001334341394174165
32,16,0.0013338497468320498
33,16,0.0013375290780494994
34,16,0.0013287451610583584
35,16,0.0013274868445774502
36,16,0.001328870230857574
37,16,0.0013242273918415135
38,16,0.0013215411104796986
39,16,0.0013206804570180875
40,16,0.0013256984071184882
41,16,0.0013244753171939808
42,16,0.0013244493112724593
43,16,0.0013293099382837886
44,16,0.001328708895696402
45,16,0.0013297166171632425
46,16,0.0013349070239610287
47,16,0.0013346305655759453
48,16,0.001337954052002849
49,16,0.0013382047630108975
50,16,0.0013399267891185537
51,16,0.0013409007803102497
52,16,0.0013434151029923275
53,16,0.0013427153821392495
54,16,0.0013308635902153536
55,16,0.0013401881488885185
56,16,0.0013368060477409443
57,16,0.0013402992338443056
58,16,0.0013440851849331448
59,16,0.0013430407864789206
60,16,0.0013488669687351902
61,16,0.0013497600860792535
62,16,0.001352544021039726
63,16,0.0013487510518243847
64,16,0.0013496815891703518
65,16,0.0013472766663985302
66,16,0.001340824083601763
67,16,0.001343357669170746
68,16,0.0013457345779181256
69,16,0.0013481413690486748
70,16,0.001348294621025893
71,16,0.0013562740742129099
72,16,0.0013549399693113381
73,16,0.0013572164633794217
74,16,0.0013638420188893919
75,16,0.0013647962704953997
76,16,0.0013673827876484008
77,16,0.0013704864648844467
78,16,0.0013674693694106905
79,16,0.0013662454723595888
80,16,0.0013605029654953026
81,16,0.0013637329480265204
82,16,0.0013596488715622449
83,16,0.001356115726911637
84,16,0.0013542970185676851
85,16,0.0013534951871250883
86,16,0.0013520151232515381
87,16,0.0013527774128310592
88,16,0.0013528180377186951
89,16,0.0013532237533482039
90,16,0.0013536827605169289
91,16,0.001353666252827999
92,16,0.0013589213912385285
93,16,0.001356744869918623
94,16,0.001358602690127042
95,16,0.0013535282463141194
96,16,0.0013510909187308612
97,16,0.0013521440729836803
98,16,0.0013505316627475308
99,16,0.0013522277635393306
100,16,0.001351048535088224
1,17,0.003051603368055556
2,17,0.0021369241059027775
3,17,0.002014707801125904
4,17,0.0018453510581052759
5,17,0.0016833581165890859
6,17,0.001672139295700083
7,17,0.0016246054489323458
8,17,0.0015809112281143867
9,17,0.0015468182478130896
10,17,0.001559447044427848
11,17,0.0015440557474206053
12,17,0.0014942446028614164
13,17,0.0014699618481225927
14,17,0.0014494164671596352
15,17,0.0014376516225678127
16,17,0.0014376580953210122
17,17,0.0014359332261706563
18,17,0.0014149970177808517
19,17,0.0014109101006790287
20,17,0.0013921416060706305
21,17,0.001376456756975747
22,17,0.00138665170965178
23,17,0.0013795361101471518
24,17,0.0013676906996983671
25,17,0.0013593785683792359
26,17,0.0013634563834094497
27,17,0.0013627448527522674
28,17,0.0013413717741334792
29,17,0.001340670108546113
30,17,0.0013338920494603012
31,17,0.0013278868697876838
32,17,0.001325741981236055
33,17,0.0013276661966817017
34,17,0.0013216213621402245
35,17,0.001319192429130924
36,17,0.0013169388452021697
37,17,0.0013094472069634078
38,17,0.0013059425126894996
39,17,0.0013042657962503623
40,17,0.0013136852187702426
41,17,0.00131224770694339
42,17,0.0013139434379143007
43,17,0.0013172617648819066
44,17,0.0013178233049787721
45,17,0.0013195250585733066
46,17,0.001323238490217894
47,17,0.0013220309951884296
48,17,0.0013240590674816256
49,17,0.001323954855493955
50,17,0.0013257736472900412
51,17,0.0013275028734328171
52,17,0.0013245165999732306
53,17,0.001323894954593006
54,17,0.0013112401001241104
55,17,0.0013221282894083357
56,17,0.0013166090500019165
57,17,0.0013168811795652548
58,17,0.0013209417163861327
59,17,0.0013201500446673748
60,17,0.001329537979161579
61,17,0.001332002195829386
62,17,0.0013365998764963425
63,17,0.001333269235399166
64,17,0.001333447530869714
65,17,0.001330155823188243
66,17,0.0013230237847794847
67,17,0.00132341312268312
68,17,0.001323224440644165
69,17,0.0013263102932765947
70,17,0.0013263551603996998
71,17,0.0013329864422585921
72,17,0.0013339605841531082
73,17,0.001337377574498396
74,17,0.0013415975053158663
75,17,0.0013431107420819857
76,17,0.001344263426521402
77,17,0.001345602856046006
78,17,0.0013442596233668484
79,17,0.0013447904598613925
80,17,0.0013392269819334707
81,17,0.0013438260279910869
82,17,0.0013424290890486396
83,17,0.0013381215112024676
84,17,0.0013351854107873618
85,17,0.0013357193637760422
86,17,0.0013332014401021281
87,17,0.0013333624237087433
88,17,0.0013307754759199688
89,17,0.0013321685050550764
90,17,0.001332569382101054
91,17,0.0013331431797199134
92,17,0.0013392915832740894
93,17,0.0013372529793029165
94,17,0.0013390715369445655
95,17,0.0013348092751185787
96,17,0.0013328407576629203
97,17,0.0013341472232245278
98,17,0.0013327434288670345
99,17,0.0013336038684334307
100,17,0.0013326461640091158
1,18,0.0030018800000000006
2,18,0.002170183055555556
3,18,0.0020781287375331594
4,18,0.0018822366626133494
5,18,0.0016843310974058766
6,18,0.001683641081360391
7,18,0.0016121698416003537
8,18,0.0015760137699139434
9,18,0.001541345405041375
10,18,0.0015407373583916344
11,18,0.0015180300399523666
12,18,0.0014690038829888747
13,18,0.0014460268947821208
14,18,0.0014301955111294521
15,18,0.0014177882852994092
16,18,0.0014266494593526962
17,18,0.0014270545647356182
18,18,0.0014084261542108905
19,18,0.0014047788203825472
20,18,0.001384175745018589
21,18,0.0013614461357143038
22,18,0.0013750103655097478
23,18,0.0013738310212626146
24,18,0.0013606011566449797
25,18,0.0013506140601754995
26,18,0.0013578730939576647
27,18,0.001360262602190695
28,18,0.0013372049356621327
29,18,0.001341678550584592
30,18,0.0013368985860819644
31,18,0.001332223908407816
32,18,0.0013300735975676624
33,18,0.0013297595166779919
34,18,0.0013218097380203525
35,18,0.0013177432084082131
36,18,0.0013192637375660321
37,18,0.0013099870666547734
38,18,0.001312276396767032
39,18,0.0013120201802872932
40,18,0.0013173871504111214
41,18,0.0013156658972938357
42,18,0.0013174295098730404
43,18,0.001323124139920798
44,18,0.0013177543600824437
45,18,0.0013170379199754047
46,18,0.0013191295051308378
47,18,0.001319015419247406
48,18,0.0013228680201754339
49,18,0.0013220869068209708
50,18,0.0013232096252863204
51,18,0.0013268706890462334
52,18,0.00132533324401221
53,18,0.0013208312053056806
54,18,0.0013117674055082068
55,18,0.0013245495861628825
56,18,0.0013181530159881332
57,18,0.001319874890960397
58,18,0.0013241537192441705
59,18,0.0013245749605599294
60,18,0.0013285833121516799
61,18,0.0013317256881689116
62,18,0.001335985210233121
63,18,0.0013320298835852512
64,18,0.001333344613001265
65,18,0.001328460993559663
66,18,0.001323371103691083
67,18,0.0013245388642614535
68,18,0.0013255621961847544
69,18,0.0013306750153694136
70,18,0.001331632129373092
71,18,0.0013370667391591027
72,18,0.0013361000583493705
73,18,0.0013371556795303539
74,18,0.0013417405565636952
75,18,0.0013401741879627133
76,18,0.0013433501360192136
77,18,0.0013464345589473863
78,18,0.0013458987344684105
79,18,0.0013461035749647795
80,18,0.0013408264533264986
81,18,0.0013443789914863644
82,18,0.0013424079093897778
83,18,0.0013376369381698423
84,18,0.0013358392335015956
85,18,0.0013367190632873345
86,18,0.0013349341952828254
87,18,0.001335162813143717
88,18,0.0013342102113595967
89,18,0.0013348795217307948
90,18,0.0013343973982178736
91,18,0.0013353839999482137
92,18,0.0013412764946524446
93,18,0.00133909097085345
94,18,0.0013419562011216966
95,18,0.0013382958574589543
96,18,0.0013372006882862346
97,18,0.0013380185330750063
98,18,0.0013357578642821
99,18,0.001338153012036583
100,18,0.0013358306892827599
1,19,0.0029282150000000005
2,19,0.002141756535493827
3,19,0.0020460750162894377
4,19,0.0018742085855516974
5,19,0.0017133058058641975
6,19,0.0016771306610585332
7,19,0.001617844910799448
8,19,0.0016018261078963036
9,19,0.0015565734286964324
10,19,0.0015550195058495525
11,19,0.0015411099665551997
12,19,0.0014833048056822824
13,19,0.001460669660071171
14,19,0.0014431009834891002
15,19,0.001429051775039762
16,19,0.001440613350344499
17,19,0.0014298492629120079
18,19,0.0014161528112974259
19,19,0.0014070425544270102
20,19,0.0013861204304935018
21,19,0.0013692719175201894
22,19,0.0013835668001243378
23,19,0.0013796683539258874
24,19,0.0013663028275498913
25,19,0.0013558519102655627
26,19,0.0013640874412307663
27,19,0.001360854859983211
28,19,0.0013404357821396548
29,19,0.0013417155223243544
30,19,0.0013356183665468283
31,19,0.0013276715153155544
32,19,0.0013304487043379616
33,19,0.001333211706285306
34,19,0.0013274388793481878
35,19,0.0013263545605857747
36,19,0.0013274596305653838
37,19,0.0013180987600271354
38,19,0.001318910171097219
39,19,0.0013170370090929645
40,19,0.001321181374353565
41,19,0.0013196318357383396
42,19,0.0013234517067047353
43,19,0.0013289734021744073
44,19,0.001328202531873412
45,19,0.0013272336694318265
46,19,0.001331503454862132
47,19,0.0013303089264613066
48,19,0.0013312461179053644
49,19,0.0013312017442932162
50,19,0.0013304283499259591
51,19,0.0013355088968720853
52,19,0.0013321124768819082
53,19,0.0013283838299881735
54,19,0.0013168580137003338
55,19,0.0013260096964514733
56,19,0.001320102949503507
57,19,0.0013210061023027414
58,19,0.0013228095869038403
59,19,0.001323541384276794
60,19,0.0013316347680479461
61,19,0.0013351252924605215
62,19,0.0013398536563165992
63,19,0.001336317954808576
64,19,0.0013369214734999164
65,19,0.0013306419961281297
66,19,0.0013259860621721003
67,19,0.0013269751582223976
68,19,0.001328596816020338
69,19,0.0013303239572568656
70,19,0.0013306340049689374
71,19,0.0013371283669471113
72,19,0.0013386680706526965
73,19,0.001340880668435755
74,19,0.0013442984209877567
75,19,0.001342564073954646
76,19,0.0013445236418158975
77,19,0.0013465162023232403
78,19,0.0013454908079883886
79,19,0.0013458094003137744
80,19,0.0013402395446201316
81,19,0.0013458189045846359
82,19,0.0013439668890914283
83,19,0.0013413363564530384
84,19,0.0013397159166803224
85,19,0.0013400450596228457
86,19,0.0013372350221460987
87,19,0.001337538565834541
88,19,0.0013379316878397909
89,19,0.0013391213947917795
90,19,0.001338581988227208
91,19,0.0013386137215310467
92,19,0.0013439469684966387
93,19,0.0013404329630918466
94,19,0.0013420294525707073
95,19,0.0013389597741701503
96,19,0.0013372103597420251
97,19,0.0013367224975664432
98,19,0.0013352864543150545
99,19,0.001337063053829266
100,19,0.0013367306318533309
1,20,0.0029282150000000005
2,20,0.0021281801562500003
3,20,0.002069295247569444
4,20,0.001890151858007812
5,20,0.0017349198391249999
6,20,0.0017038824222318672
7,20,0.0016425542778982425
8,20,0.001614155272661675
9,20,0.0015757234166709532
10,20,0.0015708561302812498
11,20,0.0015547339590184003
12,20,0.0014899308580124146
13,20,0.001472700055027395
14,20,0.0014541796491097199
15,20,0.0014509527336113261
16,20,0.0014567116734207262
17,20,0.001451416783886635
18,20,0.001435150725899664
19,20,0.001424487984458718
20,20,0.0014001369885055883
21,20,0.0013771191604530356
22,20,0.0013878760859524222
23,20,0.001383324937144898
24,20,0.0013695816224991559
25,20,0.0013598704269375491
26,20,0.001367325044823537
27,20,0.0013676309247303532
28,20,0.0013440176288506626
29,20,0.00134811211805546
30,20,0.0013445958450528871
31,20,0.00133863602011425
32,20,0.0013380686935617065
33,20,0.001341012895665268
34,20,0.0013325651263703623
35,20,0.001333668756010337
36,20,0.001332005146937051
37,20,0.0013232999434892548
38,20,0.001323828924220518
39,20,0.0013209446231768102
40,20,0.0013249916968763448
41,20,0.0013228303140066554
42,20,0.001321473310178356
43,20,0.001327064147737903
44,20,0.0013259531970535993
45,20,0.001326177307438467
46,20,0.001330942290350065
47,20,0.0013325123564578
48,20,0.0013373473455428136
49,20,0.0013368878247835793
50,20,0.0013388780832779635
51,20,0.001340763604571119
52,20,0.0013373280744690137
53,20,0.0013325377740969694
54,20,0.0013219100805863698
55,20,0.0013315312171352082
56,20,0.0013258433616239835
57,20,0.0013270296380402235
58,20,0.001328653846867709
59,20,0.0013285226057464796
60,20,0.0013364174351693848
61,20,0.001340341384632095
62,20,0.0013452809132004884
63,20,0.0013417230773962797
64,20,0.0013408513845681836
65,20,0.0013364561887070662
66,20,0.0013315898806978233
67,20,0.0013345300518524097
68,20,0.0013353957079119076
69,20,0.001337571706412547
70,20,0.0013389739887898083
71,20,0.00134388304059721
72,20,0.001344714850494637
73,20,0.0013465074589659347
74,20,0.0013509338907956333
75,20,0.0013507141526895377
76,20,0.001353359289261963
77,20,0.0013538793585021799
78,20,0.0013523067555122387
79,20,0.0013523098589394787
80,20,0.0013466230503281224
81,20,0.0013522179854713286
82,20,0.0013489936247887831
83,20,0.001344717206651096
84,20,0.0013416625633576804
85,20,0.0013417753659195533
86,20,0.0013402158443619454
87,20,0.0013407204431390032
88,20,0.0013390695697788342
89,20,0.0013413325610346243
90,20,0.0013409926739402095
91,20,0.0013410685085027962
92,20,0.0013470471583870353
93,20,0.0013432653081704665
94,20,0.0013458694312329855
95,20,0.0013439671586813523
96,20,0.0013429015274988617
97,20,0.001342207033927612
98,20,0.0013406134435471951
99,20,0.001340248273947492
100,20,0.0013376253424089877
